method,seed,generation,samples,fitness,best_so_far
ga,0,0,2000,-4.302000045776367,-4.302000045776367
ga,0,1,4000,-4.302000045776367,-4.302000045776367
ga,0,2,6000,-4.302000045776367,-4.302000045776367
ga,0,3,8000,-4.302000045776367,-4.302000045776367
ga,0,4,10000,-4.302000045776367,-4.302000045776367
ga,0,5,12000,-4.302000045776367,-4.302000045776367
ga,0,6,14000,-4.302000045776367,-4.302000045776367
ga,0,7,16000,-4.302000045776367,-4.302000045776367
ga,0,8,18000,-3.3510000705718994,-3.3510000705718994
ga,0,9,20000,-3.3510000705718994,-3.3510000705718994
ga,0,10,22000,-3.3510000705718994,-3.3510000705718994
ga,0,11,24000,-3.3510000705718994,-3.3510000705718994
ga,0,12,26000,-3.3510000705718994,-3.3510000705718994
ga,0,13,28000,-3.3510000705718994,-3.3510000705718994
ga,0,14,30000,-3.3510000705718994,-3.3510000705718994
ga,0,15,32000,-2.6029999256134033,-2.6029999256134033
ga,0,16,34000,-2.6029999256134033,-2.6029999256134033
ga,0,17,36000,-2.6029999256134033,-2.6029999256134033
ga,0,18,38000,-2.002000093460083,-2.002000093460083
ga,0,19,40000,-2.002000093460083,-2.002000093460083
ga,0,20,42000,-2.002000093460083,-2.002000093460083
ga,0,21,44000,-2.002000093460083,-2.002000093460083
ga,0,22,46000,-2.002000093460083,-2.002000093460083
ga,0,23,48000,-2.002000093460083,-2.002000093460083
ga,0,24,50000,-2.002000093460083,-2.002000093460083
ga,0,25,52000,-1.9509999752044678,-1.9509999752044678
ga,0,26,54000,-1.9509999752044678,-1.9509999752044678
ga,0,27,56000,-1.9509999752044678,-1.9509999752044678
ga,0,28,58000,-1.9509999752044678,-1.9509999752044678
ga,0,29,60000,-1.9509999752044678,-1.9509999752044678
ga,0,30,62000,-1.5019999742507935,-1.5019999742507935
ga,0,31,64000,-1.5019999742507935,-1.5019999742507935
ga,0,32,66000,-1.5019999742507935,-1.5019999742507935
ga,0,33,68000,-1.5019999742507935,-1.5019999742507935
ga,0,34,70000,-1.5019999742507935,-1.5019999742507935
ga,0,35,72000,-1.5019999742507935,-1.5019999742507935
ga,0,36,74000,-1.5019999742507935,-1.5019999742507935
ga,0,37,76000,-1.5019999742507935,-1.5019999742507935
ga,0,38,78000,-1.4010000228881836,-1.4010000228881836
ga,0,39,80000,-1.3009999990463257,-1.3009999990463257
ga,0,40,82000,-1.3009999990463257,-1.3009999990463257
ga,0,41,84000,-1.3009999990463257,-1.3009999990463257
ga,0,42,86000,-1.3009999990463257,-1.3009999990463257
ga,0,43,88000,-1.3009999990463257,-1.3009999990463257
ga,0,44,90000,-1.2009999752044678,-1.2009999752044678
ga,0,45,92000,-1.2009999752044678,-1.2009999752044678
ga,0,46,94000,-1.2009999752044678,-1.2009999752044678
ga,0,47,96000,-1.003000020980835,-1.003000020980835
ga,0,48,98000,-1.003000020980835,-1.003000020980835
ga,0,49,100000,-1.0019999742507935,-1.0019999742507935
ga,0,50,102000,-1.0019999742507935,-1.0019999742507935
ga,0,51,104000,-1.0019999742507935,-1.0019999742507935
ga,0,52,106000,-1.0019999742507935,-1.0019999742507935
ga,0,53,108000,-1.0019999742507935,-1.0019999742507935
ga,0,54,110000,-1.0019999742507935,-1.0019999742507935
ga,0,55,112000,-1.0019999742507935,-1.0019999742507935
ga,0,56,114000,-0.5009999871253967,-0.5009999871253967
ga,0,57,116000,-0.5009999871253967,-0.5009999871253967
ga,0,58,118000,-0.5009999871253967,-0.5009999871253967
ga,0,59,120000,-0.5009999871253967,-0.5009999871253967
ga,0,60,122000,-0.5009999871253967,-0.5009999871253967
ga,0,61,124000,-0.5009999871253967,-0.5009999871253967
ga,0,62,126000,-0.5009999871253967,-0.5009999871253967
ga,0,63,128000,-0.5009999871253967,-0.5009999871253967
ga,0,64,130000,-0.5009999871253967,-0.5009999871253967
ga,0,65,132000,-0.5009999871253967,-0.5009999871253967
ga,0,66,134000,-0.5009999871253967,-0.5009999871253967
ga,0,67,136000,-0.5009999871253967,-0.5009999871253967
ga,0,68,138000,-0.5009999871253967,-0.5009999871253967
ga,0,69,140000,-0.5009999871253967,-0.5009999871253967
ga,0,70,142000,-0.5009999871253967,-0.5009999871253967
ga,0,71,144000,-0.5009999871253967,-0.5009999871253967
ga,0,72,146000,-0.5009999871253967,-0.5009999871253967
ga,0,73,148000,-0.5009999871253967,-0.5009999871253967
ga,0,74,150000,-0.5009999871253967,-0.5009999871253967
ga,0,75,152000,-0.5009999871253967,-0.5009999871253967
ga,0,76,154000,-0.5009999871253967,-0.5009999871253967
ga,0,77,156000,-0.5009999871253967,-0.5009999871253967
ga,0,78,158000,-0.5009999871253967,-0.5009999871253967
ga,0,79,160000,-0.5009999871253967,-0.5009999871253967
ga,0,80,162000,-0.5009999871253967,-0.5009999871253967
ga,0,81,164000,-0.5009999871253967,-0.5009999871253967
ga,0,82,166000,-0.5009999871253967,-0.5009999871253967
ga,0,83,168000,-0.5009999871253967,-0.5009999871253967
ga,0,84,170000,-0.5009999871253967,-0.5009999871253967
ga,0,85,172000,-0.5009999871253967,-0.5009999871253967
ga,0,86,174000,-0.5009999871253967,-0.5009999871253967
ga,0,87,176000,-0.5009999871253967,-0.5009999871253967
ga,0,88,178000,-0.5009999871253967,-0.5009999871253967
ga,0,89,180000,-0.5009999871253967,-0.5009999871253967
ga,0,90,182000,-0.5009999871253967,-0.5009999871253967
ga,0,91,184000,-0.5009999871253967,-0.5009999871253967
ga,0,92,186000,-0.5009999871253967,-0.5009999871253967
ga,0,93,188000,-0.5009999871253967,-0.5009999871253967
ga,0,94,190000,-0.5009999871253967,-0.5009999871253967
ga,0,95,192000,-0.5009999871253967,-0.5009999871253967
ga,0,96,194000,-0.5009999871253967,-0.5009999871253967
ga,0,97,196000,-0.5009999871253967,-0.5009999871253967
ga,0,98,198000,-0.5009999871253967,-0.5009999871253967
ga,0,99,200000,-0.5009999871253967,-0.5009999871253967
ga,1,0,2000,-7.303999900817871,-7.303999900817871
ga,1,1,4000,-7.105000019073486,-7.105000019073486
ga,1,2,6000,-7.105000019073486,-7.105000019073486
ga,1,3,8000,-6.504000186920166,-6.504000186920166
ga,1,4,10000,-6.4019999504089355,-6.4019999504089355
ga,1,5,12000,-5.453000068664551,-5.453000068664551
ga,1,6,14000,-5.453000068664551,-5.453000068664551
ga,1,7,16000,-5.453000068664551,-5.453000068664551
ga,1,8,18000,-5.4039998054504395,-5.4039998054504395
ga,1,9,20000,-5.10099983215332,-5.10099983215332
ga,1,10,22000,-5.10099983215332,-5.10099983215332
ga,1,11,24000,-4.953000068664551,-4.953000068664551
ga,1,12,26000,-4.502999782562256,-4.502999782562256
ga,1,13,28000,-4.502999782562256,-4.502999782562256
ga,1,14,30000,-4.502999782562256,-4.502999782562256
ga,1,15,32000,-4.502999782562256,-4.502999782562256
ga,1,16,34000,-4.502999782562256,-4.502999782562256
ga,1,17,36000,-3.7009999752044678,-3.7009999752044678
ga,1,18,38000,-3.7009999752044678,-3.7009999752044678
ga,1,19,40000,-2.3529999256134033,-2.3529999256134033
ga,1,20,42000,-2.3529999256134033,-2.3529999256134033
ga,1,21,44000,-2.3529999256134033,-2.3529999256134033
ga,1,22,46000,-1.9019999504089355,-1.9019999504089355
ga,1,23,48000,-1.9019999504089355,-1.9019999504089355
ga,1,24,50000,-1.9019999504089355,-1.9019999504089355
ga,1,25,52000,-1.9019999504089355,-1.9019999504089355
ga,1,26,54000,-1.9019999504089355,-1.9019999504089355
ga,1,27,56000,-1.9019999504089355,-1.9019999504089355
ga,1,28,58000,-1.8009999990463257,-1.8009999990463257
ga,1,29,60000,-1.8009999990463257,-1.8009999990463257
ga,1,30,62000,-1.8009999990463257,-1.8009999990463257
ga,1,31,64000,-1.8009999990463257,-1.8009999990463257
ga,1,32,66000,-1.8009999990463257,-1.8009999990463257
ga,1,33,68000,-1.8009999990463257,-1.8009999990463257
ga,1,34,70000,-1.8009999990463257,-1.8009999990463257
ga,1,35,72000,-1.8009999990463257,-1.8009999990463257
ga,1,36,74000,-1.0010000467300415,-1.0010000467300415
ga,1,37,76000,-1.0010000467300415,-1.0010000467300415
ga,1,38,78000,-1.0010000467300415,-1.0010000467300415
ga,1,39,80000,-1.0010000467300415,-1.0010000467300415
ga,1,40,82000,-1.0010000467300415,-1.0010000467300415
ga,1,41,84000,-1.0010000467300415,-1.0010000467300415
ga,1,42,86000,-1.0010000467300415,-1.0010000467300415
ga,1,43,88000,-1.0010000467300415,-1.0010000467300415
ga,1,44,90000,-1.0010000467300415,-1.0010000467300415
ga,1,45,92000,-1.0010000467300415,-1.0010000467300415
ga,1,46,94000,-1.0010000467300415,-1.0010000467300415
ga,1,47,96000,-1.0010000467300415,-1.0010000467300415
ga,1,48,98000,-0.7009999752044678,-0.7009999752044678
ga,1,49,100000,-0.7009999752044678,-0.7009999752044678
ga,1,50,102000,-0.7009999752044678,-0.7009999752044678
ga,1,51,104000,-0.7009999752044678,-0.7009999752044678
ga,1,52,106000,-0.7009999752044678,-0.7009999752044678
ga,1,53,108000,-0.7009999752044678,-0.7009999752044678
ga,1,54,110000,-0.7009999752044678,-0.7009999752044678
ga,1,55,112000,-0.7009999752044678,-0.7009999752044678
ga,1,56,114000,-0.7009999752044678,-0.7009999752044678
ga,1,57,116000,-0.6510000228881836,-0.6510000228881836
ga,1,58,118000,-0.6510000228881836,-0.6510000228881836
ga,1,59,120000,-0.6510000228881836,-0.6510000228881836
ga,1,60,122000,-0.6510000228881836,-0.6510000228881836
ga,1,61,124000,-0.6510000228881836,-0.6510000228881836
ga,1,62,126000,-0.6510000228881836,-0.6510000228881836
ga,1,63,128000,-0.6510000228881836,-0.6510000228881836
ga,1,64,130000,-0.6510000228881836,-0.6510000228881836
ga,1,65,132000,-0.6510000228881836,-0.6510000228881836
ga,1,66,134000,-0.6510000228881836,-0.6510000228881836
ga,1,67,136000,-0.6510000228881836,-0.6510000228881836
ga,1,68,138000,-0.6510000228881836,-0.6510000228881836
ga,1,69,140000,-0.6510000228881836,-0.6510000228881836
ga,1,70,142000,-0.5009999871253967,-0.5009999871253967
ga,1,71,144000,-0.5009999871253967,-0.5009999871253967
ga,1,72,146000,-0.5009999871253967,-0.5009999871253967
ga,1,73,148000,-0.5009999871253967,-0.5009999871253967
ga,1,74,150000,-0.0010000000474974513,-0.0010000000474974513
ga,1,75,152000,-0.0010000000474974513,-0.0010000000474974513
ga,1,76,154000,-0.0010000000474974513,-0.0010000000474974513
ga,1,77,156000,-0.0010000000474974513,-0.0010000000474974513
ga,1,78,158000,-0.0010000000474974513,-0.0010000000474974513
ga,1,79,160000,-0.0010000000474974513,-0.0010000000474974513
ga,1,80,162000,-0.0010000000474974513,-0.0010000000474974513
ga,1,81,164000,-0.0010000000474974513,-0.0010000000474974513
ga,1,82,166000,-0.0010000000474974513,-0.0010000000474974513
ga,1,83,168000,-0.0010000000474974513,-0.0010000000474974513
ga,1,84,170000,-0.0010000000474974513,-0.0010000000474974513
ga,1,85,172000,-0.0010000000474974513,-0.0010000000474974513
ga,1,86,174000,-0.0010000000474974513,-0.0010000000474974513
ga,1,87,176000,-0.0010000000474974513,-0.0010000000474974513
ga,1,88,178000,-0.0010000000474974513,-0.0010000000474974513
ga,1,89,180000,-0.0010000000474974513,-0.0010000000474974513
ga,1,90,182000,-0.0010000000474974513,-0.0010000000474974513
ga,1,91,184000,-0.0010000000474974513,-0.0010000000474974513
ga,1,92,186000,-0.0010000000474974513,-0.0010000000474974513
ga,1,93,188000,-0.0010000000474974513,-0.0010000000474974513
ga,1,94,190000,-0.0010000000474974513,-0.0010000000474974513
ga,1,95,192000,-0.0010000000474974513,-0.0010000000474974513
ga,1,96,194000,-0.0010000000474974513,-0.0010000000474974513
ga,1,97,196000,-0.0010000000474974513,-0.0010000000474974513
ga,1,98,198000,-0.0010000000474974513,-0.0010000000474974513
ga,1,99,200000,-0.0010000000474974513,-0.0010000000474974513
ga,2,0,2000,-6.501999855041504,-6.501999855041504
ga,2,1,4000,-6.501999855041504,-6.501999855041504
ga,2,2,6000,-4.501999855041504,-4.501999855041504
ga,2,3,8000,-4.501999855041504,-4.501999855041504
ga,2,4,10000,-0.6510000228881836,-0.6510000228881836
ga,2,5,12000,-0.6510000228881836,-0.6510000228881836
ga,2,6,14000,-0.6510000228881836,-0.6510000228881836
ga,2,7,16000,-0.6510000228881836,-0.6510000228881836
ga,2,8,18000,-0.6510000228881836,-0.6510000228881836
ga,2,9,20000,-0.6510000228881836,-0.6510000228881836
ga,2,10,22000,-0.6510000228881836,-0.6510000228881836
ga,2,11,24000,-0.6510000228881836,-0.6510000228881836
ga,2,12,26000,-0.6510000228881836,-0.6510000228881836
ga,2,13,28000,-0.6510000228881836,-0.6510000228881836
ga,2,14,30000,-0.6510000228881836,-0.6510000228881836
ga,2,15,32000,-0.6510000228881836,-0.6510000228881836
ga,2,16,34000,-0.6510000228881836,-0.6510000228881836
ga,2,17,36000,-0.6510000228881836,-0.6510000228881836
ga,2,18,38000,-0.6510000228881836,-0.6510000228881836
ga,2,19,40000,-0.0020000000949949026,-0.0020000000949949026
ga,2,20,42000,-0.0020000000949949026,-0.0020000000949949026
ga,2,21,44000,-0.0020000000949949026,-0.0020000000949949026
ga,2,22,46000,-0.0020000000949949026,-0.0020000000949949026
ga,2,23,48000,-0.0020000000949949026,-0.0020000000949949026
ga,2,24,50000,-0.0020000000949949026,-0.0020000000949949026
ga,2,25,52000,-0.0020000000949949026,-0.0020000000949949026
ga,2,26,54000,-0.0020000000949949026,-0.0020000000949949026
ga,2,27,56000,-0.0020000000949949026,-0.0020000000949949026
ga,2,28,58000,-0.0020000000949949026,-0.0020000000949949026
ga,2,29,60000,-0.0010000000474974513,-0.0010000000474974513
ga,2,30,62000,-0.0010000000474974513,-0.0010000000474974513
ga,2,31,64000,-0.0010000000474974513,-0.0010000000474974513
ga,2,32,66000,-0.0010000000474974513,-0.0010000000474974513
ga,2,33,68000,-0.0010000000474974513,-0.0010000000474974513
ga,2,34,70000,-0.0010000000474974513,-0.0010000000474974513
ga,2,35,72000,-0.0010000000474974513,-0.0010000000474974513
ga,2,36,74000,-0.0010000000474974513,-0.0010000000474974513
ga,2,37,76000,-0.0010000000474974513,-0.0010000000474974513
ga,2,38,78000,-0.0010000000474974513,-0.0010000000474974513
ga,2,39,80000,-0.0010000000474974513,-0.0010000000474974513
ga,2,40,82000,-0.0010000000474974513,-0.0010000000474974513
ga,2,41,84000,-0.0010000000474974513,-0.0010000000474974513
ga,2,42,86000,-0.0010000000474974513,-0.0010000000474974513
ga,2,43,88000,-0.0010000000474974513,-0.0010000000474974513
ga,2,44,90000,-0.0010000000474974513,-0.0010000000474974513
ga,2,45,92000,-0.0010000000474974513,-0.0010000000474974513
ga,2,46,94000,-0.0010000000474974513,-0.0010000000474974513
ga,2,47,96000,-0.0010000000474974513,-0.0010000000474974513
ga,2,48,98000,-0.0010000000474974513,-0.0010000000474974513
ga,2,49,100000,-0.0010000000474974513,-0.0010000000474974513
ga,2,50,102000,-0.0010000000474974513,-0.0010000000474974513
ga,2,51,104000,-0.0010000000474974513,-0.0010000000474974513
ga,2,52,106000,-0.0010000000474974513,-0.0010000000474974513
ga,2,53,108000,-0.0010000000474974513,-0.0010000000474974513
ga,2,54,110000,-0.0010000000474974513,-0.0010000000474974513
ga,2,55,112000,-0.0010000000474974513,-0.0010000000474974513
ga,2,56,114000,-0.0010000000474974513,-0.0010000000474974513
ga,2,57,116000,-0.0010000000474974513,-0.0010000000474974513
ga,2,58,118000,-0.0010000000474974513,-0.0010000000474974513
ga,2,59,120000,-0.0010000000474974513,-0.0010000000474974513
ga,2,60,122000,-0.0010000000474974513,-0.0010000000474974513
ga,2,61,124000,-0.0010000000474974513,-0.0010000000474974513
ga,2,62,126000,-0.0010000000474974513,-0.0010000000474974513
ga,2,63,128000,-0.0010000000474974513,-0.0010000000474974513
ga,2,64,130000,-0.0010000000474974513,-0.0010000000474974513
ga,2,65,132000,-0.0010000000474974513,-0.0010000000474974513
ga,2,66,134000,-0.0010000000474974513,-0.0010000000474974513
ga,2,67,136000,-0.0010000000474974513,-0.0010000000474974513
ga,2,68,138000,-0.0010000000474974513,-0.0010000000474974513
ga,2,69,140000,-0.0010000000474974513,-0.0010000000474974513
ga,2,70,142000,-0.0010000000474974513,-0.0010000000474974513
ga,2,71,144000,-0.0010000000474974513,-0.0010000000474974513
ga,2,72,146000,-0.0010000000474974513,-0.0010000000474974513
ga,2,73,148000,-0.0010000000474974513,-0.0010000000474974513
ga,2,74,150000,-0.0010000000474974513,-0.0010000000474974513
ga,2,75,152000,-0.0010000000474974513,-0.0010000000474974513
ga,2,76,154000,-0.0010000000474974513,-0.0010000000474974513
ga,2,77,156000,-0.0010000000474974513,-0.0010000000474974513
ga,2,78,158000,-0.0010000000474974513,-0.0010000000474974513
ga,2,79,160000,-0.0010000000474974513,-0.0010000000474974513
ga,2,80,162000,-0.0010000000474974513,-0.0010000000474974513
ga,2,81,164000,-0.0010000000474974513,-0.0010000000474974513
ga,2,82,166000,-0.0010000000474974513,-0.0010000000474974513
ga,2,83,168000,-0.0010000000474974513,-0.0010000000474974513
ga,2,84,170000,-0.0010000000474974513,-0.0010000000474974513
ga,2,85,172000,-0.0010000000474974513,-0.0010000000474974513
ga,2,86,174000,-0.0010000000474974513,-0.0010000000474974513
ga,2,87,176000,-0.0010000000474974513,-0.0010000000474974513
ga,2,88,178000,-0.0010000000474974513,-0.0010000000474974513
ga,2,89,180000,-0.0010000000474974513,-0.0010000000474974513
ga,2,90,182000,-0.0010000000474974513,-0.0010000000474974513
ga,2,91,184000,-0.0010000000474974513,-0.0010000000474974513
ga,2,92,186000,-0.0010000000474974513,-0.0010000000474974513
ga,2,93,188000,-0.0010000000474974513,-0.0010000000474974513
ga,2,94,190000,-0.0010000000474974513,-0.0010000000474974513
ga,2,95,192000,-0.0010000000474974513,-0.0010000000474974513
ga,2,96,194000,-0.0010000000474974513,-0.0010000000474974513
ga,2,97,196000,-0.0010000000474974513,-0.0010000000474974513
ga,2,98,198000,-0.0010000000474974513,-0.0010000000474974513
ga,2,99,200000,-0.0010000000474974513,-0.0010000000474974513
ga,3,0,2000,-4.802999973297119,-4.802999973297119
ga,3,1,4000,-4.802999973297119,-4.802999973297119
ga,3,2,6000,-1.5010000467300415,-1.5010000467300415
ga,3,3,8000,-1.5010000467300415,-1.5010000467300415
ga,3,4,10000,-1.3509999513626099,-1.3509999513626099
ga,3,5,12000,-1.3509999513626099,-1.3509999513626099
ga,3,6,14000,-1.3509999513626099,-1.3509999513626099
ga,3,7,16000,-1.3509999513626099,-1.3509999513626099
ga,3,8,18000,-1.3509999513626099,-1.3509999513626099
ga,3,9,20000,-1.3509999513626099,-1.3509999513626099
ga,3,10,22000,-1.3509999513626099,-1.3509999513626099
ga,3,11,24000,-1.3509999513626099,-1.3509999513626099
ga,3,12,26000,-1.3509999513626099,-1.3509999513626099
ga,3,13,28000,-1.3509999513626099,-1.3509999513626099
ga,3,14,30000,-1.3509999513626099,-1.3509999513626099
ga,3,15,32000,-1.0010000467300415,-1.0010000467300415
ga,3,16,34000,-1.0010000467300415,-1.0010000467300415
ga,3,17,36000,-1.0010000467300415,-1.0010000467300415
ga,3,18,38000,-0.5019999742507935,-0.5019999742507935
ga,3,19,40000,-0.0020000000949949026,-0.0020000000949949026
ga,3,20,42000,-0.0010000000474974513,-0.0010000000474974513
ga,3,21,44000,-0.0010000000474974513,-0.0010000000474974513
ga,3,22,46000,-0.0010000000474974513,-0.0010000000474974513
ga,3,23,48000,-0.0010000000474974513,-0.0010000000474974513
ga,3,24,50000,-0.0010000000474974513,-0.0010000000474974513
ga,3,25,52000,-0.0010000000474974513,-0.0010000000474974513
ga,3,26,54000,-0.0010000000474974513,-0.0010000000474974513
ga,3,27,56000,-0.0010000000474974513,-0.0010000000474974513
ga,3,28,58000,-0.0010000000474974513,-0.0010000000474974513
ga,3,29,60000,-0.0010000000474974513,-0.0010000000474974513
ga,3,30,62000,-0.0010000000474974513,-0.0010000000474974513
ga,3,31,64000,-0.0010000000474974513,-0.0010000000474974513
ga,3,32,66000,-0.0010000000474974513,-0.0010000000474974513
ga,3,33,68000,-0.0010000000474974513,-0.0010000000474974513
ga,3,34,70000,-0.0010000000474974513,-0.0010000000474974513
ga,3,35,72000,-0.0010000000474974513,-0.0010000000474974513
ga,3,36,74000,-0.0010000000474974513,-0.0010000000474974513
ga,3,37,76000,-0.0010000000474974513,-0.0010000000474974513
ga,3,38,78000,-0.0010000000474974513,-0.0010000000474974513
ga,3,39,80000,-0.0010000000474974513,-0.0010000000474974513
ga,3,40,82000,-0.0010000000474974513,-0.0010000000474974513
ga,3,41,84000,-0.0010000000474974513,-0.0010000000474974513
ga,3,42,86000,-0.0010000000474974513,-0.0010000000474974513
ga,3,43,88000,-0.0010000000474974513,-0.0010000000474974513
ga,3,44,90000,-0.0010000000474974513,-0.0010000000474974513
ga,3,45,92000,-0.0010000000474974513,-0.0010000000474974513
ga,3,46,94000,-0.0010000000474974513,-0.0010000000474974513
ga,3,47,96000,-0.0010000000474974513,-0.0010000000474974513
ga,3,48,98000,-0.0010000000474974513,-0.0010000000474974513
ga,3,49,100000,-0.0010000000474974513,-0.0010000000474974513
ga,3,50,102000,-0.0010000000474974513,-0.0010000000474974513
ga,3,51,104000,-0.0010000000474974513,-0.0010000000474974513
ga,3,52,106000,-0.0010000000474974513,-0.0010000000474974513
ga,3,53,108000,-0.0010000000474974513,-0.0010000000474974513
ga,3,54,110000,-0.0010000000474974513,-0.0010000000474974513
ga,3,55,112000,-0.0010000000474974513,-0.0010000000474974513
ga,3,56,114000,-0.0010000000474974513,-0.0010000000474974513
ga,3,57,116000,-0.0010000000474974513,-0.0010000000474974513
ga,3,58,118000,-0.0010000000474974513,-0.0010000000474974513
ga,3,59,120000,-0.0010000000474974513,-0.0010000000474974513
ga,3,60,122000,-0.0010000000474974513,-0.0010000000474974513
ga,3,61,124000,-0.0010000000474974513,-0.0010000000474974513
ga,3,62,126000,-0.0010000000474974513,-0.0010000000474974513
ga,3,63,128000,-0.0010000000474974513,-0.0010000000474974513
ga,3,64,130000,-0.0010000000474974513,-0.0010000000474974513
ga,3,65,132000,-0.0010000000474974513,-0.0010000000474974513
ga,3,66,134000,-0.0010000000474974513,-0.0010000000474974513
ga,3,67,136000,-0.0010000000474974513,-0.0010000000474974513
ga,3,68,138000,-0.0010000000474974513,-0.0010000000474974513
ga,3,69,140000,-0.0010000000474974513,-0.0010000000474974513
ga,3,70,142000,-0.0010000000474974513,-0.0010000000474974513
ga,3,71,144000,-0.0010000000474974513,-0.0010000000474974513
ga,3,72,146000,-0.0010000000474974513,-0.0010000000474974513
ga,3,73,148000,-0.0010000000474974513,-0.0010000000474974513
ga,3,74,150000,-0.0010000000474974513,-0.0010000000474974513
ga,3,75,152000,-0.0010000000474974513,-0.0010000000474974513
ga,3,76,154000,-0.0010000000474974513,-0.0010000000474974513
ga,3,77,156000,-0.0010000000474974513,-0.0010000000474974513
ga,3,78,158000,-0.0010000000474974513,-0.0010000000474974513
ga,3,79,160000,-0.0010000000474974513,-0.0010000000474974513
ga,3,80,162000,-0.0010000000474974513,-0.0010000000474974513
ga,3,81,164000,-0.0010000000474974513,-0.0010000000474974513
ga,3,82,166000,-0.0010000000474974513,-0.0010000000474974513
ga,3,83,168000,-0.0010000000474974513,-0.0010000000474974513
ga,3,84,170000,-0.0010000000474974513,-0.0010000000474974513
ga,3,85,172000,-0.0010000000474974513,-0.0010000000474974513
ga,3,86,174000,-0.0010000000474974513,-0.0010000000474974513
ga,3,87,176000,-0.0010000000474974513,-0.0010000000474974513
ga,3,88,178000,-0.0010000000474974513,-0.0010000000474974513
ga,3,89,180000,-0.0010000000474974513,-0.0010000000474974513
ga,3,90,182000,-0.0010000000474974513,-0.0010000000474974513
ga,3,91,184000,-0.0010000000474974513,-0.0010000000474974513
ga,3,92,186000,-0.0010000000474974513,-0.0010000000474974513
ga,3,93,188000,-0.0010000000474974513,-0.0010000000474974513
ga,3,94,190000,-0.0010000000474974513,-0.0010000000474974513
ga,3,95,192000,-0.0010000000474974513,-0.0010000000474974513
ga,3,96,194000,-0.0010000000474974513,-0.0010000000474974513
ga,3,97,196000,-0.0010000000474974513,-0.0010000000474974513
ga,3,98,198000,-0.0010000000474974513,-0.0010000000474974513
ga,3,99,200000,-0.0010000000474974513,-0.0010000000474974513
ga,4,0,2000,-7.4029998779296875,-7.4029998779296875
ga,4,1,4000,-7.4029998779296875,-7.4029998779296875
ga,4,2,6000,-6.1020002365112305,-6.1020002365112305
ga,4,3,8000,-5.60099983215332,-5.60099983215332
ga,4,4,10000,-4.1529998779296875,-4.1529998779296875
ga,4,5,12000,-4.1529998779296875,-4.1529998779296875
ga,4,6,14000,-4.1529998779296875,-4.1529998779296875
ga,4,7,16000,-4.1529998779296875,-4.1529998779296875
ga,4,8,18000,-4.1529998779296875,-4.1529998779296875
ga,4,9,20000,-4.1529998779296875,-4.1529998779296875
ga,4,10,22000,-4.1529998779296875,-4.1529998779296875
ga,4,11,24000,-4.1529998779296875,-4.1529998779296875
ga,4,12,26000,-4.1529998779296875,-4.1529998779296875
ga,4,13,28000,-4.1529998779296875,-4.1529998779296875
ga,4,14,30000,-4.1529998779296875,-4.1529998779296875
ga,4,15,32000,-4.1529998779296875,-4.1529998779296875
ga,4,16,34000,-4.1529998779296875,-4.1529998779296875
ga,4,17,36000,-4.1529998779296875,-4.1529998779296875
ga,4,18,38000,-2.3519999980926514,-2.3519999980926514
ga,4,19,40000,-2.3519999980926514,-2.3519999980926514
ga,4,20,42000,-2.3519999980926514,-2.3519999980926514
ga,4,21,44000,-1.7519999742507935,-1.7519999742507935
ga,4,22,46000,-2.3519999980926514,-1.7519999742507935
ga,4,23,48000,-2.3519999980926514,-1.7519999742507935
ga,4,24,50000,-2.3519999980926514,-1.7519999742507935
ga,4,25,52000,-2.3519999980926514,-1.7519999742507935
ga,4,26,54000,-2.3519999980926514,-1.7519999742507935
ga,4,27,56000,-2.3519999980926514,-1.7519999742507935
ga,4,28,58000,-2.3519999980926514,-1.7519999742507935
ga,4,29,60000,-2.3519999980926514,-1.7519999742507935
ga,4,30,62000,-2.3519999980926514,-1.7519999742507935
ga,4,31,64000,-2.3010001182556152,-1.7519999742507935
ga,4,32,66000,-2.002000093460083,-1.7519999742507935
ga,4,33,68000,-1.8509999513626099,-1.7519999742507935
ga,4,34,70000,-1.7510000467300415,-1.7510000467300415
ga,4,35,72000,-1.5509999990463257,-1.5509999990463257
ga,4,36,74000,-1.3020000457763672,-1.3020000457763672
ga,4,37,76000,-1.3020000457763672,-1.3020000457763672
ga,4,38,78000,-1.3020000457763672,-1.3020000457763672
ga,4,39,80000,-1.3020000457763672,-1.3020000457763672
ga,4,40,82000,-0.9020000100135803,-0.9020000100135803
ga,4,41,84000,-0.9020000100135803,-0.9020000100135803
ga,4,42,86000,-0.9020000100135803,-0.9020000100135803
ga,4,43,88000,-0.9020000100135803,-0.9020000100135803
ga,4,44,90000,-0.9020000100135803,-0.9020000100135803
ga,4,45,92000,-0.5019999742507935,-0.5019999742507935
ga,4,46,94000,-0.5019999742507935,-0.5019999742507935
ga,4,47,96000,-0.5019999742507935,-0.5019999742507935
ga,4,48,98000,-0.5019999742507935,-0.5019999742507935
ga,4,49,100000,-0.5019999742507935,-0.5019999742507935
ga,4,50,102000,-0.5019999742507935,-0.5019999742507935
ga,4,51,104000,-0.5009999871253967,-0.5009999871253967
ga,4,52,106000,-0.5009999871253967,-0.5009999871253967
ga,4,53,108000,-0.5009999871253967,-0.5009999871253967
ga,4,54,110000,-0.5009999871253967,-0.5009999871253967
ga,4,55,112000,-0.5009999871253967,-0.5009999871253967
ga,4,56,114000,-0.5009999871253967,-0.5009999871253967
ga,4,57,116000,-0.5009999871253967,-0.5009999871253967
ga,4,58,118000,-0.5009999871253967,-0.5009999871253967
ga,4,59,120000,-0.5009999871253967,-0.5009999871253967
ga,4,60,122000,-0.5009999871253967,-0.5009999871253967
ga,4,61,124000,-0.5009999871253967,-0.5009999871253967
ga,4,62,126000,-0.5009999871253967,-0.5009999871253967
ga,4,63,128000,-0.5009999871253967,-0.5009999871253967
ga,4,64,130000,-0.5009999871253967,-0.5009999871253967
ga,4,65,132000,-0.5009999871253967,-0.5009999871253967
ga,4,66,134000,-0.5009999871253967,-0.5009999871253967
ga,4,67,136000,-0.5009999871253967,-0.5009999871253967
ga,4,68,138000,-0.5009999871253967,-0.5009999871253967
ga,4,69,140000,-0.5009999871253967,-0.5009999871253967
ga,4,70,142000,-0.5009999871253967,-0.5009999871253967
ga,4,71,144000,-0.5009999871253967,-0.5009999871253967
ga,4,72,146000,-0.5009999871253967,-0.5009999871253967
ga,4,73,148000,-0.5009999871253967,-0.5009999871253967
ga,4,74,150000,-0.5009999871253967,-0.5009999871253967
ga,4,75,152000,-0.5009999871253967,-0.5009999871253967
ga,4,76,154000,-0.5009999871253967,-0.5009999871253967
ga,4,77,156000,-0.5009999871253967,-0.5009999871253967
ga,4,78,158000,-0.5009999871253967,-0.5009999871253967
ga,4,79,160000,-0.5009999871253967,-0.5009999871253967
ga,4,80,162000,-0.5009999871253967,-0.5009999871253967
ga,4,81,164000,-0.5009999871253967,-0.5009999871253967
ga,4,82,166000,-0.5009999871253967,-0.5009999871253967
ga,4,83,168000,-0.5009999871253967,-0.5009999871253967
ga,4,84,170000,-0.5009999871253967,-0.5009999871253967
ga,4,85,172000,-0.5009999871253967,-0.5009999871253967
ga,4,86,174000,-0.5009999871253967,-0.5009999871253967
ga,4,87,176000,-0.5009999871253967,-0.5009999871253967
ga,4,88,178000,-0.5009999871253967,-0.5009999871253967
ga,4,89,180000,-0.5009999871253967,-0.5009999871253967
ga,4,90,182000,-0.5009999871253967,-0.5009999871253967
ga,4,91,184000,-0.5009999871253967,-0.5009999871253967
ga,4,92,186000,-0.5009999871253967,-0.5009999871253967
ga,4,93,188000,-0.5009999871253967,-0.5009999871253967
ga,4,94,190000,-0.5009999871253967,-0.5009999871253967
ga,4,95,192000,-0.5009999871253967,-0.5009999871253967
ga,4,96,194000,-0.5009999871253967,-0.5009999871253967
ga,4,97,196000,-0.0020000000949949026,-0.0020000000949949026
ga,4,98,198000,-0.0020000000949949026,-0.0020000000949949026
ga,4,99,200000,-0.0010000000474974513,-0.0010000000474974513
ga,5,0,2000,-5.304999828338623,-5.304999828338623
ga,5,1,4000,-5.304999828338623,-5.304999828338623
ga,5,2,6000,-4.502999782562256,-4.502999782562256
ga,5,3,8000,-4.502999782562256,-4.502999782562256
ga,5,4,10000,-4.502999782562256,-4.502999782562256
ga,5,5,12000,-4.502999782562256,-4.502999782562256
ga,5,6,14000,-2.203000068664551,-2.203000068664551
ga,5,7,16000,-2.203000068664551,-2.203000068664551
ga,5,8,18000,-2.2009999752044678,-2.2009999752044678
ga,5,9,20000,-2.2009999752044678,-2.2009999752044678
ga,5,10,22000,-2.2009999752044678,-2.2009999752044678
ga,5,11,24000,-2.2009999752044678,-2.2009999752044678
ga,5,12,26000,-2.000999927520752,-2.000999927520752
ga,5,13,28000,-2.000999927520752,-2.000999927520752
ga,5,14,30000,-1.5529999732971191,-1.5529999732971191
ga,5,15,32000,-1.5529999732971191,-1.5529999732971191
ga,5,16,34000,-1.5529999732971191,-1.5529999732971191
ga,5,17,36000,-1.0010000467300415,-1.0010000467300415
ga,5,18,38000,-1.0010000467300415,-1.0010000467300415
ga,5,19,40000,-1.0010000467300415,-1.0010000467300415
ga,5,20,42000,-1.0010000467300415,-1.0010000467300415
ga,5,21,44000,-1.0010000467300415,-1.0010000467300415
ga,5,22,46000,-0.5009999871253967,-0.5009999871253967
ga,5,23,48000,-0.5009999871253967,-0.5009999871253967
ga,5,24,50000,-0.5009999871253967,-0.5009999871253967
ga,5,25,52000,-0.5009999871253967,-0.5009999871253967
ga,5,26,54000,-0.5009999871253967,-0.5009999871253967
ga,5,27,56000,-0.5009999871253967,-0.5009999871253967
ga,5,28,58000,-0.5009999871253967,-0.5009999871253967
ga,5,29,60000,-0.5009999871253967,-0.5009999871253967
ga,5,30,62000,-0.5009999871253967,-0.5009999871253967
ga,5,31,64000,-0.5009999871253967,-0.5009999871253967
ga,5,32,66000,-0.5009999871253967,-0.5009999871253967
ga,5,33,68000,-0.5009999871253967,-0.5009999871253967
ga,5,34,70000,-0.5009999871253967,-0.5009999871253967
ga,5,35,72000,-0.5009999871253967,-0.5009999871253967
ga,5,36,74000,-0.5009999871253967,-0.5009999871253967
ga,5,37,76000,-0.5009999871253967,-0.5009999871253967
ga,5,38,78000,-0.5009999871253967,-0.5009999871253967
ga,5,39,80000,-0.5009999871253967,-0.5009999871253967
ga,5,40,82000,-0.5009999871253967,-0.5009999871253967
ga,5,41,84000,-0.5009999871253967,-0.5009999871253967
ga,5,42,86000,-0.5009999871253967,-0.5009999871253967
ga,5,43,88000,-0.5009999871253967,-0.5009999871253967
ga,5,44,90000,-0.5009999871253967,-0.5009999871253967
ga,5,45,92000,-0.5009999871253967,-0.5009999871253967
ga,5,46,94000,-0.5009999871253967,-0.5009999871253967
ga,5,47,96000,-0.5009999871253967,-0.5009999871253967
ga,5,48,98000,-0.5009999871253967,-0.5009999871253967
ga,5,49,100000,-0.5009999871253967,-0.5009999871253967
ga,5,50,102000,-0.5009999871253967,-0.5009999871253967
ga,5,51,104000,-0.5009999871253967,-0.5009999871253967
ga,5,52,106000,-0.5009999871253967,-0.5009999871253967
ga,5,53,108000,-0.5009999871253967,-0.5009999871253967
ga,5,54,110000,-0.5009999871253967,-0.5009999871253967
ga,5,55,112000,-0.5009999871253967,-0.5009999871253967
ga,5,56,114000,-0.5009999871253967,-0.5009999871253967
ga,5,57,116000,-0.5009999871253967,-0.5009999871253967
ga,5,58,118000,-0.5009999871253967,-0.5009999871253967
ga,5,59,120000,-0.5009999871253967,-0.5009999871253967
ga,5,60,122000,-0.5009999871253967,-0.5009999871253967
ga,5,61,124000,-0.5009999871253967,-0.5009999871253967
ga,5,62,126000,-0.5009999871253967,-0.5009999871253967
ga,5,63,128000,-0.5009999871253967,-0.5009999871253967
ga,5,64,130000,-0.5009999871253967,-0.5009999871253967
ga,5,65,132000,-0.5009999871253967,-0.5009999871253967
ga,5,66,134000,-0.5009999871253967,-0.5009999871253967
ga,5,67,136000,-0.5009999871253967,-0.5009999871253967
ga,5,68,138000,-0.5009999871253967,-0.5009999871253967
ga,5,69,140000,-0.5009999871253967,-0.5009999871253967
ga,5,70,142000,-0.5009999871253967,-0.5009999871253967
ga,5,71,144000,-0.5009999871253967,-0.5009999871253967
ga,5,72,146000,-0.5009999871253967,-0.5009999871253967
ga,5,73,148000,-0.5009999871253967,-0.5009999871253967
ga,5,74,150000,-0.5009999871253967,-0.5009999871253967
ga,5,75,152000,-0.5009999871253967,-0.5009999871253967
ga,5,76,154000,-0.5009999871253967,-0.5009999871253967
ga,5,77,156000,-0.5009999871253967,-0.5009999871253967
ga,5,78,158000,-0.5009999871253967,-0.5009999871253967
ga,5,79,160000,-0.5009999871253967,-0.5009999871253967
ga,5,80,162000,-0.5009999871253967,-0.5009999871253967
ga,5,81,164000,-0.5009999871253967,-0.5009999871253967
ga,5,82,166000,-0.5009999871253967,-0.5009999871253967
ga,5,83,168000,-0.5009999871253967,-0.5009999871253967
ga,5,84,170000,-0.5009999871253967,-0.5009999871253967
ga,5,85,172000,-0.5009999871253967,-0.5009999871253967
ga,5,86,174000,-0.5009999871253967,-0.5009999871253967
ga,5,87,176000,-0.5009999871253967,-0.5009999871253967
ga,5,88,178000,-0.5009999871253967,-0.5009999871253967
ga,5,89,180000,-0.5009999871253967,-0.5009999871253967
ga,5,90,182000,-0.5009999871253967,-0.5009999871253967
ga,5,91,184000,-0.5009999871253967,-0.5009999871253967
ga,5,92,186000,-0.5009999871253967,-0.5009999871253967
ga,5,93,188000,-0.5009999871253967,-0.5009999871253967
ga,5,94,190000,-0.5009999871253967,-0.5009999871253967
ga,5,95,192000,-0.5009999871253967,-0.5009999871253967
ga,5,96,194000,-0.5009999871253967,-0.5009999871253967
ga,5,97,196000,-0.5009999871253967,-0.5009999871253967
ga,5,98,198000,-0.5009999871253967,-0.5009999871253967
ga,5,99,200000,-0.5009999871253967,-0.5009999871253967
ga,6,0,2000,-7.10099983215332,-7.10099983215332
ga,6,1,4000,-7.10099983215332,-7.10099983215332
ga,6,2,6000,-0.5009999871253967,-0.5009999871253967
ga,6,3,8000,-0.5009999871253967,-0.5009999871253967
ga,6,4,10000,-0.5009999871253967,-0.5009999871253967
ga,6,5,12000,-0.5009999871253967,-0.5009999871253967
ga,6,6,14000,-0.5009999871253967,-0.5009999871253967
ga,6,7,16000,-0.5009999871253967,-0.5009999871253967
ga,6,8,18000,-0.5009999871253967,-0.5009999871253967
ga,6,9,20000,-0.5009999871253967,-0.5009999871253967
ga,6,10,22000,-0.5009999871253967,-0.5009999871253967
ga,6,11,24000,-0.5009999871253967,-0.5009999871253967
ga,6,12,26000,-0.5009999871253967,-0.5009999871253967
ga,6,13,28000,-0.5009999871253967,-0.5009999871253967
ga,6,14,30000,-0.5009999871253967,-0.5009999871253967
ga,6,15,32000,-0.5009999871253967,-0.5009999871253967
ga,6,16,34000,-0.5009999871253967,-0.5009999871253967
ga,6,17,36000,-0.0020000000949949026,-0.0020000000949949026
ga,6,18,38000,-0.0020000000949949026,-0.0020000000949949026
ga,6,19,40000,-0.0020000000949949026,-0.0020000000949949026
ga,6,20,42000,-0.0020000000949949026,-0.0020000000949949026
ga,6,21,44000,-0.0020000000949949026,-0.0020000000949949026
ga,6,22,46000,-0.0020000000949949026,-0.0020000000949949026
ga,6,23,48000,-0.0020000000949949026,-0.0020000000949949026
ga,6,24,50000,-0.0020000000949949026,-0.0020000000949949026
ga,6,25,52000,-0.0020000000949949026,-0.0020000000949949026
ga,6,26,54000,-0.0020000000949949026,-0.0020000000949949026
ga,6,27,56000,-0.0020000000949949026,-0.0020000000949949026
ga,6,28,58000,-0.0020000000949949026,-0.0020000000949949026
ga,6,29,60000,-0.0020000000949949026,-0.0020000000949949026
ga,6,30,62000,-0.0020000000949949026,-0.0020000000949949026
ga,6,31,64000,-0.0020000000949949026,-0.0020000000949949026
ga,6,32,66000,-0.0020000000949949026,-0.0020000000949949026
ga,6,33,68000,-0.0020000000949949026,-0.0020000000949949026
ga,6,34,70000,-0.0020000000949949026,-0.0020000000949949026
ga,6,35,72000,-0.0020000000949949026,-0.0020000000949949026
ga,6,36,74000,-0.0020000000949949026,-0.0020000000949949026
ga,6,37,76000,-0.0020000000949949026,-0.0020000000949949026
ga,6,38,78000,-0.0020000000949949026,-0.0020000000949949026
ga,6,39,80000,-0.0020000000949949026,-0.0020000000949949026
ga,6,40,82000,-0.0020000000949949026,-0.0020000000949949026
ga,6,41,84000,-0.0020000000949949026,-0.0020000000949949026
ga,6,42,86000,-0.0020000000949949026,-0.0020000000949949026
ga,6,43,88000,-0.0020000000949949026,-0.0020000000949949026
ga,6,44,90000,-0.0020000000949949026,-0.0020000000949949026
ga,6,45,92000,-0.0020000000949949026,-0.0020000000949949026
ga,6,46,94000,-0.0020000000949949026,-0.0020000000949949026
ga,6,47,96000,-0.0020000000949949026,-0.0020000000949949026
ga,6,48,98000,-0.0020000000949949026,-0.0020000000949949026
ga,6,49,100000,-0.0020000000949949026,-0.0020000000949949026
ga,6,50,102000,-0.0020000000949949026,-0.0020000000949949026
ga,6,51,104000,-0.0020000000949949026,-0.0020000000949949026
ga,6,52,106000,-0.0020000000949949026,-0.0020000000949949026
ga,6,53,108000,-0.0020000000949949026,-0.0020000000949949026
ga,6,54,110000,-0.0020000000949949026,-0.0020000000949949026
ga,6,55,112000,-0.0020000000949949026,-0.0020000000949949026
ga,6,56,114000,-0.0020000000949949026,-0.0020000000949949026
ga,6,57,116000,-0.0020000000949949026,-0.0020000000949949026
ga,6,58,118000,-0.0020000000949949026,-0.0020000000949949026
ga,6,59,120000,-0.0020000000949949026,-0.0020000000949949026
ga,6,60,122000,-0.0020000000949949026,-0.0020000000949949026
ga,6,61,124000,-0.0020000000949949026,-0.0020000000949949026
ga,6,62,126000,-0.0020000000949949026,-0.0020000000949949026
ga,6,63,128000,-0.0020000000949949026,-0.0020000000949949026
ga,6,64,130000,-0.0020000000949949026,-0.0020000000949949026
ga,6,65,132000,-0.0020000000949949026,-0.0020000000949949026
ga,6,66,134000,-0.0020000000949949026,-0.0020000000949949026
ga,6,67,136000,-0.0010000000474974513,-0.0010000000474974513
ga,6,68,138000,-0.0010000000474974513,-0.0010000000474974513
ga,6,69,140000,-0.0010000000474974513,-0.0010000000474974513
ga,6,70,142000,-0.0010000000474974513,-0.0010000000474974513
ga,6,71,144000,-0.0010000000474974513,-0.0010000000474974513
ga,6,72,146000,-0.0010000000474974513,-0.0010000000474974513
ga,6,73,148000,-0.0010000000474974513,-0.0010000000474974513
ga,6,74,150000,-0.0010000000474974513,-0.0010000000474974513
ga,6,75,152000,-0.0010000000474974513,-0.0010000000474974513
ga,6,76,154000,-0.0010000000474974513,-0.0010000000474974513
ga,6,77,156000,-0.0010000000474974513,-0.0010000000474974513
ga,6,78,158000,-0.0010000000474974513,-0.0010000000474974513
ga,6,79,160000,-0.0010000000474974513,-0.0010000000474974513
ga,6,80,162000,-0.0010000000474974513,-0.0010000000474974513
ga,6,81,164000,-0.0010000000474974513,-0.0010000000474974513
ga,6,82,166000,-0.0010000000474974513,-0.0010000000474974513
ga,6,83,168000,-0.0010000000474974513,-0.0010000000474974513
ga,6,84,170000,-0.0010000000474974513,-0.0010000000474974513
ga,6,85,172000,-0.0010000000474974513,-0.0010000000474974513
ga,6,86,174000,-0.0010000000474974513,-0.0010000000474974513
ga,6,87,176000,-0.0010000000474974513,-0.0010000000474974513
ga,6,88,178000,-0.0010000000474974513,-0.0010000000474974513
ga,6,89,180000,-0.0010000000474974513,-0.0010000000474974513
ga,6,90,182000,-0.0010000000474974513,-0.0010000000474974513
ga,6,91,184000,-0.0010000000474974513,-0.0010000000474974513
ga,6,92,186000,-0.0010000000474974513,-0.0010000000474974513
ga,6,93,188000,-0.0010000000474974513,-0.0010000000474974513
ga,6,94,190000,-0.0010000000474974513,-0.0010000000474974513
ga,6,95,192000,-0.0010000000474974513,-0.0010000000474974513
ga,6,96,194000,-0.0010000000474974513,-0.0010000000474974513
ga,6,97,196000,-0.0010000000474974513,-0.0010000000474974513
ga,6,98,198000,-0.0010000000474974513,-0.0010000000474974513
ga,6,99,200000,-0.0010000000474974513,-0.0010000000474974513
ga,7,0,2000,-5.906000137329102,-5.906000137329102
ga,7,1,4000,-5.906000137329102,-5.906000137329102
ga,7,2,6000,-5.701000213623047,-5.701000213623047
ga,7,3,8000,-5.701000213623047,-5.701000213623047
ga,7,4,10000,-5.104000091552734,-5.104000091552734
ga,7,5,12000,-5.104000091552734,-5.104000091552734
ga,7,6,14000,-5.104000091552734,-5.104000091552734
ga,7,7,16000,-5.104000091552734,-5.104000091552734
ga,7,8,18000,-5.104000091552734,-5.104000091552734
ga,7,9,20000,-5.104000091552734,-5.104000091552734
ga,7,10,22000,-5.104000091552734,-5.104000091552734
ga,7,11,24000,-5.104000091552734,-5.104000091552734
ga,7,12,26000,-4.1529998779296875,-4.1529998779296875
ga,7,13,28000,-4.1529998779296875,-4.1529998779296875
ga,7,14,30000,-4.1529998779296875,-4.1529998779296875
ga,7,15,32000,-4.1529998779296875,-4.1529998779296875
ga,7,16,34000,-4.1529998779296875,-4.1529998779296875
ga,7,17,36000,-4.1529998779296875,-4.1529998779296875
ga,7,18,38000,-2.302000045776367,-2.302000045776367
ga,7,19,40000,-2.302000045776367,-2.302000045776367
ga,7,20,42000,-2.302000045776367,-2.302000045776367
ga,7,21,44000,-2.302000045776367,-2.302000045776367
ga,7,22,46000,-2.302000045776367,-2.302000045776367
ga,7,23,48000,-2.302000045776367,-2.302000045776367
ga,7,24,50000,-2.302000045776367,-2.302000045776367
ga,7,25,52000,-2.302000045776367,-2.302000045776367
ga,7,26,54000,-2.302000045776367,-2.302000045776367
ga,7,27,56000,-2.302000045776367,-2.302000045776367
ga,7,28,58000,-2.302000045776367,-2.302000045776367
ga,7,29,60000,-2.302000045776367,-2.302000045776367
ga,7,30,62000,-2.302000045776367,-2.302000045776367
ga,7,31,64000,-2.302000045776367,-2.302000045776367
ga,7,32,66000,-2.302000045776367,-2.302000045776367
ga,7,33,68000,-2.302000045776367,-2.302000045776367
ga,7,34,70000,-2.302000045776367,-2.302000045776367
ga,7,35,72000,-2.302000045776367,-2.302000045776367
ga,7,36,74000,-2.302000045776367,-2.302000045776367
ga,7,37,76000,-2.302000045776367,-2.302000045776367
ga,7,38,78000,-2.302000045776367,-2.302000045776367
ga,7,39,80000,-2.302000045776367,-2.302000045776367
ga,7,40,82000,-2.302000045776367,-2.302000045776367
ga,7,41,84000,-2.1040000915527344,-2.1040000915527344
ga,7,42,86000,-2.1040000915527344,-2.1040000915527344
ga,7,43,88000,-2.1040000915527344,-2.1040000915527344
ga,7,44,90000,-2.1040000915527344,-2.1040000915527344
ga,7,45,92000,-2.1040000915527344,-2.1040000915527344
ga,7,46,94000,-2.1040000915527344,-2.1040000915527344
ga,7,47,96000,-2.1040000915527344,-2.1040000915527344
ga,7,48,98000,-2.1040000915527344,-2.1040000915527344
ga,7,49,100000,-2.000999927520752,-2.000999927520752
ga,7,50,102000,-2.000999927520752,-2.000999927520752
ga,7,51,104000,-2.000999927520752,-2.000999927520752
ga,7,52,106000,-2.000999927520752,-2.000999927520752
ga,7,53,108000,-1.8509999513626099,-1.8509999513626099
ga,7,54,110000,-1.8509999513626099,-1.8509999513626099
ga,7,55,112000,-1.8009999990463257,-1.8009999990463257
ga,7,56,114000,-0.902999997138977,-0.902999997138977
ga,7,57,116000,-0.902999997138977,-0.902999997138977
ga,7,58,118000,-0.902999997138977,-0.902999997138977
ga,7,59,120000,-0.902999997138977,-0.902999997138977
ga,7,60,122000,-0.902999997138977,-0.902999997138977
ga,7,61,124000,-0.902999997138977,-0.902999997138977
ga,7,62,126000,-0.902999997138977,-0.902999997138977
ga,7,63,128000,-0.902999997138977,-0.902999997138977
ga,7,64,130000,-0.902999997138977,-0.902999997138977
ga,7,65,132000,-0.902999997138977,-0.902999997138977
ga,7,66,134000,-0.9010000228881836,-0.9010000228881836
ga,7,67,136000,-0.9010000228881836,-0.9010000228881836
ga,7,68,138000,-0.9010000228881836,-0.9010000228881836
ga,7,69,140000,-0.9010000228881836,-0.9010000228881836
ga,7,70,142000,-0.9010000228881836,-0.9010000228881836
ga,7,71,144000,-0.8009999990463257,-0.8009999990463257
ga,7,72,146000,-0.15299999713897705,-0.15299999713897705
ga,7,73,148000,-0.15299999713897705,-0.15299999713897705
ga,7,74,150000,-0.15299999713897705,-0.15299999713897705
ga,7,75,152000,-0.15299999713897705,-0.15299999713897705
ga,7,76,154000,-0.003000000026077032,-0.003000000026077032
ga,7,77,156000,-0.003000000026077032,-0.003000000026077032
ga,7,78,158000,-0.003000000026077032,-0.003000000026077032
ga,7,79,160000,-0.003000000026077032,-0.003000000026077032
ga,7,80,162000,-0.003000000026077032,-0.003000000026077032
ga,7,81,164000,-0.003000000026077032,-0.003000000026077032
ga,7,82,166000,-0.003000000026077032,-0.003000000026077032
ga,7,83,168000,-0.003000000026077032,-0.003000000026077032
ga,7,84,170000,-0.003000000026077032,-0.003000000026077032
ga,7,85,172000,-0.003000000026077032,-0.003000000026077032
ga,7,86,174000,-0.003000000026077032,-0.003000000026077032
ga,7,87,176000,-0.003000000026077032,-0.003000000026077032
ga,7,88,178000,-0.003000000026077032,-0.003000000026077032
ga,7,89,180000,-0.003000000026077032,-0.003000000026077032
ga,7,90,182000,-0.003000000026077032,-0.003000000026077032
ga,7,91,184000,-0.0020000000949949026,-0.0020000000949949026
ga,7,92,186000,-0.0020000000949949026,-0.0020000000949949026
ga,7,93,188000,-0.0020000000949949026,-0.0020000000949949026
ga,7,94,190000,-0.0020000000949949026,-0.0020000000949949026
ga,7,95,192000,-0.0020000000949949026,-0.0020000000949949026
ga,7,96,194000,-0.0020000000949949026,-0.0020000000949949026
ga,7,97,196000,-0.0020000000949949026,-0.0020000000949949026
ga,7,98,198000,-0.0020000000949949026,-0.0020000000949949026
ga,7,99,200000,-0.0020000000949949026,-0.0020000000949949026
ga,8,0,2000,-7.1020002365112305,-7.1020002365112305
ga,8,1,4000,-5.103000164031982,-5.103000164031982
ga,8,2,6000,-2.002000093460083,-2.002000093460083
ga,8,3,8000,-2.002000093460083,-2.002000093460083
ga,8,4,10000,-1.9019999504089355,-1.9019999504089355
ga,8,5,12000,-1.9019999504089355,-1.9019999504089355
ga,8,6,14000,-1.9019999504089355,-1.9019999504089355
ga,8,7,16000,-1.1519999504089355,-1.1519999504089355
ga,8,8,18000,-1.9019999504089355,-1.1519999504089355
ga,8,9,20000,-1.1519999504089355,-1.1519999504089355
ga,8,10,22000,-1.9019999504089355,-1.1519999504089355
ga,8,11,24000,-1.7020000219345093,-1.1519999504089355
ga,8,12,26000,-1.7020000219345093,-1.1519999504089355
ga,8,13,28000,-1.7020000219345093,-1.1519999504089355
ga,8,14,30000,-1.6519999504089355,-1.1519999504089355
ga,8,15,32000,-1.6519999504089355,-1.1519999504089355
ga,8,16,34000,-1.6519999504089355,-1.1519999504089355
ga,8,17,36000,-1.6519999504089355,-1.1519999504089355
ga,8,18,38000,-1.0019999742507935,-1.0019999742507935
ga,8,19,40000,-1.0019999742507935,-1.0019999742507935
ga,8,20,42000,-1.0019999742507935,-1.0019999742507935
ga,8,21,44000,-1.0019999742507935,-1.0019999742507935
ga,8,22,46000,-1.0019999742507935,-1.0019999742507935
ga,8,23,48000,-0.9520000219345093,-0.9520000219345093
ga,8,24,50000,-0.9520000219345093,-0.9520000219345093
ga,8,25,52000,-0.9520000219345093,-0.9520000219345093
ga,8,26,54000,-0.9520000219345093,-0.9520000219345093
ga,8,27,56000,-0.0020000000949949026,-0.0020000000949949026
ga,8,28,58000,-0.0020000000949949026,-0.0020000000949949026
ga,8,29,60000,-0.0020000000949949026,-0.0020000000949949026
ga,8,30,62000,-0.0020000000949949026,-0.0020000000949949026
ga,8,31,64000,-0.0010000000474974513,-0.0010000000474974513
ga,8,32,66000,-0.0010000000474974513,-0.0010000000474974513
ga,8,33,68000,-0.0010000000474974513,-0.0010000000474974513
ga,8,34,70000,-0.0010000000474974513,-0.0010000000474974513
ga,8,35,72000,-0.0010000000474974513,-0.0010000000474974513
ga,8,36,74000,-0.0010000000474974513,-0.0010000000474974513
ga,8,37,76000,-0.0010000000474974513,-0.0010000000474974513
ga,8,38,78000,-0.0010000000474974513,-0.0010000000474974513
ga,8,39,80000,-0.0010000000474974513,-0.0010000000474974513
ga,8,40,82000,-0.0010000000474974513,-0.0010000000474974513
ga,8,41,84000,-0.0010000000474974513,-0.0010000000474974513
ga,8,42,86000,-0.0010000000474974513,-0.0010000000474974513
ga,8,43,88000,-0.0010000000474974513,-0.0010000000474974513
ga,8,44,90000,-0.0010000000474974513,-0.0010000000474974513
ga,8,45,92000,-0.0010000000474974513,-0.0010000000474974513
ga,8,46,94000,-0.0010000000474974513,-0.0010000000474974513
ga,8,47,96000,-0.0010000000474974513,-0.0010000000474974513
ga,8,48,98000,-0.0010000000474974513,-0.0010000000474974513
ga,8,49,100000,-0.0010000000474974513,-0.0010000000474974513
ga,8,50,102000,-0.0010000000474974513,-0.0010000000474974513
ga,8,51,104000,-0.0010000000474974513,-0.0010000000474974513
ga,8,52,106000,-0.0010000000474974513,-0.0010000000474974513
ga,8,53,108000,-0.0010000000474974513,-0.0010000000474974513
ga,8,54,110000,-0.0010000000474974513,-0.0010000000474974513
ga,8,55,112000,-0.0010000000474974513,-0.0010000000474974513
ga,8,56,114000,-0.0010000000474974513,-0.0010000000474974513
ga,8,57,116000,-0.0010000000474974513,-0.0010000000474974513
ga,8,58,118000,-0.0010000000474974513,-0.0010000000474974513
ga,8,59,120000,-0.0010000000474974513,-0.0010000000474974513
ga,8,60,122000,-0.0010000000474974513,-0.0010000000474974513
ga,8,61,124000,-0.0010000000474974513,-0.0010000000474974513
ga,8,62,126000,-0.0010000000474974513,-0.0010000000474974513
ga,8,63,128000,-0.0010000000474974513,-0.0010000000474974513
ga,8,64,130000,-0.0010000000474974513,-0.0010000000474974513
ga,8,65,132000,-0.0010000000474974513,-0.0010000000474974513
ga,8,66,134000,-0.0010000000474974513,-0.0010000000474974513
ga,8,67,136000,-0.0010000000474974513,-0.0010000000474974513
ga,8,68,138000,-0.0010000000474974513,-0.0010000000474974513
ga,8,69,140000,-0.0010000000474974513,-0.0010000000474974513
ga,8,70,142000,-0.0010000000474974513,-0.0010000000474974513
ga,8,71,144000,-0.0010000000474974513,-0.0010000000474974513
ga,8,72,146000,-0.0010000000474974513,-0.0010000000474974513
ga,8,73,148000,-0.0010000000474974513,-0.0010000000474974513
ga,8,74,150000,-0.0010000000474974513,-0.0010000000474974513
ga,8,75,152000,-0.0010000000474974513,-0.0010000000474974513
ga,8,76,154000,-0.0010000000474974513,-0.0010000000474974513
ga,8,77,156000,-0.0010000000474974513,-0.0010000000474974513
ga,8,78,158000,-0.0010000000474974513,-0.0010000000474974513
ga,8,79,160000,-0.0010000000474974513,-0.0010000000474974513
ga,8,80,162000,-0.0010000000474974513,-0.0010000000474974513
ga,8,81,164000,-0.0010000000474974513,-0.0010000000474974513
ga,8,82,166000,-0.0010000000474974513,-0.0010000000474974513
ga,8,83,168000,-0.0010000000474974513,-0.0010000000474974513
ga,8,84,170000,-0.0010000000474974513,-0.0010000000474974513
ga,8,85,172000,-0.0010000000474974513,-0.0010000000474974513
ga,8,86,174000,-0.0010000000474974513,-0.0010000000474974513
ga,8,87,176000,-0.0010000000474974513,-0.0010000000474974513
ga,8,88,178000,-0.0010000000474974513,-0.0010000000474974513
ga,8,89,180000,-0.0010000000474974513,-0.0010000000474974513
ga,8,90,182000,-0.0010000000474974513,-0.0010000000474974513
ga,8,91,184000,-0.0010000000474974513,-0.0010000000474974513
ga,8,92,186000,-0.0010000000474974513,-0.0010000000474974513
ga,8,93,188000,-0.0010000000474974513,-0.0010000000474974513
ga,8,94,190000,-0.0010000000474974513,-0.0010000000474974513
ga,8,95,192000,-0.0010000000474974513,-0.0010000000474974513
ga,8,96,194000,-0.0010000000474974513,-0.0010000000474974513
ga,8,97,196000,-0.0010000000474974513,-0.0010000000474974513
ga,8,98,198000,-0.0010000000474974513,-0.0010000000474974513
ga,8,99,200000,-0.0010000000474974513,-0.0010000000474974513
ga,9,0,2000,-6.500999927520752,-6.500999927520752
ga,9,1,4000,-6.500999927520752,-6.500999927520752
ga,9,2,6000,-0.0010000000474974513,-0.0010000000474974513
ga,9,3,8000,-0.0010000000474974513,-0.0010000000474974513
ga,9,4,10000,-0.0010000000474974513,-0.0010000000474974513
ga,9,5,12000,-0.0010000000474974513,-0.0010000000474974513
ga,9,6,14000,-0.0010000000474974513,-0.0010000000474974513
ga,9,7,16000,-0.0010000000474974513,-0.0010000000474974513
ga,9,8,18000,-0.0010000000474974513,-0.0010000000474974513
ga,9,9,20000,-0.0010000000474974513,-0.0010000000474974513
ga,9,10,22000,-0.0010000000474974513,-0.0010000000474974513
ga,9,11,24000,-0.0010000000474974513,-0.0010000000474974513
ga,9,12,26000,-0.0010000000474974513,-0.0010000000474974513
ga,9,13,28000,-0.0010000000474974513,-0.0010000000474974513
ga,9,14,30000,-0.0010000000474974513,-0.0010000000474974513
ga,9,15,32000,-0.0010000000474974513,-0.0010000000474974513
ga,9,16,34000,-0.0010000000474974513,-0.0010000000474974513
ga,9,17,36000,-0.0010000000474974513,-0.0010000000474974513
ga,9,18,38000,-0.0010000000474974513,-0.0010000000474974513
ga,9,19,40000,-0.0010000000474974513,-0.0010000000474974513
ga,9,20,42000,-0.0010000000474974513,-0.0010000000474974513
ga,9,21,44000,-0.0010000000474974513,-0.0010000000474974513
ga,9,22,46000,-0.0010000000474974513,-0.0010000000474974513
ga,9,23,48000,-0.0010000000474974513,-0.0010000000474974513
ga,9,24,50000,-0.0010000000474974513,-0.0010000000474974513
ga,9,25,52000,-0.0010000000474974513,-0.0010000000474974513
ga,9,26,54000,-0.0010000000474974513,-0.0010000000474974513
ga,9,27,56000,-0.0010000000474974513,-0.0010000000474974513
ga,9,28,58000,-0.0010000000474974513,-0.0010000000474974513
ga,9,29,60000,-0.0010000000474974513,-0.0010000000474974513
ga,9,30,62000,-0.0010000000474974513,-0.0010000000474974513
ga,9,31,64000,-0.0010000000474974513,-0.0010000000474974513
ga,9,32,66000,-0.0010000000474974513,-0.0010000000474974513
ga,9,33,68000,-0.0010000000474974513,-0.0010000000474974513
ga,9,34,70000,-0.0010000000474974513,-0.0010000000474974513
ga,9,35,72000,-0.0010000000474974513,-0.0010000000474974513
ga,9,36,74000,-0.0010000000474974513,-0.0010000000474974513
ga,9,37,76000,-0.0010000000474974513,-0.0010000000474974513
ga,9,38,78000,-0.0010000000474974513,-0.0010000000474974513
ga,9,39,80000,-0.0010000000474974513,-0.0010000000474974513
ga,9,40,82000,-0.0010000000474974513,-0.0010000000474974513
ga,9,41,84000,-0.0010000000474974513,-0.0010000000474974513
ga,9,42,86000,-0.0010000000474974513,-0.0010000000474974513
ga,9,43,88000,-0.0010000000474974513,-0.0010000000474974513
ga,9,44,90000,-0.0010000000474974513,-0.0010000000474974513
ga,9,45,92000,-0.0010000000474974513,-0.0010000000474974513
ga,9,46,94000,-0.0010000000474974513,-0.0010000000474974513
ga,9,47,96000,-0.0010000000474974513,-0.0010000000474974513
ga,9,48,98000,-0.0010000000474974513,-0.0010000000474974513
ga,9,49,100000,-0.0010000000474974513,-0.0010000000474974513
ga,9,50,102000,-0.0010000000474974513,-0.0010000000474974513
ga,9,51,104000,-0.0010000000474974513,-0.0010000000474974513
ga,9,52,106000,-0.0010000000474974513,-0.0010000000474974513
ga,9,53,108000,-0.0010000000474974513,-0.0010000000474974513
ga,9,54,110000,-0.0010000000474974513,-0.0010000000474974513
ga,9,55,112000,-0.0010000000474974513,-0.0010000000474974513
ga,9,56,114000,-0.0010000000474974513,-0.0010000000474974513
ga,9,57,116000,-0.0010000000474974513,-0.0010000000474974513
ga,9,58,118000,-0.0010000000474974513,-0.0010000000474974513
ga,9,59,120000,-0.0010000000474974513,-0.0010000000474974513
ga,9,60,122000,-0.0010000000474974513,-0.0010000000474974513
ga,9,61,124000,-0.0010000000474974513,-0.0010000000474974513
ga,9,62,126000,-0.0010000000474974513,-0.0010000000474974513
ga,9,63,128000,-0.0010000000474974513,-0.0010000000474974513
ga,9,64,130000,-0.0010000000474974513,-0.0010000000474974513
ga,9,65,132000,-0.0010000000474974513,-0.0010000000474974513
ga,9,66,134000,-0.0010000000474974513,-0.0010000000474974513
ga,9,67,136000,-0.0010000000474974513,-0.0010000000474974513
ga,9,68,138000,-0.0010000000474974513,-0.0010000000474974513
ga,9,69,140000,-0.0010000000474974513,-0.0010000000474974513
ga,9,70,142000,-0.0010000000474974513,-0.0010000000474974513
ga,9,71,144000,-0.0010000000474974513,-0.0010000000474974513
ga,9,72,146000,-0.0010000000474974513,-0.0010000000474974513
ga,9,73,148000,-0.0010000000474974513,-0.0010000000474974513
ga,9,74,150000,-0.0010000000474974513,-0.0010000000474974513
ga,9,75,152000,-0.0010000000474974513,-0.0010000000474974513
ga,9,76,154000,-0.0010000000474974513,-0.0010000000474974513
ga,9,77,156000,-0.0010000000474974513,-0.0010000000474974513
ga,9,78,158000,-0.0010000000474974513,-0.0010000000474974513
ga,9,79,160000,-0.0010000000474974513,-0.0010000000474974513
ga,9,80,162000,-0.0010000000474974513,-0.0010000000474974513
ga,9,81,164000,-0.0010000000474974513,-0.0010000000474974513
ga,9,82,166000,-0.0010000000474974513,-0.0010000000474974513
ga,9,83,168000,-0.0010000000474974513,-0.0010000000474974513
ga,9,84,170000,-0.0010000000474974513,-0.0010000000474974513
ga,9,85,172000,-0.0010000000474974513,-0.0010000000474974513
ga,9,86,174000,-0.0010000000474974513,-0.0010000000474974513
ga,9,87,176000,-0.0010000000474974513,-0.0010000000474974513
ga,9,88,178000,-0.0010000000474974513,-0.0010000000474974513
ga,9,89,180000,-0.0010000000474974513,-0.0010000000474974513
ga,9,90,182000,-0.0010000000474974513,-0.0010000000474974513
ga,9,91,184000,-0.0010000000474974513,-0.0010000000474974513
ga,9,92,186000,-0.0010000000474974513,-0.0010000000474974513
ga,9,93,188000,-0.0010000000474974513,-0.0010000000474974513
ga,9,94,190000,-0.0010000000474974513,-0.0010000000474974513
ga,9,95,192000,-0.0010000000474974513,-0.0010000000474974513
ga,9,96,194000,-0.0010000000474974513,-0.0010000000474974513
ga,9,97,196000,-0.0010000000474974513,-0.0010000000474974513
ga,9,98,198000,-0.0010000000474974513,-0.0010000000474974513
ga,9,99,200000,-0.0010000000474974513,-0.0010000000474974513
ga,10,0,2000,-6.501999855041504,-6.501999855041504
ga,10,1,4000,-6.501999855041504,-6.501999855041504
ga,10,2,6000,-2.1510000228881836,-2.1510000228881836
ga,10,3,8000,-2.000999927520752,-2.000999927520752
ga,10,4,10000,-0.5529999732971191,-0.5529999732971191
ga,10,5,12000,-0.5529999732971191,-0.5529999732971191
ga,10,6,14000,-0.5529999732971191,-0.5529999732971191
ga,10,7,16000,-0.5529999732971191,-0.5529999732971191
ga,10,8,18000,-0.5529999732971191,-0.5529999732971191
ga,10,9,20000,-0.3019999861717224,-0.3019999861717224
ga,10,10,22000,-0.3019999861717224,-0.3019999861717224
ga,10,11,24000,-0.3019999861717224,-0.3019999861717224
ga,10,12,26000,-0.0010000000474974513,-0.0010000000474974513
ga,10,13,28000,-0.0010000000474974513,-0.0010000000474974513
ga,10,14,30000,-0.0010000000474974513,-0.0010000000474974513
ga,10,15,32000,-0.0010000000474974513,-0.0010000000474974513
ga,10,16,34000,-0.0010000000474974513,-0.0010000000474974513
ga,10,17,36000,-0.0010000000474974513,-0.0010000000474974513
ga,10,18,38000,-0.0010000000474974513,-0.0010000000474974513
ga,10,19,40000,-0.0010000000474974513,-0.0010000000474974513
ga,10,20,42000,-0.0010000000474974513,-0.0010000000474974513
ga,10,21,44000,-0.0010000000474974513,-0.0010000000474974513
ga,10,22,46000,-0.0010000000474974513,-0.0010000000474974513
ga,10,23,48000,-0.0010000000474974513,-0.0010000000474974513
ga,10,24,50000,-0.0010000000474974513,-0.0010000000474974513
ga,10,25,52000,-0.0010000000474974513,-0.0010000000474974513
ga,10,26,54000,-0.0010000000474974513,-0.0010000000474974513
ga,10,27,56000,-0.0010000000474974513,-0.0010000000474974513
ga,10,28,58000,-0.0010000000474974513,-0.0010000000474974513
ga,10,29,60000,-0.0010000000474974513,-0.0010000000474974513
ga,10,30,62000,-0.0010000000474974513,-0.0010000000474974513
ga,10,31,64000,-0.0010000000474974513,-0.0010000000474974513
ga,10,32,66000,-0.0010000000474974513,-0.0010000000474974513
ga,10,33,68000,-0.0010000000474974513,-0.0010000000474974513
ga,10,34,70000,-0.0010000000474974513,-0.0010000000474974513
ga,10,35,72000,-0.0010000000474974513,-0.0010000000474974513
ga,10,36,74000,-0.0010000000474974513,-0.0010000000474974513
ga,10,37,76000,-0.0010000000474974513,-0.0010000000474974513
ga,10,38,78000,-0.0010000000474974513,-0.0010000000474974513
ga,10,39,80000,-0.0010000000474974513,-0.0010000000474974513
ga,10,40,82000,-0.0010000000474974513,-0.0010000000474974513
ga,10,41,84000,-0.0010000000474974513,-0.0010000000474974513
ga,10,42,86000,-0.0010000000474974513,-0.0010000000474974513
ga,10,43,88000,-0.0010000000474974513,-0.0010000000474974513
ga,10,44,90000,-0.0010000000474974513,-0.0010000000474974513
ga,10,45,92000,-0.0010000000474974513,-0.0010000000474974513
ga,10,46,94000,-0.0010000000474974513,-0.0010000000474974513
ga,10,47,96000,-0.0010000000474974513,-0.0010000000474974513
ga,10,48,98000,-0.0010000000474974513,-0.0010000000474974513
ga,10,49,100000,-0.0010000000474974513,-0.0010000000474974513
ga,10,50,102000,-0.0010000000474974513,-0.0010000000474974513
ga,10,51,104000,-0.0010000000474974513,-0.0010000000474974513
ga,10,52,106000,-0.0010000000474974513,-0.0010000000474974513
ga,10,53,108000,-0.0010000000474974513,-0.0010000000474974513
ga,10,54,110000,-0.0010000000474974513,-0.0010000000474974513
ga,10,55,112000,-0.0010000000474974513,-0.0010000000474974513
ga,10,56,114000,-0.0010000000474974513,-0.0010000000474974513
ga,10,57,116000,-0.0010000000474974513,-0.0010000000474974513
ga,10,58,118000,-0.0010000000474974513,-0.0010000000474974513
ga,10,59,120000,-0.0010000000474974513,-0.0010000000474974513
ga,10,60,122000,-0.0010000000474974513,-0.0010000000474974513
ga,10,61,124000,-0.0010000000474974513,-0.0010000000474974513
ga,10,62,126000,-0.0010000000474974513,-0.0010000000474974513
ga,10,63,128000,-0.0010000000474974513,-0.0010000000474974513
ga,10,64,130000,-0.0010000000474974513,-0.0010000000474974513
ga,10,65,132000,-0.0010000000474974513,-0.0010000000474974513
ga,10,66,134000,-0.0010000000474974513,-0.0010000000474974513
ga,10,67,136000,-0.0010000000474974513,-0.0010000000474974513
ga,10,68,138000,-0.0010000000474974513,-0.0010000000474974513
ga,10,69,140000,-0.0010000000474974513,-0.0010000000474974513
ga,10,70,142000,-0.0010000000474974513,-0.0010000000474974513
ga,10,71,144000,-0.0010000000474974513,-0.0010000000474974513
ga,10,72,146000,-0.0010000000474974513,-0.0010000000474974513
ga,10,73,148000,-0.0010000000474974513,-0.0010000000474974513
ga,10,74,150000,-0.0010000000474974513,-0.0010000000474974513
ga,10,75,152000,-0.0010000000474974513,-0.0010000000474974513
ga,10,76,154000,-0.0010000000474974513,-0.0010000000474974513
ga,10,77,156000,-0.0010000000474974513,-0.0010000000474974513
ga,10,78,158000,-0.0010000000474974513,-0.0010000000474974513
ga,10,79,160000,-0.0010000000474974513,-0.0010000000474974513
ga,10,80,162000,-0.0010000000474974513,-0.0010000000474974513
ga,10,81,164000,-0.0010000000474974513,-0.0010000000474974513
ga,10,82,166000,-0.0010000000474974513,-0.0010000000474974513
ga,10,83,168000,-0.0010000000474974513,-0.0010000000474974513
ga,10,84,170000,-0.0010000000474974513,-0.0010000000474974513
ga,10,85,172000,-0.0010000000474974513,-0.0010000000474974513
ga,10,86,174000,-0.0010000000474974513,-0.0010000000474974513
ga,10,87,176000,-0.0010000000474974513,-0.0010000000474974513
ga,10,88,178000,-0.0010000000474974513,-0.0010000000474974513
ga,10,89,180000,-0.0010000000474974513,-0.0010000000474974513
ga,10,90,182000,-0.0010000000474974513,-0.0010000000474974513
ga,10,91,184000,-0.0010000000474974513,-0.0010000000474974513
ga,10,92,186000,-0.0010000000474974513,-0.0010000000474974513
ga,10,93,188000,-0.0010000000474974513,-0.0010000000474974513
ga,10,94,190000,-0.0010000000474974513,-0.0010000000474974513
ga,10,95,192000,-0.0010000000474974513,-0.0010000000474974513
ga,10,96,194000,-0.0010000000474974513,-0.0010000000474974513
ga,10,97,196000,-0.0010000000474974513,-0.0010000000474974513
ga,10,98,198000,-0.0010000000474974513,-0.0010000000474974513
ga,10,99,200000,-0.0010000000474974513,-0.0010000000474974513
ga,11,0,2000,-5.001999855041504,-5.001999855041504
ga,11,1,4000,-5.001999855041504,-5.001999855041504
ga,11,2,6000,-1.003000020980835,-1.003000020980835
ga,11,3,8000,-1.003000020980835,-1.003000020980835
ga,11,4,10000,-1.003000020980835,-1.003000020980835
ga,11,5,12000,-1.003000020980835,-1.003000020980835
ga,11,6,14000,-1.003000020980835,-1.003000020980835
ga,11,7,16000,-1.003000020980835,-1.003000020980835
ga,11,8,18000,-1.0010000467300415,-1.0010000467300415
ga,11,9,20000,-0.0020000000949949026,-0.0020000000949949026
ga,11,10,22000,-0.0020000000949949026,-0.0020000000949949026
ga,11,11,24000,-0.0020000000949949026,-0.0020000000949949026
ga,11,12,26000,-0.0020000000949949026,-0.0020000000949949026
ga,11,13,28000,-0.0020000000949949026,-0.0020000000949949026
ga,11,14,30000,-0.0010000000474974513,-0.0010000000474974513
ga,11,15,32000,-0.0010000000474974513,-0.0010000000474974513
ga,11,16,34000,-0.0010000000474974513,-0.0010000000474974513
ga,11,17,36000,-0.0010000000474974513,-0.0010000000474974513
ga,11,18,38000,-0.0010000000474974513,-0.0010000000474974513
ga,11,19,40000,-0.0010000000474974513,-0.0010000000474974513
ga,11,20,42000,-0.0010000000474974513,-0.0010000000474974513
ga,11,21,44000,-0.0010000000474974513,-0.0010000000474974513
ga,11,22,46000,-0.0010000000474974513,-0.0010000000474974513
ga,11,23,48000,-0.0010000000474974513,-0.0010000000474974513
ga,11,24,50000,-0.0010000000474974513,-0.0010000000474974513
ga,11,25,52000,-0.0010000000474974513,-0.0010000000474974513
ga,11,26,54000,-0.0010000000474974513,-0.0010000000474974513
ga,11,27,56000,-0.0010000000474974513,-0.0010000000474974513
ga,11,28,58000,-0.0010000000474974513,-0.0010000000474974513
ga,11,29,60000,-0.0010000000474974513,-0.0010000000474974513
ga,11,30,62000,-0.0010000000474974513,-0.0010000000474974513
ga,11,31,64000,-0.0010000000474974513,-0.0010000000474974513
ga,11,32,66000,-0.0010000000474974513,-0.0010000000474974513
ga,11,33,68000,-0.0010000000474974513,-0.0010000000474974513
ga,11,34,70000,-0.0010000000474974513,-0.0010000000474974513
ga,11,35,72000,-0.0010000000474974513,-0.0010000000474974513
ga,11,36,74000,-0.0010000000474974513,-0.0010000000474974513
ga,11,37,76000,-0.0010000000474974513,-0.0010000000474974513
ga,11,38,78000,-0.0010000000474974513,-0.0010000000474974513
ga,11,39,80000,-0.0010000000474974513,-0.0010000000474974513
ga,11,40,82000,-0.0010000000474974513,-0.0010000000474974513
ga,11,41,84000,-0.0010000000474974513,-0.0010000000474974513
ga,11,42,86000,-0.0010000000474974513,-0.0010000000474974513
ga,11,43,88000,-0.0010000000474974513,-0.0010000000474974513
ga,11,44,90000,-0.0010000000474974513,-0.0010000000474974513
ga,11,45,92000,-0.0010000000474974513,-0.0010000000474974513
ga,11,46,94000,-0.0010000000474974513,-0.0010000000474974513
ga,11,47,96000,-0.0010000000474974513,-0.0010000000474974513
ga,11,48,98000,-0.0010000000474974513,-0.0010000000474974513
ga,11,49,100000,-0.0010000000474974513,-0.0010000000474974513
ga,11,50,102000,-0.0010000000474974513,-0.0010000000474974513
ga,11,51,104000,-0.0010000000474974513,-0.0010000000474974513
ga,11,52,106000,-0.0010000000474974513,-0.0010000000474974513
ga,11,53,108000,-0.0010000000474974513,-0.0010000000474974513
ga,11,54,110000,-0.0010000000474974513,-0.0010000000474974513
ga,11,55,112000,-0.0010000000474974513,-0.0010000000474974513
ga,11,56,114000,-0.0010000000474974513,-0.0010000000474974513
ga,11,57,116000,-0.0010000000474974513,-0.0010000000474974513
ga,11,58,118000,-0.0010000000474974513,-0.0010000000474974513
ga,11,59,120000,-0.0010000000474974513,-0.0010000000474974513
ga,11,60,122000,-0.0010000000474974513,-0.0010000000474974513
ga,11,61,124000,-0.0010000000474974513,-0.0010000000474974513
ga,11,62,126000,-0.0010000000474974513,-0.0010000000474974513
ga,11,63,128000,-0.0010000000474974513,-0.0010000000474974513
ga,11,64,130000,-0.0010000000474974513,-0.0010000000474974513
ga,11,65,132000,-0.0010000000474974513,-0.0010000000474974513
ga,11,66,134000,-0.0010000000474974513,-0.0010000000474974513
ga,11,67,136000,-0.0010000000474974513,-0.0010000000474974513
ga,11,68,138000,-0.0010000000474974513,-0.0010000000474974513
ga,11,69,140000,-0.0010000000474974513,-0.0010000000474974513
ga,11,70,142000,-0.0010000000474974513,-0.0010000000474974513
ga,11,71,144000,-0.0010000000474974513,-0.0010000000474974513
ga,11,72,146000,-0.0010000000474974513,-0.0010000000474974513
ga,11,73,148000,-0.0010000000474974513,-0.0010000000474974513
ga,11,74,150000,-0.0010000000474974513,-0.0010000000474974513
ga,11,75,152000,-0.0010000000474974513,-0.0010000000474974513
ga,11,76,154000,-0.0010000000474974513,-0.0010000000474974513
ga,11,77,156000,-0.0010000000474974513,-0.0010000000474974513
ga,11,78,158000,-0.0010000000474974513,-0.0010000000474974513
ga,11,79,160000,-0.0010000000474974513,-0.0010000000474974513
ga,11,80,162000,-0.0010000000474974513,-0.0010000000474974513
ga,11,81,164000,-0.0010000000474974513,-0.0010000000474974513
ga,11,82,166000,-0.0010000000474974513,-0.0010000000474974513
ga,11,83,168000,-0.0010000000474974513,-0.0010000000474974513
ga,11,84,170000,-0.0010000000474974513,-0.0010000000474974513
ga,11,85,172000,-0.0010000000474974513,-0.0010000000474974513
ga,11,86,174000,-0.0010000000474974513,-0.0010000000474974513
ga,11,87,176000,-0.0010000000474974513,-0.0010000000474974513
ga,11,88,178000,-0.0010000000474974513,-0.0010000000474974513
ga,11,89,180000,-0.0010000000474974513,-0.0010000000474974513
ga,11,90,182000,-0.0010000000474974513,-0.0010000000474974513
ga,11,91,184000,-0.0010000000474974513,-0.0010000000474974513
ga,11,92,186000,-0.0010000000474974513,-0.0010000000474974513
ga,11,93,188000,-0.0010000000474974513,-0.0010000000474974513
ga,11,94,190000,-0.0010000000474974513,-0.0010000000474974513
ga,11,95,192000,-0.0010000000474974513,-0.0010000000474974513
ga,11,96,194000,-0.0010000000474974513,-0.0010000000474974513
ga,11,97,196000,-0.0010000000474974513,-0.0010000000474974513
ga,11,98,198000,-0.0010000000474974513,-0.0010000000474974513
ga,11,99,200000,-0.0010000000474974513,-0.0010000000474974513
ga,12,0,2000,-8.60099983215332,-8.60099983215332
ga,12,1,4000,-4.702000141143799,-4.702000141143799
ga,12,2,6000,-2.4509999752044678,-2.4509999752044678
ga,12,3,8000,-2.4509999752044678,-2.4509999752044678
ga,12,4,10000,-2.4509999752044678,-2.4509999752044678
ga,12,5,12000,-2.4509999752044678,-2.4509999752044678
ga,12,6,14000,-0.0010000000474974513,-0.0010000000474974513
ga,12,7,16000,-0.0010000000474974513,-0.0010000000474974513
ga,12,8,18000,-0.0010000000474974513,-0.0010000000474974513
ga,12,9,20000,-0.0010000000474974513,-0.0010000000474974513
ga,12,10,22000,-0.0010000000474974513,-0.0010000000474974513
ga,12,11,24000,-0.0010000000474974513,-0.0010000000474974513
ga,12,12,26000,-0.0010000000474974513,-0.0010000000474974513
ga,12,13,28000,-0.0010000000474974513,-0.0010000000474974513
ga,12,14,30000,-0.0010000000474974513,-0.0010000000474974513
ga,12,15,32000,-0.0010000000474974513,-0.0010000000474974513
ga,12,16,34000,-0.0010000000474974513,-0.0010000000474974513
ga,12,17,36000,-0.0010000000474974513,-0.0010000000474974513
ga,12,18,38000,-0.0010000000474974513,-0.0010000000474974513
ga,12,19,40000,-0.0010000000474974513,-0.0010000000474974513
ga,12,20,42000,-0.0010000000474974513,-0.0010000000474974513
ga,12,21,44000,-0.0010000000474974513,-0.0010000000474974513
ga,12,22,46000,-0.0010000000474974513,-0.0010000000474974513
ga,12,23,48000,-0.0010000000474974513,-0.0010000000474974513
ga,12,24,50000,-0.0010000000474974513,-0.0010000000474974513
ga,12,25,52000,-0.0010000000474974513,-0.0010000000474974513
ga,12,26,54000,-0.0010000000474974513,-0.0010000000474974513
ga,12,27,56000,-0.0010000000474974513,-0.0010000000474974513
ga,12,28,58000,-0.0010000000474974513,-0.0010000000474974513
ga,12,29,60000,-0.0010000000474974513,-0.0010000000474974513
ga,12,30,62000,-0.0010000000474974513,-0.0010000000474974513
ga,12,31,64000,-0.0010000000474974513,-0.0010000000474974513
ga,12,32,66000,-0.0010000000474974513,-0.0010000000474974513
ga,12,33,68000,-0.0010000000474974513,-0.0010000000474974513
ga,12,34,70000,-0.0010000000474974513,-0.0010000000474974513
ga,12,35,72000,-0.0010000000474974513,-0.0010000000474974513
ga,12,36,74000,-0.0010000000474974513,-0.0010000000474974513
ga,12,37,76000,-0.0010000000474974513,-0.0010000000474974513
ga,12,38,78000,-0.0010000000474974513,-0.0010000000474974513
ga,12,39,80000,-0.0010000000474974513,-0.0010000000474974513
ga,12,40,82000,-0.0010000000474974513,-0.0010000000474974513
ga,12,41,84000,-0.0010000000474974513,-0.0010000000474974513
ga,12,42,86000,-0.0010000000474974513,-0.0010000000474974513
ga,12,43,88000,-0.0010000000474974513,-0.0010000000474974513
ga,12,44,90000,-0.0010000000474974513,-0.0010000000474974513
ga,12,45,92000,-0.0010000000474974513,-0.0010000000474974513
ga,12,46,94000,-0.0010000000474974513,-0.0010000000474974513
ga,12,47,96000,-0.0010000000474974513,-0.0010000000474974513
ga,12,48,98000,-0.0010000000474974513,-0.0010000000474974513
ga,12,49,100000,-0.0010000000474974513,-0.0010000000474974513
ga,12,50,102000,-0.0010000000474974513,-0.0010000000474974513
ga,12,51,104000,-0.0010000000474974513,-0.0010000000474974513
ga,12,52,106000,-0.0010000000474974513,-0.0010000000474974513
ga,12,53,108000,-0.0010000000474974513,-0.0010000000474974513
ga,12,54,110000,-0.0010000000474974513,-0.0010000000474974513
ga,12,55,112000,-0.0010000000474974513,-0.0010000000474974513
ga,12,56,114000,-0.0010000000474974513,-0.0010000000474974513
ga,12,57,116000,-0.0010000000474974513,-0.0010000000474974513
ga,12,58,118000,-0.0010000000474974513,-0.0010000000474974513
ga,12,59,120000,-0.0010000000474974513,-0.0010000000474974513
ga,12,60,122000,-0.0010000000474974513,-0.0010000000474974513
ga,12,61,124000,-0.0010000000474974513,-0.0010000000474974513
ga,12,62,126000,-0.0010000000474974513,-0.0010000000474974513
ga,12,63,128000,-0.0010000000474974513,-0.0010000000474974513
ga,12,64,130000,-0.0010000000474974513,-0.0010000000474974513
ga,12,65,132000,-0.0010000000474974513,-0.0010000000474974513
ga,12,66,134000,-0.0010000000474974513,-0.0010000000474974513
ga,12,67,136000,-0.0010000000474974513,-0.0010000000474974513
ga,12,68,138000,-0.0010000000474974513,-0.0010000000474974513
ga,12,69,140000,-0.0010000000474974513,-0.0010000000474974513
ga,12,70,142000,-0.0010000000474974513,-0.0010000000474974513
ga,12,71,144000,-0.0010000000474974513,-0.0010000000474974513
ga,12,72,146000,-0.0010000000474974513,-0.0010000000474974513
ga,12,73,148000,-0.0010000000474974513,-0.0010000000474974513
ga,12,74,150000,-0.0010000000474974513,-0.0010000000474974513
ga,12,75,152000,-0.0010000000474974513,-0.0010000000474974513
ga,12,76,154000,-0.0010000000474974513,-0.0010000000474974513
ga,12,77,156000,-0.0010000000474974513,-0.0010000000474974513
ga,12,78,158000,-0.0010000000474974513,-0.0010000000474974513
ga,12,79,160000,-0.0010000000474974513,-0.0010000000474974513
ga,12,80,162000,-0.0010000000474974513,-0.0010000000474974513
ga,12,81,164000,-0.0010000000474974513,-0.0010000000474974513
ga,12,82,166000,-0.0010000000474974513,-0.0010000000474974513
ga,12,83,168000,-0.0010000000474974513,-0.0010000000474974513
ga,12,84,170000,-0.0010000000474974513,-0.0010000000474974513
ga,12,85,172000,-0.0010000000474974513,-0.0010000000474974513
ga,12,86,174000,-0.0010000000474974513,-0.0010000000474974513
ga,12,87,176000,-0.0010000000474974513,-0.0010000000474974513
ga,12,88,178000,-0.0010000000474974513,-0.0010000000474974513
ga,12,89,180000,-0.0010000000474974513,-0.0010000000474974513
ga,12,90,182000,-0.0010000000474974513,-0.0010000000474974513
ga,12,91,184000,-0.0010000000474974513,-0.0010000000474974513
ga,12,92,186000,-0.0010000000474974513,-0.0010000000474974513
ga,12,93,188000,-0.0010000000474974513,-0.0010000000474974513
ga,12,94,190000,-0.0010000000474974513,-0.0010000000474974513
ga,12,95,192000,-0.0010000000474974513,-0.0010000000474974513
ga,12,96,194000,-0.0010000000474974513,-0.0010000000474974513
ga,12,97,196000,-0.0010000000474974513,-0.0010000000474974513
ga,12,98,198000,-0.0010000000474974513,-0.0010000000474974513
ga,12,99,200000,-0.0010000000474974513,-0.0010000000474974513
ga,13,0,2000,-5.002999782562256,-5.002999782562256
ga,13,1,4000,-5.002999782562256,-5.002999782562256
ga,13,2,6000,-0.0010000000474974513,-0.0010000000474974513
ga,13,3,8000,-0.0010000000474974513,-0.0010000000474974513
ga,13,4,10000,-0.0010000000474974513,-0.0010000000474974513
ga,13,5,12000,-0.0010000000474974513,-0.0010000000474974513
ga,13,6,14000,-0.0010000000474974513,-0.0010000000474974513
ga,13,7,16000,-0.0010000000474974513,-0.0010000000474974513
ga,13,8,18000,-0.0010000000474974513,-0.0010000000474974513
ga,13,9,20000,-0.0010000000474974513,-0.0010000000474974513
ga,13,10,22000,-0.0010000000474974513,-0.0010000000474974513
ga,13,11,24000,-0.0010000000474974513,-0.0010000000474974513
ga,13,12,26000,-0.0010000000474974513,-0.0010000000474974513
ga,13,13,28000,-0.0010000000474974513,-0.0010000000474974513
ga,13,14,30000,-0.0010000000474974513,-0.0010000000474974513
ga,13,15,32000,-0.0010000000474974513,-0.0010000000474974513
ga,13,16,34000,-0.0010000000474974513,-0.0010000000474974513
ga,13,17,36000,-0.0010000000474974513,-0.0010000000474974513
ga,13,18,38000,-0.0010000000474974513,-0.0010000000474974513
ga,13,19,40000,-0.0010000000474974513,-0.0010000000474974513
ga,13,20,42000,-0.0010000000474974513,-0.0010000000474974513
ga,13,21,44000,-0.0010000000474974513,-0.0010000000474974513
ga,13,22,46000,-0.0010000000474974513,-0.0010000000474974513
ga,13,23,48000,-0.0010000000474974513,-0.0010000000474974513
ga,13,24,50000,-0.0010000000474974513,-0.0010000000474974513
ga,13,25,52000,-0.0010000000474974513,-0.0010000000474974513
ga,13,26,54000,-0.0010000000474974513,-0.0010000000474974513
ga,13,27,56000,-0.0010000000474974513,-0.0010000000474974513
ga,13,28,58000,-0.0010000000474974513,-0.0010000000474974513
ga,13,29,60000,-0.0010000000474974513,-0.0010000000474974513
ga,13,30,62000,-0.0010000000474974513,-0.0010000000474974513
ga,13,31,64000,-0.0010000000474974513,-0.0010000000474974513
ga,13,32,66000,-0.0010000000474974513,-0.0010000000474974513
ga,13,33,68000,-0.0010000000474974513,-0.0010000000474974513
ga,13,34,70000,-0.0010000000474974513,-0.0010000000474974513
ga,13,35,72000,-0.0010000000474974513,-0.0010000000474974513
ga,13,36,74000,-0.0010000000474974513,-0.0010000000474974513
ga,13,37,76000,-0.0010000000474974513,-0.0010000000474974513
ga,13,38,78000,-0.0010000000474974513,-0.0010000000474974513
ga,13,39,80000,-0.0010000000474974513,-0.0010000000474974513
ga,13,40,82000,-0.0010000000474974513,-0.0010000000474974513
ga,13,41,84000,-0.0010000000474974513,-0.0010000000474974513
ga,13,42,86000,-0.0010000000474974513,-0.0010000000474974513
ga,13,43,88000,-0.0010000000474974513,-0.0010000000474974513
ga,13,44,90000,-0.0010000000474974513,-0.0010000000474974513
ga,13,45,92000,-0.0010000000474974513,-0.0010000000474974513
ga,13,46,94000,-0.0010000000474974513,-0.0010000000474974513
ga,13,47,96000,-0.0010000000474974513,-0.0010000000474974513
ga,13,48,98000,-0.0010000000474974513,-0.0010000000474974513
ga,13,49,100000,-0.0010000000474974513,-0.0010000000474974513
ga,13,50,102000,-0.0010000000474974513,-0.0010000000474974513
ga,13,51,104000,-0.0010000000474974513,-0.0010000000474974513
ga,13,52,106000,-0.0010000000474974513,-0.0010000000474974513
ga,13,53,108000,-0.0010000000474974513,-0.0010000000474974513
ga,13,54,110000,-0.0010000000474974513,-0.0010000000474974513
ga,13,55,112000,-0.0010000000474974513,-0.0010000000474974513
ga,13,56,114000,-0.0010000000474974513,-0.0010000000474974513
ga,13,57,116000,-0.0010000000474974513,-0.0010000000474974513
ga,13,58,118000,-0.0010000000474974513,-0.0010000000474974513
ga,13,59,120000,-0.0010000000474974513,-0.0010000000474974513
ga,13,60,122000,-0.0010000000474974513,-0.0010000000474974513
ga,13,61,124000,-0.0010000000474974513,-0.0010000000474974513
ga,13,62,126000,-0.0010000000474974513,-0.0010000000474974513
ga,13,63,128000,-0.0010000000474974513,-0.0010000000474974513
ga,13,64,130000,-0.0010000000474974513,-0.0010000000474974513
ga,13,65,132000,-0.0010000000474974513,-0.0010000000474974513
ga,13,66,134000,-0.0010000000474974513,-0.0010000000474974513
ga,13,67,136000,-0.0010000000474974513,-0.0010000000474974513
ga,13,68,138000,-0.0010000000474974513,-0.0010000000474974513
ga,13,69,140000,-0.0010000000474974513,-0.0010000000474974513
ga,13,70,142000,-0.0010000000474974513,-0.0010000000474974513
ga,13,71,144000,-0.0010000000474974513,-0.0010000000474974513
ga,13,72,146000,-0.0010000000474974513,-0.0010000000474974513
ga,13,73,148000,-0.0010000000474974513,-0.0010000000474974513
ga,13,74,150000,-0.0010000000474974513,-0.0010000000474974513
ga,13,75,152000,-0.0010000000474974513,-0.0010000000474974513
ga,13,76,154000,-0.0010000000474974513,-0.0010000000474974513
ga,13,77,156000,-0.0010000000474974513,-0.0010000000474974513
ga,13,78,158000,-0.0010000000474974513,-0.0010000000474974513
ga,13,79,160000,-0.0010000000474974513,-0.0010000000474974513
ga,13,80,162000,-0.0010000000474974513,-0.0010000000474974513
ga,13,81,164000,-0.0010000000474974513,-0.0010000000474974513
ga,13,82,166000,-0.0010000000474974513,-0.0010000000474974513
ga,13,83,168000,-0.0010000000474974513,-0.0010000000474974513
ga,13,84,170000,-0.0010000000474974513,-0.0010000000474974513
ga,13,85,172000,-0.0010000000474974513,-0.0010000000474974513
ga,13,86,174000,-0.0010000000474974513,-0.0010000000474974513
ga,13,87,176000,-0.0010000000474974513,-0.0010000000474974513
ga,13,88,178000,-0.0010000000474974513,-0.0010000000474974513
ga,13,89,180000,-0.0010000000474974513,-0.0010000000474974513
ga,13,90,182000,-0.0010000000474974513,-0.0010000000474974513
ga,13,91,184000,-0.0010000000474974513,-0.0010000000474974513
ga,13,92,186000,-0.0010000000474974513,-0.0010000000474974513
ga,13,93,188000,-0.0010000000474974513,-0.0010000000474974513
ga,13,94,190000,-0.0010000000474974513,-0.0010000000474974513
ga,13,95,192000,-0.0010000000474974513,-0.0010000000474974513
ga,13,96,194000,-0.0010000000474974513,-0.0010000000474974513
ga,13,97,196000,-0.0010000000474974513,-0.0010000000474974513
ga,13,98,198000,-0.0010000000474974513,-0.0010000000474974513
ga,13,99,200000,-0.0010000000474974513,-0.0010000000474974513
ga,14,0,2000,-4.001999855041504,-4.001999855041504
ga,14,1,4000,-4.001999855041504,-4.001999855041504
ga,14,2,6000,-4.001999855041504,-4.001999855041504
ga,14,3,8000,-4.001999855041504,-4.001999855041504
ga,14,4,10000,-4.001999855041504,-4.001999855041504
ga,14,5,12000,-3.055999994277954,-3.055999994277954
ga,14,6,14000,-1.003999948501587,-1.003999948501587
ga,14,7,16000,-1.003999948501587,-1.003999948501587
ga,14,8,18000,-1.003999948501587,-1.003999948501587
ga,14,9,20000,-0.0010000000474974513,-0.0010000000474974513
ga,14,10,22000,-0.0010000000474974513,-0.0010000000474974513
ga,14,11,24000,-0.0010000000474974513,-0.0010000000474974513
ga,14,12,26000,-0.0010000000474974513,-0.0010000000474974513
ga,14,13,28000,-0.0010000000474974513,-0.0010000000474974513
ga,14,14,30000,-0.0010000000474974513,-0.0010000000474974513
ga,14,15,32000,-0.0010000000474974513,-0.0010000000474974513
ga,14,16,34000,-0.0010000000474974513,-0.0010000000474974513
ga,14,17,36000,-0.0010000000474974513,-0.0010000000474974513
ga,14,18,38000,-0.0010000000474974513,-0.0010000000474974513
ga,14,19,40000,-0.0010000000474974513,-0.0010000000474974513
ga,14,20,42000,-0.0010000000474974513,-0.0010000000474974513
ga,14,21,44000,-0.0010000000474974513,-0.0010000000474974513
ga,14,22,46000,-0.0010000000474974513,-0.0010000000474974513
ga,14,23,48000,-0.0010000000474974513,-0.0010000000474974513
ga,14,24,50000,-0.0010000000474974513,-0.0010000000474974513
ga,14,25,52000,-0.0010000000474974513,-0.0010000000474974513
ga,14,26,54000,-0.0010000000474974513,-0.0010000000474974513
ga,14,27,56000,-0.0010000000474974513,-0.0010000000474974513
ga,14,28,58000,-0.0010000000474974513,-0.0010000000474974513
ga,14,29,60000,-0.0010000000474974513,-0.0010000000474974513
ga,14,30,62000,-0.0010000000474974513,-0.0010000000474974513
ga,14,31,64000,-0.0010000000474974513,-0.0010000000474974513
ga,14,32,66000,-0.0010000000474974513,-0.0010000000474974513
ga,14,33,68000,-0.0010000000474974513,-0.0010000000474974513
ga,14,34,70000,-0.0010000000474974513,-0.0010000000474974513
ga,14,35,72000,-0.0010000000474974513,-0.0010000000474974513
ga,14,36,74000,-0.0010000000474974513,-0.0010000000474974513
ga,14,37,76000,-0.0010000000474974513,-0.0010000000474974513
ga,14,38,78000,-0.0010000000474974513,-0.0010000000474974513
ga,14,39,80000,-0.0010000000474974513,-0.0010000000474974513
ga,14,40,82000,-0.0010000000474974513,-0.0010000000474974513
ga,14,41,84000,-0.0010000000474974513,-0.0010000000474974513
ga,14,42,86000,-0.0010000000474974513,-0.0010000000474974513
ga,14,43,88000,-0.0010000000474974513,-0.0010000000474974513
ga,14,44,90000,-0.0010000000474974513,-0.0010000000474974513
ga,14,45,92000,-0.0010000000474974513,-0.0010000000474974513
ga,14,46,94000,-0.0010000000474974513,-0.0010000000474974513
ga,14,47,96000,-0.0010000000474974513,-0.0010000000474974513
ga,14,48,98000,-0.0010000000474974513,-0.0010000000474974513
ga,14,49,100000,-0.0010000000474974513,-0.0010000000474974513
ga,14,50,102000,-0.0010000000474974513,-0.0010000000474974513
ga,14,51,104000,-0.0010000000474974513,-0.0010000000474974513
ga,14,52,106000,-0.0010000000474974513,-0.0010000000474974513
ga,14,53,108000,-0.0010000000474974513,-0.0010000000474974513
ga,14,54,110000,-0.0010000000474974513,-0.0010000000474974513
ga,14,55,112000,-0.0010000000474974513,-0.0010000000474974513
ga,14,56,114000,-0.0010000000474974513,-0.0010000000474974513
ga,14,57,116000,-0.0010000000474974513,-0.0010000000474974513
ga,14,58,118000,-0.0010000000474974513,-0.0010000000474974513
ga,14,59,120000,-0.0010000000474974513,-0.0010000000474974513
ga,14,60,122000,-0.0010000000474974513,-0.0010000000474974513
ga,14,61,124000,-0.0010000000474974513,-0.0010000000474974513
ga,14,62,126000,-0.0010000000474974513,-0.0010000000474974513
ga,14,63,128000,-0.0010000000474974513,-0.0010000000474974513
ga,14,64,130000,-0.0010000000474974513,-0.0010000000474974513
ga,14,65,132000,-0.0010000000474974513,-0.0010000000474974513
ga,14,66,134000,-0.0010000000474974513,-0.0010000000474974513
ga,14,67,136000,-0.0010000000474974513,-0.0010000000474974513
ga,14,68,138000,-0.0010000000474974513,-0.0010000000474974513
ga,14,69,140000,-0.0010000000474974513,-0.0010000000474974513
ga,14,70,142000,-0.0010000000474974513,-0.0010000000474974513
ga,14,71,144000,-0.0010000000474974513,-0.0010000000474974513
ga,14,72,146000,-0.0010000000474974513,-0.0010000000474974513
ga,14,73,148000,-0.0010000000474974513,-0.0010000000474974513
ga,14,74,150000,-0.0010000000474974513,-0.0010000000474974513
ga,14,75,152000,-0.0010000000474974513,-0.0010000000474974513
ga,14,76,154000,-0.0010000000474974513,-0.0010000000474974513
ga,14,77,156000,-0.0010000000474974513,-0.0010000000474974513
ga,14,78,158000,-0.0010000000474974513,-0.0010000000474974513
ga,14,79,160000,-0.0010000000474974513,-0.0010000000474974513
ga,14,80,162000,-0.0010000000474974513,-0.0010000000474974513
ga,14,81,164000,-0.0010000000474974513,-0.0010000000474974513
ga,14,82,166000,-0.0010000000474974513,-0.0010000000474974513
ga,14,83,168000,-0.0010000000474974513,-0.0010000000474974513
ga,14,84,170000,-0.0010000000474974513,-0.0010000000474974513
ga,14,85,172000,-0.0010000000474974513,-0.0010000000474974513
ga,14,86,174000,-0.0010000000474974513,-0.0010000000474974513
ga,14,87,176000,-0.0010000000474974513,-0.0010000000474974513
ga,14,88,178000,-0.0010000000474974513,-0.0010000000474974513
ga,14,89,180000,-0.0010000000474974513,-0.0010000000474974513
ga,14,90,182000,-0.0010000000474974513,-0.0010000000474974513
ga,14,91,184000,-0.0010000000474974513,-0.0010000000474974513
ga,14,92,186000,-0.0010000000474974513,-0.0010000000474974513
ga,14,93,188000,-0.0010000000474974513,-0.0010000000474974513
ga,14,94,190000,-0.0010000000474974513,-0.0010000000474974513
ga,14,95,192000,-0.0010000000474974513,-0.0010000000474974513
ga,14,96,194000,-0.0010000000474974513,-0.0010000000474974513
ga,14,97,196000,-0.0010000000474974513,-0.0010000000474974513
ga,14,98,198000,-0.0010000000474974513,-0.0010000000474974513
ga,14,99,200000,-0.0010000000474974513,-0.0010000000474974513
ga,15,0,2000,-5.4029998779296875,-5.4029998779296875
ga,15,1,4000,-5.4029998779296875,-5.4029998779296875
ga,15,2,6000,-1.0019999742507935,-1.0019999742507935
ga,15,3,8000,-1.0019999742507935,-1.0019999742507935
ga,15,4,10000,-2.509000062942505,-1.0019999742507935
ga,15,5,12000,-1.409999966621399,-1.0019999742507935
ga,15,6,14000,-0.25999999046325684,-0.25999999046325684
ga,15,7,16000,-2.6019999980926514,-0.25999999046325684
ga,15,8,18000,-2.9019999504089355,-0.25999999046325684
ga,15,9,20000,-1.003000020980835,-0.25999999046325684
ga,15,10,22000,-1.1549999713897705,-0.25999999046325684
ga,15,11,24000,-2.003000020980835,-0.25999999046325684
ga,15,12,26000,-1.3589999675750732,-0.25999999046325684
ga,15,13,28000,-2.003000020980835,-0.25999999046325684
ga,15,14,30000,-1.0089999437332153,-0.25999999046325684
ga,15,15,32000,-1.0520000457763672,-0.25999999046325684
ga,15,16,34000,-0.003000000026077032,-0.003000000026077032
ga,15,17,36000,-0.003000000026077032,-0.003000000026077032
ga,15,18,38000,-0.003000000026077032,-0.003000000026077032
ga,15,19,40000,-0.003000000026077032,-0.003000000026077032
ga,15,20,42000,-0.003000000026077032,-0.003000000026077032
ga,15,21,44000,-0.003000000026077032,-0.003000000026077032
ga,15,22,46000,-0.003000000026077032,-0.003000000026077032
ga,15,23,48000,-0.003000000026077032,-0.003000000026077032
ga,15,24,50000,-0.003000000026077032,-0.003000000026077032
ga,15,25,52000,-0.003000000026077032,-0.003000000026077032
ga,15,26,54000,-0.003000000026077032,-0.003000000026077032
ga,15,27,56000,-0.003000000026077032,-0.003000000026077032
ga,15,28,58000,-0.003000000026077032,-0.003000000026077032
ga,15,29,60000,-0.0020000000949949026,-0.0020000000949949026
ga,15,30,62000,-0.0020000000949949026,-0.0020000000949949026
ga,15,31,64000,-0.0020000000949949026,-0.0020000000949949026
ga,15,32,66000,-0.0020000000949949026,-0.0020000000949949026
ga,15,33,68000,-0.0020000000949949026,-0.0020000000949949026
ga,15,34,70000,-0.0020000000949949026,-0.0020000000949949026
ga,15,35,72000,-0.0010000000474974513,-0.0010000000474974513
ga,15,36,74000,-0.0010000000474974513,-0.0010000000474974513
ga,15,37,76000,-0.0010000000474974513,-0.0010000000474974513
ga,15,38,78000,-0.0010000000474974513,-0.0010000000474974513
ga,15,39,80000,-0.0010000000474974513,-0.0010000000474974513
ga,15,40,82000,-0.0010000000474974513,-0.0010000000474974513
ga,15,41,84000,-0.0010000000474974513,-0.0010000000474974513
ga,15,42,86000,-0.0010000000474974513,-0.0010000000474974513
ga,15,43,88000,-0.0010000000474974513,-0.0010000000474974513
ga,15,44,90000,-0.0010000000474974513,-0.0010000000474974513
ga,15,45,92000,-0.0010000000474974513,-0.0010000000474974513
ga,15,46,94000,-0.0010000000474974513,-0.0010000000474974513
ga,15,47,96000,-0.0010000000474974513,-0.0010000000474974513
ga,15,48,98000,-0.0010000000474974513,-0.0010000000474974513
ga,15,49,100000,-0.0010000000474974513,-0.0010000000474974513
ga,15,50,102000,-0.0010000000474974513,-0.0010000000474974513
ga,15,51,104000,-0.0010000000474974513,-0.0010000000474974513
ga,15,52,106000,-0.0010000000474974513,-0.0010000000474974513
ga,15,53,108000,-0.0010000000474974513,-0.0010000000474974513
ga,15,54,110000,-0.0010000000474974513,-0.0010000000474974513
ga,15,55,112000,-0.0010000000474974513,-0.0010000000474974513
ga,15,56,114000,-0.0010000000474974513,-0.0010000000474974513
ga,15,57,116000,-0.0010000000474974513,-0.0010000000474974513
ga,15,58,118000,-0.0010000000474974513,-0.0010000000474974513
ga,15,59,120000,-0.0010000000474974513,-0.0010000000474974513
ga,15,60,122000,-0.0010000000474974513,-0.0010000000474974513
ga,15,61,124000,-0.0010000000474974513,-0.0010000000474974513
ga,15,62,126000,-0.0010000000474974513,-0.0010000000474974513
ga,15,63,128000,-0.0010000000474974513,-0.0010000000474974513
ga,15,64,130000,-0.0010000000474974513,-0.0010000000474974513
ga,15,65,132000,-0.0010000000474974513,-0.0010000000474974513
ga,15,66,134000,-0.0010000000474974513,-0.0010000000474974513
ga,15,67,136000,-0.0010000000474974513,-0.0010000000474974513
ga,15,68,138000,-0.0010000000474974513,-0.0010000000474974513
ga,15,69,140000,-0.0010000000474974513,-0.0010000000474974513
ga,15,70,142000,-0.0010000000474974513,-0.0010000000474974513
ga,15,71,144000,-0.0010000000474974513,-0.0010000000474974513
ga,15,72,146000,-0.0010000000474974513,-0.0010000000474974513
ga,15,73,148000,-0.0010000000474974513,-0.0010000000474974513
ga,15,74,150000,-0.0010000000474974513,-0.0010000000474974513
ga,15,75,152000,-0.0010000000474974513,-0.0010000000474974513
ga,15,76,154000,-0.0010000000474974513,-0.0010000000474974513
ga,15,77,156000,-0.0010000000474974513,-0.0010000000474974513
ga,15,78,158000,-0.0010000000474974513,-0.0010000000474974513
ga,15,79,160000,-0.0010000000474974513,-0.0010000000474974513
ga,15,80,162000,-0.0010000000474974513,-0.0010000000474974513
ga,15,81,164000,-0.0010000000474974513,-0.0010000000474974513
ga,15,82,166000,-0.0010000000474974513,-0.0010000000474974513
ga,15,83,168000,-0.0010000000474974513,-0.0010000000474974513
ga,15,84,170000,-0.0010000000474974513,-0.0010000000474974513
ga,15,85,172000,-0.0010000000474974513,-0.0010000000474974513
ga,15,86,174000,-0.0010000000474974513,-0.0010000000474974513
ga,15,87,176000,-0.0010000000474974513,-0.0010000000474974513
ga,15,88,178000,-0.0010000000474974513,-0.0010000000474974513
ga,15,89,180000,-0.0010000000474974513,-0.0010000000474974513
ga,15,90,182000,-0.0010000000474974513,-0.0010000000474974513
ga,15,91,184000,-0.0010000000474974513,-0.0010000000474974513
ga,15,92,186000,-0.0010000000474974513,-0.0010000000474974513
ga,15,93,188000,-0.0010000000474974513,-0.0010000000474974513
ga,15,94,190000,-0.0010000000474974513,-0.0010000000474974513
ga,15,95,192000,-0.0010000000474974513,-0.0010000000474974513
ga,15,96,194000,-0.0010000000474974513,-0.0010000000474974513
ga,15,97,196000,-0.0010000000474974513,-0.0010000000474974513
ga,15,98,198000,-0.0010000000474974513,-0.0010000000474974513
ga,15,99,200000,-0.0010000000474974513,-0.0010000000474974513
ga,16,0,2000,-1.9559999704360962,-1.9559999704360962
ga,16,1,4000,-1.9559999704360962,-1.9559999704360962
ga,16,2,6000,-1.9559999704360962,-1.9559999704360962
ga,16,3,8000,-1.9559999704360962,-1.9559999704360962
ga,16,4,10000,-1.9559999704360962,-1.9559999704360962
ga,16,5,12000,-1.9559999704360962,-1.9559999704360962
ga,16,6,14000,-1.9559999704360962,-1.9559999704360962
ga,16,7,16000,-1.9559999704360962,-1.9559999704360962
ga,16,8,18000,-1.9559999704360962,-1.9559999704360962
ga,16,9,20000,-1.9559999704360962,-1.9559999704360962
ga,16,10,22000,-1.9559999704360962,-1.9559999704360962
ga,16,11,24000,-1.9559999704360962,-1.9559999704360962
ga,16,12,26000,-1.9559999704360962,-1.9559999704360962
ga,16,13,28000,-1.9559999704360962,-1.9559999704360962
ga,16,14,30000,-1.9559999704360962,-1.9559999704360962
ga,16,15,32000,-1.9559999704360962,-1.9559999704360962
ga,16,16,34000,-1.9559999704360962,-1.9559999704360962
ga,16,17,36000,-1.9559999704360962,-1.9559999704360962
ga,16,18,38000,-1.9559999704360962,-1.9559999704360962
ga,16,19,40000,-1.9559999704360962,-1.9559999704360962
ga,16,20,42000,-1.9559999704360962,-1.9559999704360962
ga,16,21,44000,-1.9559999704360962,-1.9559999704360962
ga,16,22,46000,-1.9559999704360962,-1.9559999704360962
ga,16,23,48000,-1.9559999704360962,-1.9559999704360962
ga,16,24,50000,-1.9559999704360962,-1.9559999704360962
ga,16,25,52000,-1.9559999704360962,-1.9559999704360962
ga,16,26,54000,-1.9559999704360962,-1.9559999704360962
ga,16,27,56000,-1.9559999704360962,-1.9559999704360962
ga,16,28,58000,-1.9559999704360962,-1.9559999704360962
ga,16,29,60000,-1.9559999704360962,-1.9559999704360962
ga,16,30,62000,-1.9559999704360962,-1.9559999704360962
ga,16,31,64000,-1.9559999704360962,-1.9559999704360962
ga,16,32,66000,-1.9559999704360962,-1.9559999704360962
ga,16,33,68000,-1.9559999704360962,-1.9559999704360962
ga,16,34,70000,-1.9559999704360962,-1.9559999704360962
ga,16,35,72000,-1.9559999704360962,-1.9559999704360962
ga,16,36,74000,-1.9559999704360962,-1.9559999704360962
ga,16,37,76000,-1.9559999704360962,-1.9559999704360962
ga,16,38,78000,-1.0010000467300415,-1.0010000467300415
ga,16,39,80000,-1.0010000467300415,-1.0010000467300415
ga,16,40,82000,-1.0010000467300415,-1.0010000467300415
ga,16,41,84000,-1.0010000467300415,-1.0010000467300415
ga,16,42,86000,-1.0010000467300415,-1.0010000467300415
ga,16,43,88000,-1.0010000467300415,-1.0010000467300415
ga,16,44,90000,-1.0010000467300415,-1.0010000467300415
ga,16,45,92000,-1.0010000467300415,-1.0010000467300415
ga,16,46,94000,-1.0010000467300415,-1.0010000467300415
ga,16,47,96000,-1.0010000467300415,-1.0010000467300415
ga,16,48,98000,-1.0010000467300415,-1.0010000467300415
ga,16,49,100000,-1.0010000467300415,-1.0010000467300415
ga,16,50,102000,-1.0010000467300415,-1.0010000467300415
ga,16,51,104000,-1.0010000467300415,-1.0010000467300415
ga,16,52,106000,-1.0010000467300415,-1.0010000467300415
ga,16,53,108000,-1.0010000467300415,-1.0010000467300415
ga,16,54,110000,-1.0010000467300415,-1.0010000467300415
ga,16,55,112000,-1.0010000467300415,-1.0010000467300415
ga,16,56,114000,-1.0010000467300415,-1.0010000467300415
ga,16,57,116000,-1.0010000467300415,-1.0010000467300415
ga,16,58,118000,-1.0010000467300415,-1.0010000467300415
ga,16,59,120000,-1.0010000467300415,-1.0010000467300415
ga,16,60,122000,-1.0010000467300415,-1.0010000467300415
ga,16,61,124000,-1.0010000467300415,-1.0010000467300415
ga,16,62,126000,-1.0010000467300415,-1.0010000467300415
ga,16,63,128000,-1.0010000467300415,-1.0010000467300415
ga,16,64,130000,-1.0010000467300415,-1.0010000467300415
ga,16,65,132000,-1.0010000467300415,-1.0010000467300415
ga,16,66,134000,-1.0010000467300415,-1.0010000467300415
ga,16,67,136000,-1.0010000467300415,-1.0010000467300415
ga,16,68,138000,-1.0010000467300415,-1.0010000467300415
ga,16,69,140000,-1.0010000467300415,-1.0010000467300415
ga,16,70,142000,-1.0010000467300415,-1.0010000467300415
ga,16,71,144000,-1.0010000467300415,-1.0010000467300415
ga,16,72,146000,-1.0010000467300415,-1.0010000467300415
ga,16,73,148000,-1.0010000467300415,-1.0010000467300415
ga,16,74,150000,-1.0010000467300415,-1.0010000467300415
ga,16,75,152000,-1.0010000467300415,-1.0010000467300415
ga,16,76,154000,-1.0010000467300415,-1.0010000467300415
ga,16,77,156000,-0.5009999871253967,-0.5009999871253967
ga,16,78,158000,-0.5009999871253967,-0.5009999871253967
ga,16,79,160000,-0.5009999871253967,-0.5009999871253967
ga,16,80,162000,-0.5009999871253967,-0.5009999871253967
ga,16,81,164000,-0.5009999871253967,-0.5009999871253967
ga,16,82,166000,-0.5009999871253967,-0.5009999871253967
ga,16,83,168000,-0.5009999871253967,-0.5009999871253967
ga,16,84,170000,-0.5009999871253967,-0.5009999871253967
ga,16,85,172000,-0.5009999871253967,-0.5009999871253967
ga,16,86,174000,-0.5009999871253967,-0.5009999871253967
ga,16,87,176000,-0.5009999871253967,-0.5009999871253967
ga,16,88,178000,-0.5009999871253967,-0.5009999871253967
ga,16,89,180000,-0.5009999871253967,-0.5009999871253967
ga,16,90,182000,-0.5009999871253967,-0.5009999871253967
ga,16,91,184000,-0.5009999871253967,-0.5009999871253967
ga,16,92,186000,-0.5009999871253967,-0.5009999871253967
ga,16,93,188000,-0.5009999871253967,-0.5009999871253967
ga,16,94,190000,-0.5009999871253967,-0.5009999871253967
ga,16,95,192000,-0.5009999871253967,-0.5009999871253967
ga,16,96,194000,-0.5009999871253967,-0.5009999871253967
ga,16,97,196000,-0.5009999871253967,-0.5009999871253967
ga,16,98,198000,-0.5009999871253967,-0.5009999871253967
ga,16,99,200000,-0.5009999871253967,-0.5009999871253967
ga,17,0,2000,-8.10099983215332,-8.10099983215332
ga,17,1,4000,-8.10099983215332,-8.10099983215332
ga,17,2,6000,-2.750999927520752,-2.750999927520752
ga,17,3,8000,-2.750999927520752,-2.750999927520752
ga,17,4,10000,-2.750999927520752,-2.750999927520752
ga,17,5,12000,-2.750999927520752,-2.750999927520752
ga,17,6,14000,-2.750999927520752,-2.750999927520752
ga,17,7,16000,-2.750999927520752,-2.750999927520752
ga,17,8,18000,-2.505000114440918,-2.505000114440918
ga,17,9,20000,-2.505000114440918,-2.505000114440918
ga,17,10,22000,-2.505000114440918,-2.505000114440918
ga,17,11,24000,-2.505000114440918,-2.505000114440918
ga,17,12,26000,-2.505000114440918,-2.505000114440918
ga,17,13,28000,-2.505000114440918,-2.505000114440918
ga,17,14,30000,-2.505000114440918,-2.505000114440918
ga,17,15,32000,-2.505000114440918,-2.505000114440918
ga,17,16,34000,-2.505000114440918,-2.505000114440918
ga,17,17,36000,-2.505000114440918,-2.505000114440918
ga,17,18,38000,-2.505000114440918,-2.505000114440918
ga,17,19,40000,-1.6549999713897705,-1.6549999713897705
ga,17,20,42000,-1.6549999713897705,-1.6549999713897705
ga,17,21,44000,-1.6549999713897705,-1.6549999713897705
ga,17,22,46000,-1.6549999713897705,-1.6549999713897705
ga,17,23,48000,-1.6549999713897705,-1.6549999713897705
ga,17,24,50000,-1.6549999713897705,-1.6549999713897705
ga,17,25,52000,-1.6549999713897705,-1.6549999713897705
ga,17,26,54000,-1.6549999713897705,-1.6549999713897705
ga,17,27,56000,-1.0010000467300415,-1.0010000467300415
ga,17,28,58000,-1.0010000467300415,-1.0010000467300415
ga,17,29,60000,-1.0010000467300415,-1.0010000467300415
ga,17,30,62000,-1.0010000467300415,-1.0010000467300415
ga,17,31,64000,-1.0010000467300415,-1.0010000467300415
ga,17,32,66000,-1.0010000467300415,-1.0010000467300415
ga,17,33,68000,-1.0010000467300415,-1.0010000467300415
ga,17,34,70000,-1.0010000467300415,-1.0010000467300415
ga,17,35,72000,-1.0010000467300415,-1.0010000467300415
ga,17,36,74000,-1.0010000467300415,-1.0010000467300415
ga,17,37,76000,-1.0010000467300415,-1.0010000467300415
ga,17,38,78000,-1.0010000467300415,-1.0010000467300415
ga,17,39,80000,-1.0010000467300415,-1.0010000467300415
ga,17,40,82000,-1.0010000467300415,-1.0010000467300415
ga,17,41,84000,-1.0010000467300415,-1.0010000467300415
ga,17,42,86000,-1.0010000467300415,-1.0010000467300415
ga,17,43,88000,-1.0010000467300415,-1.0010000467300415
ga,17,44,90000,-1.0010000467300415,-1.0010000467300415
ga,17,45,92000,-1.0010000467300415,-1.0010000467300415
ga,17,46,94000,-1.0010000467300415,-1.0010000467300415
ga,17,47,96000,-0.953000009059906,-0.953000009059906
ga,17,48,98000,-0.953000009059906,-0.953000009059906
ga,17,49,100000,-0.953000009059906,-0.953000009059906
ga,17,50,102000,-0.953000009059906,-0.953000009059906
ga,17,51,104000,-0.953000009059906,-0.953000009059906
ga,17,52,106000,-0.953000009059906,-0.953000009059906
ga,17,53,108000,-0.953000009059906,-0.953000009059906
ga,17,54,110000,-0.953000009059906,-0.953000009059906
ga,17,55,112000,-0.953000009059906,-0.953000009059906
ga,17,56,114000,-0.953000009059906,-0.953000009059906
ga,17,57,116000,-0.953000009059906,-0.953000009059906
ga,17,58,118000,-0.503000020980835,-0.503000020980835
ga,17,59,120000,-0.503000020980835,-0.503000020980835
ga,17,60,122000,-0.503000020980835,-0.503000020980835
ga,17,61,124000,-0.503000020980835,-0.503000020980835
ga,17,62,126000,-0.503000020980835,-0.503000020980835
ga,17,63,128000,-0.503000020980835,-0.503000020980835
ga,17,64,130000,-0.503000020980835,-0.503000020980835
ga,17,65,132000,-0.503000020980835,-0.503000020980835
ga,17,66,134000,-0.503000020980835,-0.503000020980835
ga,17,67,136000,-0.05299999937415123,-0.05299999937415123
ga,17,68,138000,-0.05299999937415123,-0.05299999937415123
ga,17,69,140000,-0.05299999937415123,-0.05299999937415123
ga,17,70,142000,-0.05299999937415123,-0.05299999937415123
ga,17,71,144000,-0.05299999937415123,-0.05299999937415123
ga,17,72,146000,-0.05299999937415123,-0.05299999937415123
ga,17,73,148000,-0.05299999937415123,-0.05299999937415123
ga,17,74,150000,-0.05299999937415123,-0.05299999937415123
ga,17,75,152000,-0.05299999937415123,-0.05299999937415123
ga,17,76,154000,-0.05299999937415123,-0.05299999937415123
ga,17,77,156000,-0.0020000000949949026,-0.0020000000949949026
ga,17,78,158000,-0.0020000000949949026,-0.0020000000949949026
ga,17,79,160000,-0.0020000000949949026,-0.0020000000949949026
ga,17,80,162000,-0.0020000000949949026,-0.0020000000949949026
ga,17,81,164000,-0.0020000000949949026,-0.0020000000949949026
ga,17,82,166000,-0.0020000000949949026,-0.0020000000949949026
ga,17,83,168000,-0.0020000000949949026,-0.0020000000949949026
ga,17,84,170000,-0.0020000000949949026,-0.0020000000949949026
ga,17,85,172000,-0.0020000000949949026,-0.0020000000949949026
ga,17,86,174000,-0.0020000000949949026,-0.0020000000949949026
ga,17,87,176000,-0.0010000000474974513,-0.0010000000474974513
ga,17,88,178000,-0.0010000000474974513,-0.0010000000474974513
ga,17,89,180000,-0.0010000000474974513,-0.0010000000474974513
ga,17,90,182000,-0.0010000000474974513,-0.0010000000474974513
ga,17,91,184000,-0.0010000000474974513,-0.0010000000474974513
ga,17,92,186000,-0.0010000000474974513,-0.0010000000474974513
ga,17,93,188000,-0.0010000000474974513,-0.0010000000474974513
ga,17,94,190000,-0.0010000000474974513,-0.0010000000474974513
ga,17,95,192000,-0.0010000000474974513,-0.0010000000474974513
ga,17,96,194000,-0.0010000000474974513,-0.0010000000474974513
ga,17,97,196000,-0.0010000000474974513,-0.0010000000474974513
ga,17,98,198000,-0.0010000000474974513,-0.0010000000474974513
ga,17,99,200000,-0.0010000000474974513,-0.0010000000474974513
ga,18,0,2000,-6.501999855041504,-6.501999855041504
ga,18,1,4000,-6.501999855041504,-6.501999855041504
ga,18,2,6000,-2.4579999446868896,-2.4579999446868896
ga,18,3,8000,-6.501999855041504,-2.4579999446868896
ga,18,4,10000,-2.4010000228881836,-2.4010000228881836
ga,18,5,12000,-2.4010000228881836,-2.4010000228881836
ga,18,6,14000,-2.2039999961853027,-2.2039999961853027
ga,18,7,16000,-1.805999994277954,-1.805999994277954
ga,18,8,18000,-2.4010000228881836,-1.805999994277954
ga,18,9,20000,-2.4010000228881836,-1.805999994277954
ga,18,10,22000,-2.4010000228881836,-1.805999994277954
ga,18,11,24000,-1.3509999513626099,-1.3509999513626099
ga,18,12,26000,-1.3509999513626099,-1.3509999513626099
ga,18,13,28000,-1.3509999513626099,-1.3509999513626099
ga,18,14,30000,-1.3509999513626099,-1.3509999513626099
ga,18,15,32000,-1.3509999513626099,-1.3509999513626099
ga,18,16,34000,-1.3509999513626099,-1.3509999513626099
ga,18,17,36000,-1.3509999513626099,-1.3509999513626099
ga,18,18,38000,-1.3509999513626099,-1.3509999513626099
ga,18,19,40000,-1.3509999513626099,-1.3509999513626099
ga,18,20,42000,-1.3509999513626099,-1.3509999513626099
ga,18,21,44000,-1.3509999513626099,-1.3509999513626099
ga,18,22,46000,-1.3509999513626099,-1.3509999513626099
ga,18,23,48000,-1.3509999513626099,-1.3509999513626099
ga,18,24,50000,-1.3509999513626099,-1.3509999513626099
ga,18,25,52000,-1.3509999513626099,-1.3509999513626099
ga,18,26,54000,-1.3509999513626099,-1.3509999513626099
ga,18,27,56000,-1.3509999513626099,-1.3509999513626099
ga,18,28,58000,-1.3509999513626099,-1.3509999513626099
ga,18,29,60000,-1.3509999513626099,-1.3509999513626099
ga,18,30,62000,-1.3509999513626099,-1.3509999513626099
ga,18,31,64000,-1.3509999513626099,-1.3509999513626099
ga,18,32,66000,-1.0010000467300415,-1.0010000467300415
ga,18,33,68000,-1.0010000467300415,-1.0010000467300415
ga,18,34,70000,-1.0010000467300415,-1.0010000467300415
ga,18,35,72000,-1.0010000467300415,-1.0010000467300415
ga,18,36,74000,-1.0010000467300415,-1.0010000467300415
ga,18,37,76000,-1.0010000467300415,-1.0010000467300415
ga,18,38,78000,-1.0010000467300415,-1.0010000467300415
ga,18,39,80000,-1.0010000467300415,-1.0010000467300415
ga,18,40,82000,-0.9509999752044678,-0.9509999752044678
ga,18,41,84000,-0.9509999752044678,-0.9509999752044678
ga,18,42,86000,-0.9509999752044678,-0.9509999752044678
ga,18,43,88000,-0.9509999752044678,-0.9509999752044678
ga,18,44,90000,-0.9509999752044678,-0.9509999752044678
ga,18,45,92000,-0.9509999752044678,-0.9509999752044678
ga,18,46,94000,-0.5040000081062317,-0.5040000081062317
ga,18,47,96000,-0.5040000081062317,-0.5040000081062317
ga,18,48,98000,-0.5040000081062317,-0.5040000081062317
ga,18,49,100000,-0.5040000081062317,-0.5040000081062317
ga,18,50,102000,-0.5040000081062317,-0.5040000081062317
ga,18,51,104000,-0.5040000081062317,-0.5040000081062317
ga,18,52,106000,-0.5040000081062317,-0.5040000081062317
ga,18,53,108000,-0.5040000081062317,-0.5040000081062317
ga,18,54,110000,-0.5040000081062317,-0.5040000081062317
ga,18,55,112000,-0.5040000081062317,-0.5040000081062317
ga,18,56,114000,-0.5040000081062317,-0.5040000081062317
ga,18,57,116000,-0.5040000081062317,-0.5040000081062317
ga,18,58,118000,-0.5040000081062317,-0.5040000081062317
ga,18,59,120000,-0.5040000081062317,-0.5040000081062317
ga,18,60,122000,-0.5040000081062317,-0.5040000081062317
ga,18,61,124000,-0.5040000081062317,-0.5040000081062317
ga,18,62,126000,-0.5009999871253967,-0.5009999871253967
ga,18,63,128000,-0.5009999871253967,-0.5009999871253967
ga,18,64,130000,-0.5009999871253967,-0.5009999871253967
ga,18,65,132000,-0.5009999871253967,-0.5009999871253967
ga,18,66,134000,-0.5009999871253967,-0.5009999871253967
ga,18,67,136000,-0.5009999871253967,-0.5009999871253967
ga,18,68,138000,-0.5009999871253967,-0.5009999871253967
ga,18,69,140000,-0.5009999871253967,-0.5009999871253967
ga,18,70,142000,-0.004000000189989805,-0.004000000189989805
ga,18,71,144000,-0.004000000189989805,-0.004000000189989805
ga,18,72,146000,-0.004000000189989805,-0.004000000189989805
ga,18,73,148000,-0.0020000000949949026,-0.0020000000949949026
ga,18,74,150000,-0.0020000000949949026,-0.0020000000949949026
ga,18,75,152000,-0.0010000000474974513,-0.0010000000474974513
ga,18,76,154000,-0.0010000000474974513,-0.0010000000474974513
ga,18,77,156000,-0.0010000000474974513,-0.0010000000474974513
ga,18,78,158000,-0.0010000000474974513,-0.0010000000474974513
ga,18,79,160000,-0.0010000000474974513,-0.0010000000474974513
ga,18,80,162000,-0.0010000000474974513,-0.0010000000474974513
ga,18,81,164000,-0.0010000000474974513,-0.0010000000474974513
ga,18,82,166000,-0.0010000000474974513,-0.0010000000474974513
ga,18,83,168000,-0.0010000000474974513,-0.0010000000474974513
ga,18,84,170000,-0.0010000000474974513,-0.0010000000474974513
ga,18,85,172000,-0.0010000000474974513,-0.0010000000474974513
ga,18,86,174000,-0.0010000000474974513,-0.0010000000474974513
ga,18,87,176000,-0.0010000000474974513,-0.0010000000474974513
ga,18,88,178000,-0.0010000000474974513,-0.0010000000474974513
ga,18,89,180000,-0.0010000000474974513,-0.0010000000474974513
ga,18,90,182000,-0.0010000000474974513,-0.0010000000474974513
ga,18,91,184000,-0.0010000000474974513,-0.0010000000474974513
ga,18,92,186000,-0.0010000000474974513,-0.0010000000474974513
ga,18,93,188000,-0.0010000000474974513,-0.0010000000474974513
ga,18,94,190000,-0.0010000000474974513,-0.0010000000474974513
ga,18,95,192000,-0.0010000000474974513,-0.0010000000474974513
ga,18,96,194000,-0.0010000000474974513,-0.0010000000474974513
ga,18,97,196000,-0.0010000000474974513,-0.0010000000474974513
ga,18,98,198000,-0.0010000000474974513,-0.0010000000474974513
ga,18,99,200000,-0.0010000000474974513,-0.0010000000474974513
ga,19,0,2000,-5.202000141143799,-5.202000141143799
ga,19,1,4000,-5.202000141143799,-5.202000141143799
ga,19,2,6000,-3.302999973297119,-3.302999973297119
ga,19,3,8000,-3.302999973297119,-3.302999973297119
ga,19,4,10000,-3.302999973297119,-3.302999973297119
ga,19,5,12000,-3.302999973297119,-3.302999973297119
ga,19,6,14000,-3.302999973297119,-3.302999973297119
ga,19,7,16000,-3.302999973297119,-3.302999973297119
ga,19,8,18000,-3.302999973297119,-3.302999973297119
ga,19,9,20000,-3.302999973297119,-3.302999973297119
ga,19,10,22000,-2.8540000915527344,-2.8540000915527344
ga,19,11,24000,-2.8540000915527344,-2.8540000915527344
ga,19,12,26000,-2.8540000915527344,-2.8540000915527344
ga,19,13,28000,-2.8540000915527344,-2.8540000915527344
ga,19,14,30000,-2.1010000705718994,-2.1010000705718994
ga,19,15,32000,-2.1010000705718994,-2.1010000705718994
ga,19,16,34000,-2.1010000705718994,-2.1010000705718994
ga,19,17,36000,-2.1010000705718994,-2.1010000705718994
ga,19,18,38000,-2.1010000705718994,-2.1010000705718994
ga,19,19,40000,-2.1010000705718994,-2.1010000705718994
ga,19,20,42000,-2.1010000705718994,-2.1010000705718994
ga,19,21,44000,-1.4509999752044678,-1.4509999752044678
ga,19,22,46000,-1.4509999752044678,-1.4509999752044678
ga,19,23,48000,-1.4509999752044678,-1.4509999752044678
ga,19,24,50000,-1.4509999752044678,-1.4509999752044678
ga,19,25,52000,-1.4509999752044678,-1.4509999752044678
ga,19,26,54000,-1.4019999504089355,-1.4019999504089355
ga,19,27,56000,-1.2020000219345093,-1.2020000219345093
ga,19,28,58000,-1.2020000219345093,-1.2020000219345093
ga,19,29,60000,-1.2020000219345093,-1.2020000219345093
ga,19,30,62000,-1.2020000219345093,-1.2020000219345093
ga,19,31,64000,-1.2020000219345093,-1.2020000219345093
ga,19,32,66000,-1.0509999990463257,-1.0509999990463257
ga,19,33,68000,-1.0509999990463257,-1.0509999990463257
ga,19,34,70000,-1.0509999990463257,-1.0509999990463257
ga,19,35,72000,-0.5009999871253967,-0.5009999871253967
ga,19,36,74000,-0.5009999871253967,-0.5009999871253967
ga,19,37,76000,-0.5009999871253967,-0.5009999871253967
ga,19,38,78000,-0.5009999871253967,-0.5009999871253967
ga,19,39,80000,-0.5009999871253967,-0.5009999871253967
ga,19,40,82000,-0.5009999871253967,-0.5009999871253967
ga,19,41,84000,-0.5009999871253967,-0.5009999871253967
ga,19,42,86000,-0.5009999871253967,-0.5009999871253967
ga,19,43,88000,-0.5009999871253967,-0.5009999871253967
ga,19,44,90000,-0.5009999871253967,-0.5009999871253967
ga,19,45,92000,-0.5009999871253967,-0.5009999871253967
ga,19,46,94000,-0.5009999871253967,-0.5009999871253967
ga,19,47,96000,-0.5009999871253967,-0.5009999871253967
ga,19,48,98000,-0.5009999871253967,-0.5009999871253967
ga,19,49,100000,-0.5009999871253967,-0.5009999871253967
ga,19,50,102000,-0.5009999871253967,-0.5009999871253967
ga,19,51,104000,-0.5009999871253967,-0.5009999871253967
ga,19,52,106000,-0.5009999871253967,-0.5009999871253967
ga,19,53,108000,-0.5009999871253967,-0.5009999871253967
ga,19,54,110000,-0.5009999871253967,-0.5009999871253967
ga,19,55,112000,-0.5009999871253967,-0.5009999871253967
ga,19,56,114000,-0.5009999871253967,-0.5009999871253967
ga,19,57,116000,-0.5009999871253967,-0.5009999871253967
ga,19,58,118000,-0.5009999871253967,-0.5009999871253967
ga,19,59,120000,-0.5009999871253967,-0.5009999871253967
ga,19,60,122000,-0.5009999871253967,-0.5009999871253967
ga,19,61,124000,-0.5009999871253967,-0.5009999871253967
ga,19,62,126000,-0.5009999871253967,-0.5009999871253967
ga,19,63,128000,-0.5009999871253967,-0.5009999871253967
ga,19,64,130000,-0.5009999871253967,-0.5009999871253967
ga,19,65,132000,-0.5009999871253967,-0.5009999871253967
ga,19,66,134000,-0.5009999871253967,-0.5009999871253967
ga,19,67,136000,-0.5009999871253967,-0.5009999871253967
ga,19,68,138000,-0.1509999930858612,-0.1509999930858612
ga,19,69,140000,-0.1509999930858612,-0.1509999930858612
ga,19,70,142000,-0.1509999930858612,-0.1509999930858612
ga,19,71,144000,-0.1509999930858612,-0.1509999930858612
ga,19,72,146000,-0.1509999930858612,-0.1509999930858612
ga,19,73,148000,-0.1509999930858612,-0.1509999930858612
ga,19,74,150000,-0.1509999930858612,-0.1509999930858612
ga,19,75,152000,-0.1509999930858612,-0.1509999930858612
ga,19,76,154000,-0.1509999930858612,-0.1509999930858612
ga,19,77,156000,-0.0010000000474974513,-0.0010000000474974513
ga,19,78,158000,-0.0010000000474974513,-0.0010000000474974513
ga,19,79,160000,-0.0010000000474974513,-0.0010000000474974513
ga,19,80,162000,-0.0010000000474974513,-0.0010000000474974513
ga,19,81,164000,-0.0010000000474974513,-0.0010000000474974513
ga,19,82,166000,-0.0010000000474974513,-0.0010000000474974513
ga,19,83,168000,-0.0010000000474974513,-0.0010000000474974513
ga,19,84,170000,-0.0010000000474974513,-0.0010000000474974513
ga,19,85,172000,-0.0010000000474974513,-0.0010000000474974513
ga,19,86,174000,-0.0010000000474974513,-0.0010000000474974513
ga,19,87,176000,-0.0010000000474974513,-0.0010000000474974513
ga,19,88,178000,-0.0010000000474974513,-0.0010000000474974513
ga,19,89,180000,-0.0010000000474974513,-0.0010000000474974513
ga,19,90,182000,-0.0010000000474974513,-0.0010000000474974513
ga,19,91,184000,-0.0010000000474974513,-0.0010000000474974513
ga,19,92,186000,-0.0010000000474974513,-0.0010000000474974513
ga,19,93,188000,-0.0010000000474974513,-0.0010000000474974513
ga,19,94,190000,-0.0010000000474974513,-0.0010000000474974513
ga,19,95,192000,-0.0010000000474974513,-0.0010000000474974513
ga,19,96,194000,-0.0010000000474974513,-0.0010000000474974513
ga,19,97,196000,-0.0010000000474974513,-0.0010000000474974513
ga,19,98,198000,-0.0010000000474974513,-0.0010000000474974513
ga,19,99,200000,-0.0010000000474974513,-0.0010000000474974513
ga,20,0,2000,-7.3520002365112305,-7.3520002365112305
ga,20,1,4000,-4.202000141143799,-4.202000141143799
ga,20,2,6000,-0.0010000000474974513,-0.0010000000474974513
ga,20,3,8000,-0.0010000000474974513,-0.0010000000474974513
ga,20,4,10000,-0.0010000000474974513,-0.0010000000474974513
ga,20,5,12000,-0.0010000000474974513,-0.0010000000474974513
ga,20,6,14000,-0.0010000000474974513,-0.0010000000474974513
ga,20,7,16000,-0.0010000000474974513,-0.0010000000474974513
ga,20,8,18000,-0.0010000000474974513,-0.0010000000474974513
ga,20,9,20000,-0.0010000000474974513,-0.0010000000474974513
ga,20,10,22000,-0.0010000000474974513,-0.0010000000474974513
ga,20,11,24000,-0.0010000000474974513,-0.0010000000474974513
ga,20,12,26000,-0.0010000000474974513,-0.0010000000474974513
ga,20,13,28000,-0.0010000000474974513,-0.0010000000474974513
ga,20,14,30000,-0.0010000000474974513,-0.0010000000474974513
ga,20,15,32000,-0.0010000000474974513,-0.0010000000474974513
ga,20,16,34000,-0.0010000000474974513,-0.0010000000474974513
ga,20,17,36000,-0.0010000000474974513,-0.0010000000474974513
ga,20,18,38000,-0.0010000000474974513,-0.0010000000474974513
ga,20,19,40000,-0.0010000000474974513,-0.0010000000474974513
ga,20,20,42000,-0.0010000000474974513,-0.0010000000474974513
ga,20,21,44000,-0.0010000000474974513,-0.0010000000474974513
ga,20,22,46000,-0.0010000000474974513,-0.0010000000474974513
ga,20,23,48000,-0.0010000000474974513,-0.0010000000474974513
ga,20,24,50000,-0.0010000000474974513,-0.0010000000474974513
ga,20,25,52000,-0.0010000000474974513,-0.0010000000474974513
ga,20,26,54000,-0.0010000000474974513,-0.0010000000474974513
ga,20,27,56000,-0.0010000000474974513,-0.0010000000474974513
ga,20,28,58000,-0.0010000000474974513,-0.0010000000474974513
ga,20,29,60000,-0.0010000000474974513,-0.0010000000474974513
ga,20,30,62000,-0.0010000000474974513,-0.0010000000474974513
ga,20,31,64000,-0.0010000000474974513,-0.0010000000474974513
ga,20,32,66000,-0.0010000000474974513,-0.0010000000474974513
ga,20,33,68000,-0.0010000000474974513,-0.0010000000474974513
ga,20,34,70000,-0.0010000000474974513,-0.0010000000474974513
ga,20,35,72000,-0.0010000000474974513,-0.0010000000474974513
ga,20,36,74000,-0.0010000000474974513,-0.0010000000474974513
ga,20,37,76000,-0.0010000000474974513,-0.0010000000474974513
ga,20,38,78000,-0.0010000000474974513,-0.0010000000474974513
ga,20,39,80000,-0.0010000000474974513,-0.0010000000474974513
ga,20,40,82000,-0.0010000000474974513,-0.0010000000474974513
ga,20,41,84000,-0.0010000000474974513,-0.0010000000474974513
ga,20,42,86000,-0.0010000000474974513,-0.0010000000474974513
ga,20,43,88000,-0.0010000000474974513,-0.0010000000474974513
ga,20,44,90000,-0.0010000000474974513,-0.0010000000474974513
ga,20,45,92000,-0.0010000000474974513,-0.0010000000474974513
ga,20,46,94000,-0.0010000000474974513,-0.0010000000474974513
ga,20,47,96000,-0.0010000000474974513,-0.0010000000474974513
ga,20,48,98000,-0.0010000000474974513,-0.0010000000474974513
ga,20,49,100000,-0.0010000000474974513,-0.0010000000474974513
ga,20,50,102000,-0.0010000000474974513,-0.0010000000474974513
ga,20,51,104000,-0.0010000000474974513,-0.0010000000474974513
ga,20,52,106000,-0.0010000000474974513,-0.0010000000474974513
ga,20,53,108000,-0.0010000000474974513,-0.0010000000474974513
ga,20,54,110000,-0.0010000000474974513,-0.0010000000474974513
ga,20,55,112000,-0.0010000000474974513,-0.0010000000474974513
ga,20,56,114000,-0.0010000000474974513,-0.0010000000474974513
ga,20,57,116000,-0.0010000000474974513,-0.0010000000474974513
ga,20,58,118000,-0.0010000000474974513,-0.0010000000474974513
ga,20,59,120000,-0.0010000000474974513,-0.0010000000474974513
ga,20,60,122000,-0.0010000000474974513,-0.0010000000474974513
ga,20,61,124000,-0.0010000000474974513,-0.0010000000474974513
ga,20,62,126000,-0.0010000000474974513,-0.0010000000474974513
ga,20,63,128000,-0.0010000000474974513,-0.0010000000474974513
ga,20,64,130000,-0.0010000000474974513,-0.0010000000474974513
ga,20,65,132000,-0.0010000000474974513,-0.0010000000474974513
ga,20,66,134000,-0.0010000000474974513,-0.0010000000474974513
ga,20,67,136000,-0.0010000000474974513,-0.0010000000474974513
ga,20,68,138000,-0.0010000000474974513,-0.0010000000474974513
ga,20,69,140000,-0.0010000000474974513,-0.0010000000474974513
ga,20,70,142000,-0.0010000000474974513,-0.0010000000474974513
ga,20,71,144000,-0.0010000000474974513,-0.0010000000474974513
ga,20,72,146000,-0.0010000000474974513,-0.0010000000474974513
ga,20,73,148000,-0.0010000000474974513,-0.0010000000474974513
ga,20,74,150000,-0.0010000000474974513,-0.0010000000474974513
ga,20,75,152000,-0.0010000000474974513,-0.0010000000474974513
ga,20,76,154000,-0.0010000000474974513,-0.0010000000474974513
ga,20,77,156000,-0.0010000000474974513,-0.0010000000474974513
ga,20,78,158000,-0.0010000000474974513,-0.0010000000474974513
ga,20,79,160000,-0.0010000000474974513,-0.0010000000474974513
ga,20,80,162000,-0.0010000000474974513,-0.0010000000474974513
ga,20,81,164000,-0.0010000000474974513,-0.0010000000474974513
ga,20,82,166000,-0.0010000000474974513,-0.0010000000474974513
ga,20,83,168000,-0.0010000000474974513,-0.0010000000474974513
ga,20,84,170000,-0.0010000000474974513,-0.0010000000474974513
ga,20,85,172000,-0.0010000000474974513,-0.0010000000474974513
ga,20,86,174000,-0.0010000000474974513,-0.0010000000474974513
ga,20,87,176000,-0.0010000000474974513,-0.0010000000474974513
ga,20,88,178000,-0.0010000000474974513,-0.0010000000474974513
ga,20,89,180000,-0.0010000000474974513,-0.0010000000474974513
ga,20,90,182000,-0.0010000000474974513,-0.0010000000474974513
ga,20,91,184000,-0.0010000000474974513,-0.0010000000474974513
ga,20,92,186000,-0.0010000000474974513,-0.0010000000474974513
ga,20,93,188000,-0.0010000000474974513,-0.0010000000474974513
ga,20,94,190000,-0.0010000000474974513,-0.0010000000474974513
ga,20,95,192000,-0.0010000000474974513,-0.0010000000474974513
ga,20,96,194000,-0.0010000000474974513,-0.0010000000474974513
ga,20,97,196000,-0.0010000000474974513,-0.0010000000474974513
ga,20,98,198000,-0.0010000000474974513,-0.0010000000474974513
ga,20,99,200000,-0.0010000000474974513,-0.0010000000474974513
ga,21,0,2000,-8.602999687194824,-8.602999687194824
ga,21,1,4000,-5.104000091552734,-5.104000091552734
ga,21,2,6000,-0.0020000000949949026,-0.0020000000949949026
ga,21,3,8000,-5.104000091552734,-0.0020000000949949026
ga,21,4,10000,-4.001999855041504,-0.0020000000949949026
ga,21,5,12000,-4.001999855041504,-0.0020000000949949026
ga,21,6,14000,-4.001999855041504,-0.0020000000949949026
ga,21,7,16000,-4.001999855041504,-0.0020000000949949026
ga,21,8,18000,-4.001999855041504,-0.0020000000949949026
ga,21,9,20000,-4.001999855041504,-0.0020000000949949026
ga,21,10,22000,-4.001999855041504,-0.0020000000949949026
ga,21,11,24000,-4.001999855041504,-0.0020000000949949026
ga,21,12,26000,-3.8519999980926514,-0.0020000000949949026
ga,21,13,28000,-3.8519999980926514,-0.0020000000949949026
ga,21,14,30000,-1.0019999742507935,-0.0020000000949949026
ga,21,15,32000,-1.0019999742507935,-0.0020000000949949026
ga,21,16,34000,-1.0019999742507935,-0.0020000000949949026
ga,21,17,36000,-1.0019999742507935,-0.0020000000949949026
ga,21,18,38000,-1.0019999742507935,-0.0020000000949949026
ga,21,19,40000,-1.0019999742507935,-0.0020000000949949026
ga,21,20,42000,-1.0019999742507935,-0.0020000000949949026
ga,21,21,44000,-1.0019999742507935,-0.0020000000949949026
ga,21,22,46000,-1.0019999742507935,-0.0020000000949949026
ga,21,23,48000,-1.0019999742507935,-0.0020000000949949026
ga,21,24,50000,-1.0019999742507935,-0.0020000000949949026
ga,21,25,52000,-1.0019999742507935,-0.0020000000949949026
ga,21,26,54000,-1.0019999742507935,-0.0020000000949949026
ga,21,27,56000,-1.0019999742507935,-0.0020000000949949026
ga,21,28,58000,-1.0019999742507935,-0.0020000000949949026
ga,21,29,60000,-1.0019999742507935,-0.0020000000949949026
ga,21,30,62000,-0.902999997138977,-0.0020000000949949026
ga,21,31,64000,-0.902999997138977,-0.0020000000949949026
ga,21,32,66000,-0.902999997138977,-0.0020000000949949026
ga,21,33,68000,-0.902999997138977,-0.0020000000949949026
ga,21,34,70000,-0.902999997138977,-0.0020000000949949026
ga,21,35,72000,-0.902999997138977,-0.0020000000949949026
ga,21,36,74000,-0.902999997138977,-0.0020000000949949026
ga,21,37,76000,-0.7020000219345093,-0.0020000000949949026
ga,21,38,78000,-0.7020000219345093,-0.0020000000949949026
ga,21,39,80000,-0.7020000219345093,-0.0020000000949949026
ga,21,40,82000,-0.7020000219345093,-0.0020000000949949026
ga,21,41,84000,-0.7020000219345093,-0.0020000000949949026
ga,21,42,86000,-0.5019999742507935,-0.0020000000949949026
ga,21,43,88000,-0.5019999742507935,-0.0020000000949949026
ga,21,44,90000,-0.5019999742507935,-0.0020000000949949026
ga,21,45,92000,-0.5019999742507935,-0.0020000000949949026
ga,21,46,94000,-0.5009999871253967,-0.0020000000949949026
ga,21,47,96000,-0.5009999871253967,-0.0020000000949949026
ga,21,48,98000,-0.5009999871253967,-0.0020000000949949026
ga,21,49,100000,-0.5009999871253967,-0.0020000000949949026
ga,21,50,102000,-0.5009999871253967,-0.0020000000949949026
ga,21,51,104000,-0.5009999871253967,-0.0020000000949949026
ga,21,52,106000,-0.5009999871253967,-0.0020000000949949026
ga,21,53,108000,-0.5009999871253967,-0.0020000000949949026
ga,21,54,110000,-0.5009999871253967,-0.0020000000949949026
ga,21,55,112000,-0.3019999861717224,-0.0020000000949949026
ga,21,56,114000,-0.25200000405311584,-0.0020000000949949026
ga,21,57,116000,-0.25200000405311584,-0.0020000000949949026
ga,21,58,118000,-0.25200000405311584,-0.0020000000949949026
ga,21,59,120000,-0.25200000405311584,-0.0020000000949949026
ga,21,60,122000,-0.25200000405311584,-0.0020000000949949026
ga,21,61,124000,-0.25200000405311584,-0.0020000000949949026
ga,21,62,126000,-0.25200000405311584,-0.0020000000949949026
ga,21,63,128000,-0.25200000405311584,-0.0020000000949949026
ga,21,64,130000,-0.25200000405311584,-0.0020000000949949026
ga,21,65,132000,-0.25200000405311584,-0.0020000000949949026
ga,21,66,134000,-0.25200000405311584,-0.0020000000949949026
ga,21,67,136000,-0.25200000405311584,-0.0020000000949949026
ga,21,68,138000,-0.25200000405311584,-0.0020000000949949026
ga,21,69,140000,-0.25200000405311584,-0.0020000000949949026
ga,21,70,142000,-0.050999999046325684,-0.0020000000949949026
ga,21,71,144000,-0.050999999046325684,-0.0020000000949949026
ga,21,72,146000,-0.050999999046325684,-0.0020000000949949026
ga,21,73,148000,-0.050999999046325684,-0.0020000000949949026
ga,21,74,150000,-0.050999999046325684,-0.0020000000949949026
ga,21,75,152000,-0.050999999046325684,-0.0020000000949949026
ga,21,76,154000,-0.050999999046325684,-0.0020000000949949026
ga,21,77,156000,-0.050999999046325684,-0.0020000000949949026
ga,21,78,158000,-0.050999999046325684,-0.0020000000949949026
ga,21,79,160000,-0.050999999046325684,-0.0020000000949949026
ga,21,80,162000,-0.050999999046325684,-0.0020000000949949026
ga,21,81,164000,-0.050999999046325684,-0.0020000000949949026
ga,21,82,166000,-0.050999999046325684,-0.0020000000949949026
ga,21,83,168000,-0.050999999046325684,-0.0020000000949949026
ga,21,84,170000,-0.050999999046325684,-0.0020000000949949026
ga,21,85,172000,-0.050999999046325684,-0.0020000000949949026
ga,21,86,174000,-0.050999999046325684,-0.0020000000949949026
ga,21,87,176000,-0.050999999046325684,-0.0020000000949949026
ga,21,88,178000,-0.050999999046325684,-0.0020000000949949026
ga,21,89,180000,-0.050999999046325684,-0.0020000000949949026
ga,21,90,182000,-0.050999999046325684,-0.0020000000949949026
ga,21,91,184000,-0.050999999046325684,-0.0020000000949949026
ga,21,92,186000,-0.050999999046325684,-0.0020000000949949026
ga,21,93,188000,-0.050999999046325684,-0.0020000000949949026
ga,21,94,190000,-0.050999999046325684,-0.0020000000949949026
ga,21,95,192000,-0.050999999046325684,-0.0020000000949949026
ga,21,96,194000,-0.050999999046325684,-0.0020000000949949026
ga,21,97,196000,-0.050999999046325684,-0.0020000000949949026
ga,21,98,198000,-0.050999999046325684,-0.0020000000949949026
ga,21,99,200000,-0.050999999046325684,-0.0020000000949949026
ga,22,0,2000,-7.802000045776367,-7.802000045776367
ga,22,1,4000,-7.802000045776367,-7.802000045776367
ga,22,2,6000,-5.303999900817871,-5.303999900817871
ga,22,3,8000,-5.303999900817871,-5.303999900817871
ga,22,4,10000,-5.303999900817871,-5.303999900817871
ga,22,5,12000,-3.8010001182556152,-3.8010001182556152
ga,22,6,14000,-3.8010001182556152,-3.8010001182556152
ga,22,7,16000,-0.050999999046325684,-0.050999999046325684
ga,22,8,18000,-0.050999999046325684,-0.050999999046325684
ga,22,9,20000,-0.050999999046325684,-0.050999999046325684
ga,22,10,22000,-0.050999999046325684,-0.050999999046325684
ga,22,11,24000,-0.050999999046325684,-0.050999999046325684
ga,22,12,26000,-0.050999999046325684,-0.050999999046325684
ga,22,13,28000,-0.050999999046325684,-0.050999999046325684
ga,22,14,30000,-0.050999999046325684,-0.050999999046325684
ga,22,15,32000,-0.050999999046325684,-0.050999999046325684
ga,22,16,34000,-0.050999999046325684,-0.050999999046325684
ga,22,17,36000,-0.050999999046325684,-0.050999999046325684
ga,22,18,38000,-0.050999999046325684,-0.050999999046325684
ga,22,19,40000,-0.0020000000949949026,-0.0020000000949949026
ga,22,20,42000,-0.0020000000949949026,-0.0020000000949949026
ga,22,21,44000,-0.0020000000949949026,-0.0020000000949949026
ga,22,22,46000,-0.0020000000949949026,-0.0020000000949949026
ga,22,23,48000,-0.0020000000949949026,-0.0020000000949949026
ga,22,24,50000,-0.0020000000949949026,-0.0020000000949949026
ga,22,25,52000,-0.0020000000949949026,-0.0020000000949949026
ga,22,26,54000,-0.0020000000949949026,-0.0020000000949949026
ga,22,27,56000,-0.0020000000949949026,-0.0020000000949949026
ga,22,28,58000,-0.0020000000949949026,-0.0020000000949949026
ga,22,29,60000,-0.0020000000949949026,-0.0020000000949949026
ga,22,30,62000,-0.0020000000949949026,-0.0020000000949949026
ga,22,31,64000,-0.0020000000949949026,-0.0020000000949949026
ga,22,32,66000,-0.0010000000474974513,-0.0010000000474974513
ga,22,33,68000,-0.0010000000474974513,-0.0010000000474974513
ga,22,34,70000,-0.0010000000474974513,-0.0010000000474974513
ga,22,35,72000,-0.0010000000474974513,-0.0010000000474974513
ga,22,36,74000,-0.0010000000474974513,-0.0010000000474974513
ga,22,37,76000,-0.0010000000474974513,-0.0010000000474974513
ga,22,38,78000,-0.0010000000474974513,-0.0010000000474974513
ga,22,39,80000,-0.0010000000474974513,-0.0010000000474974513
ga,22,40,82000,-0.0010000000474974513,-0.0010000000474974513
ga,22,41,84000,-0.0010000000474974513,-0.0010000000474974513
ga,22,42,86000,-0.0010000000474974513,-0.0010000000474974513
ga,22,43,88000,-0.0010000000474974513,-0.0010000000474974513
ga,22,44,90000,-0.0010000000474974513,-0.0010000000474974513
ga,22,45,92000,-0.0010000000474974513,-0.0010000000474974513
ga,22,46,94000,-0.0010000000474974513,-0.0010000000474974513
ga,22,47,96000,-0.0010000000474974513,-0.0010000000474974513
ga,22,48,98000,-0.0010000000474974513,-0.0010000000474974513
ga,22,49,100000,-0.0010000000474974513,-0.0010000000474974513
ga,22,50,102000,-0.0010000000474974513,-0.0010000000474974513
ga,22,51,104000,-0.0010000000474974513,-0.0010000000474974513
ga,22,52,106000,-0.0010000000474974513,-0.0010000000474974513
ga,22,53,108000,-0.0010000000474974513,-0.0010000000474974513
ga,22,54,110000,-0.0010000000474974513,-0.0010000000474974513
ga,22,55,112000,-0.0010000000474974513,-0.0010000000474974513
ga,22,56,114000,-0.0010000000474974513,-0.0010000000474974513
ga,22,57,116000,-0.0010000000474974513,-0.0010000000474974513
ga,22,58,118000,-0.0010000000474974513,-0.0010000000474974513
ga,22,59,120000,-0.0010000000474974513,-0.0010000000474974513
ga,22,60,122000,-0.0010000000474974513,-0.0010000000474974513
ga,22,61,124000,-0.0010000000474974513,-0.0010000000474974513
ga,22,62,126000,-0.0010000000474974513,-0.0010000000474974513
ga,22,63,128000,-0.0010000000474974513,-0.0010000000474974513
ga,22,64,130000,-0.0010000000474974513,-0.0010000000474974513
ga,22,65,132000,-0.0010000000474974513,-0.0010000000474974513
ga,22,66,134000,-0.0010000000474974513,-0.0010000000474974513
ga,22,67,136000,-0.0010000000474974513,-0.0010000000474974513
ga,22,68,138000,-0.0010000000474974513,-0.0010000000474974513
ga,22,69,140000,-0.0010000000474974513,-0.0010000000474974513
ga,22,70,142000,-0.0010000000474974513,-0.0010000000474974513
ga,22,71,144000,-0.0010000000474974513,-0.0010000000474974513
ga,22,72,146000,-0.0010000000474974513,-0.0010000000474974513
ga,22,73,148000,-0.0010000000474974513,-0.0010000000474974513
ga,22,74,150000,-0.0010000000474974513,-0.0010000000474974513
ga,22,75,152000,-0.0010000000474974513,-0.0010000000474974513
ga,22,76,154000,-0.0010000000474974513,-0.0010000000474974513
ga,22,77,156000,-0.0010000000474974513,-0.0010000000474974513
ga,22,78,158000,-0.0010000000474974513,-0.0010000000474974513
ga,22,79,160000,-0.0010000000474974513,-0.0010000000474974513
ga,22,80,162000,-0.0010000000474974513,-0.0010000000474974513
ga,22,81,164000,-0.0010000000474974513,-0.0010000000474974513
ga,22,82,166000,-0.0010000000474974513,-0.0010000000474974513
ga,22,83,168000,-0.0010000000474974513,-0.0010000000474974513
ga,22,84,170000,-0.0010000000474974513,-0.0010000000474974513
ga,22,85,172000,-0.0010000000474974513,-0.0010000000474974513
ga,22,86,174000,-0.0010000000474974513,-0.0010000000474974513
ga,22,87,176000,-0.0010000000474974513,-0.0010000000474974513
ga,22,88,178000,-0.0010000000474974513,-0.0010000000474974513
ga,22,89,180000,-0.0010000000474974513,-0.0010000000474974513
ga,22,90,182000,-0.0010000000474974513,-0.0010000000474974513
ga,22,91,184000,-0.0010000000474974513,-0.0010000000474974513
ga,22,92,186000,-0.0010000000474974513,-0.0010000000474974513
ga,22,93,188000,-0.0010000000474974513,-0.0010000000474974513
ga,22,94,190000,-0.0010000000474974513,-0.0010000000474974513
ga,22,95,192000,-0.0010000000474974513,-0.0010000000474974513
ga,22,96,194000,-0.0010000000474974513,-0.0010000000474974513
ga,22,97,196000,-0.0010000000474974513,-0.0010000000474974513
ga,22,98,198000,-0.0010000000474974513,-0.0010000000474974513
ga,22,99,200000,-0.0010000000474974513,-0.0010000000474974513
ga,23,0,2000,-8.352999687194824,-8.352999687194824
ga,23,1,4000,-8.302000045776367,-8.302000045776367
ga,23,2,6000,-4.701000213623047,-4.701000213623047
ga,23,3,8000,-2.8519999980926514,-2.8519999980926514
ga,23,4,10000,-2.8519999980926514,-2.8519999980926514
ga,23,5,12000,-2.8519999980926514,-2.8519999980926514
ga,23,6,14000,-2.8519999980926514,-2.8519999980926514
ga,23,7,16000,-2.8519999980926514,-2.8519999980926514
ga,23,8,18000,-2.8519999980926514,-2.8519999980926514
ga,23,9,20000,-2.8519999980926514,-2.8519999980926514
ga,23,10,22000,-2.6010000705718994,-2.6010000705718994
ga,23,11,24000,-2.6010000705718994,-2.6010000705718994
ga,23,12,26000,-1.5080000162124634,-1.5080000162124634
ga,23,13,28000,-2.6010000705718994,-1.5080000162124634
ga,23,14,30000,-2.1019999980926514,-1.5080000162124634
ga,23,15,32000,-2.1019999980926514,-1.5080000162124634
ga,23,16,34000,-2.1019999980926514,-1.5080000162124634
ga,23,17,36000,-2.1019999980926514,-1.5080000162124634
ga,23,18,38000,-2.1019999980926514,-1.5080000162124634
ga,23,19,40000,-1.7020000219345093,-1.5080000162124634
ga,23,20,42000,-0.9509999752044678,-0.9509999752044678
ga,23,21,44000,-0.9509999752044678,-0.9509999752044678
ga,23,22,46000,-0.9509999752044678,-0.9509999752044678
ga,23,23,48000,-0.9509999752044678,-0.9509999752044678
ga,23,24,50000,-0.9509999752044678,-0.9509999752044678
ga,23,25,52000,-0.703000009059906,-0.703000009059906
ga,23,26,54000,-0.703000009059906,-0.703000009059906
ga,23,27,56000,-0.703000009059906,-0.703000009059906
ga,23,28,58000,-0.0010000000474974513,-0.0010000000474974513
ga,23,29,60000,-0.0010000000474974513,-0.0010000000474974513
ga,23,30,62000,-0.0010000000474974513,-0.0010000000474974513
ga,23,31,64000,-0.0010000000474974513,-0.0010000000474974513
ga,23,32,66000,-0.0010000000474974513,-0.0010000000474974513
ga,23,33,68000,-0.0010000000474974513,-0.0010000000474974513
ga,23,34,70000,-0.0010000000474974513,-0.0010000000474974513
ga,23,35,72000,-0.0010000000474974513,-0.0010000000474974513
ga,23,36,74000,-0.0010000000474974513,-0.0010000000474974513
ga,23,37,76000,-0.0010000000474974513,-0.0010000000474974513
ga,23,38,78000,-0.0010000000474974513,-0.0010000000474974513
ga,23,39,80000,-0.0010000000474974513,-0.0010000000474974513
ga,23,40,82000,-0.0010000000474974513,-0.0010000000474974513
ga,23,41,84000,-0.0010000000474974513,-0.0010000000474974513
ga,23,42,86000,-0.0010000000474974513,-0.0010000000474974513
ga,23,43,88000,-0.0010000000474974513,-0.0010000000474974513
ga,23,44,90000,-0.0010000000474974513,-0.0010000000474974513
ga,23,45,92000,-0.0010000000474974513,-0.0010000000474974513
ga,23,46,94000,-0.0010000000474974513,-0.0010000000474974513
ga,23,47,96000,-0.0010000000474974513,-0.0010000000474974513
ga,23,48,98000,-0.0010000000474974513,-0.0010000000474974513
ga,23,49,100000,-0.0010000000474974513,-0.0010000000474974513
ga,23,50,102000,-0.0010000000474974513,-0.0010000000474974513
ga,23,51,104000,-0.0010000000474974513,-0.0010000000474974513
ga,23,52,106000,-0.0010000000474974513,-0.0010000000474974513
ga,23,53,108000,-0.0010000000474974513,-0.0010000000474974513
ga,23,54,110000,-0.0010000000474974513,-0.0010000000474974513
ga,23,55,112000,-0.0010000000474974513,-0.0010000000474974513
ga,23,56,114000,-0.0010000000474974513,-0.0010000000474974513
ga,23,57,116000,-0.0010000000474974513,-0.0010000000474974513
ga,23,58,118000,-0.0010000000474974513,-0.0010000000474974513
ga,23,59,120000,-0.0010000000474974513,-0.0010000000474974513
ga,23,60,122000,-0.0010000000474974513,-0.0010000000474974513
ga,23,61,124000,-0.0010000000474974513,-0.0010000000474974513
ga,23,62,126000,-0.0010000000474974513,-0.0010000000474974513
ga,23,63,128000,-0.0010000000474974513,-0.0010000000474974513
ga,23,64,130000,-0.0010000000474974513,-0.0010000000474974513
ga,23,65,132000,-0.0010000000474974513,-0.0010000000474974513
ga,23,66,134000,-0.0010000000474974513,-0.0010000000474974513
ga,23,67,136000,-0.0010000000474974513,-0.0010000000474974513
ga,23,68,138000,-0.0010000000474974513,-0.0010000000474974513
ga,23,69,140000,-0.0010000000474974513,-0.0010000000474974513
ga,23,70,142000,-0.0010000000474974513,-0.0010000000474974513
ga,23,71,144000,-0.0010000000474974513,-0.0010000000474974513
ga,23,72,146000,-0.0010000000474974513,-0.0010000000474974513
ga,23,73,148000,-0.0010000000474974513,-0.0010000000474974513
ga,23,74,150000,-0.0010000000474974513,-0.0010000000474974513
ga,23,75,152000,-0.0010000000474974513,-0.0010000000474974513
ga,23,76,154000,-0.0010000000474974513,-0.0010000000474974513
ga,23,77,156000,-0.0010000000474974513,-0.0010000000474974513
ga,23,78,158000,-0.0010000000474974513,-0.0010000000474974513
ga,23,79,160000,-0.0010000000474974513,-0.0010000000474974513
ga,23,80,162000,-0.0010000000474974513,-0.0010000000474974513
ga,23,81,164000,-0.0010000000474974513,-0.0010000000474974513
ga,23,82,166000,-0.0010000000474974513,-0.0010000000474974513
ga,23,83,168000,-0.0010000000474974513,-0.0010000000474974513
ga,23,84,170000,-0.0010000000474974513,-0.0010000000474974513
ga,23,85,172000,-0.0010000000474974513,-0.0010000000474974513
ga,23,86,174000,-0.0010000000474974513,-0.0010000000474974513
ga,23,87,176000,-0.0010000000474974513,-0.0010000000474974513
ga,23,88,178000,-0.0010000000474974513,-0.0010000000474974513
ga,23,89,180000,-0.0010000000474974513,-0.0010000000474974513
ga,23,90,182000,-0.0010000000474974513,-0.0010000000474974513
ga,23,91,184000,-0.0010000000474974513,-0.0010000000474974513
ga,23,92,186000,-0.0010000000474974513,-0.0010000000474974513
ga,23,93,188000,-0.0010000000474974513,-0.0010000000474974513
ga,23,94,190000,-0.0010000000474974513,-0.0010000000474974513
ga,23,95,192000,-0.0010000000474974513,-0.0010000000474974513
ga,23,96,194000,-0.0010000000474974513,-0.0010000000474974513
ga,23,97,196000,-0.0010000000474974513,-0.0010000000474974513
ga,23,98,198000,-0.0010000000474974513,-0.0010000000474974513
ga,23,99,200000,-0.0010000000474974513,-0.0010000000474974513
ga,24,0,2000,-4.452000141143799,-4.452000141143799
ga,24,1,4000,-4.452000141143799,-4.452000141143799
ga,24,2,6000,-0.0010000000474974513,-0.0010000000474974513
ga,24,3,8000,-0.0010000000474974513,-0.0010000000474974513
ga,24,4,10000,-0.0010000000474974513,-0.0010000000474974513
ga,24,5,12000,-0.0010000000474974513,-0.0010000000474974513
ga,24,6,14000,-0.0010000000474974513,-0.0010000000474974513
ga,24,7,16000,-0.0010000000474974513,-0.0010000000474974513
ga,24,8,18000,-0.0010000000474974513,-0.0010000000474974513
ga,24,9,20000,-0.0010000000474974513,-0.0010000000474974513
ga,24,10,22000,-0.0010000000474974513,-0.0010000000474974513
ga,24,11,24000,-0.0010000000474974513,-0.0010000000474974513
ga,24,12,26000,-0.0010000000474974513,-0.0010000000474974513
ga,24,13,28000,-0.0010000000474974513,-0.0010000000474974513
ga,24,14,30000,-0.0010000000474974513,-0.0010000000474974513
ga,24,15,32000,-0.0010000000474974513,-0.0010000000474974513
ga,24,16,34000,-0.0010000000474974513,-0.0010000000474974513
ga,24,17,36000,-0.0010000000474974513,-0.0010000000474974513
ga,24,18,38000,-0.0010000000474974513,-0.0010000000474974513
ga,24,19,40000,-0.0010000000474974513,-0.0010000000474974513
ga,24,20,42000,-0.0010000000474974513,-0.0010000000474974513
ga,24,21,44000,-0.0010000000474974513,-0.0010000000474974513
ga,24,22,46000,-0.0010000000474974513,-0.0010000000474974513
ga,24,23,48000,-0.0010000000474974513,-0.0010000000474974513
ga,24,24,50000,-0.0010000000474974513,-0.0010000000474974513
ga,24,25,52000,-0.0010000000474974513,-0.0010000000474974513
ga,24,26,54000,-0.0010000000474974513,-0.0010000000474974513
ga,24,27,56000,-0.0010000000474974513,-0.0010000000474974513
ga,24,28,58000,-0.0010000000474974513,-0.0010000000474974513
ga,24,29,60000,-0.0010000000474974513,-0.0010000000474974513
ga,24,30,62000,-0.0010000000474974513,-0.0010000000474974513
ga,24,31,64000,-0.0010000000474974513,-0.0010000000474974513
ga,24,32,66000,-0.0010000000474974513,-0.0010000000474974513
ga,24,33,68000,-0.0010000000474974513,-0.0010000000474974513
ga,24,34,70000,-0.0010000000474974513,-0.0010000000474974513
ga,24,35,72000,-0.0010000000474974513,-0.0010000000474974513
ga,24,36,74000,-0.0010000000474974513,-0.0010000000474974513
ga,24,37,76000,-0.0010000000474974513,-0.0010000000474974513
ga,24,38,78000,-0.0010000000474974513,-0.0010000000474974513
ga,24,39,80000,-0.0010000000474974513,-0.0010000000474974513
ga,24,40,82000,-0.0010000000474974513,-0.0010000000474974513
ga,24,41,84000,-0.0010000000474974513,-0.0010000000474974513
ga,24,42,86000,-0.0010000000474974513,-0.0010000000474974513
ga,24,43,88000,-0.0010000000474974513,-0.0010000000474974513
ga,24,44,90000,-0.0010000000474974513,-0.0010000000474974513
ga,24,45,92000,-0.0010000000474974513,-0.0010000000474974513
ga,24,46,94000,-0.0010000000474974513,-0.0010000000474974513
ga,24,47,96000,-0.0010000000474974513,-0.0010000000474974513
ga,24,48,98000,-0.0010000000474974513,-0.0010000000474974513
ga,24,49,100000,-0.0010000000474974513,-0.0010000000474974513
ga,24,50,102000,-0.0010000000474974513,-0.0010000000474974513
ga,24,51,104000,-0.0010000000474974513,-0.0010000000474974513
ga,24,52,106000,-0.0010000000474974513,-0.0010000000474974513
ga,24,53,108000,-0.0010000000474974513,-0.0010000000474974513
ga,24,54,110000,-0.0010000000474974513,-0.0010000000474974513
ga,24,55,112000,-0.0010000000474974513,-0.0010000000474974513
ga,24,56,114000,-0.0010000000474974513,-0.0010000000474974513
ga,24,57,116000,-0.0010000000474974513,-0.0010000000474974513
ga,24,58,118000,-0.0010000000474974513,-0.0010000000474974513
ga,24,59,120000,-0.0010000000474974513,-0.0010000000474974513
ga,24,60,122000,-0.0010000000474974513,-0.0010000000474974513
ga,24,61,124000,-0.0010000000474974513,-0.0010000000474974513
ga,24,62,126000,-0.0010000000474974513,-0.0010000000474974513
ga,24,63,128000,-0.0010000000474974513,-0.0010000000474974513
ga,24,64,130000,-0.0010000000474974513,-0.0010000000474974513
ga,24,65,132000,-0.0010000000474974513,-0.0010000000474974513
ga,24,66,134000,-0.0010000000474974513,-0.0010000000474974513
ga,24,67,136000,-0.0010000000474974513,-0.0010000000474974513
ga,24,68,138000,-0.0010000000474974513,-0.0010000000474974513
ga,24,69,140000,-0.0010000000474974513,-0.0010000000474974513
ga,24,70,142000,-0.0010000000474974513,-0.0010000000474974513
ga,24,71,144000,-0.0010000000474974513,-0.0010000000474974513
ga,24,72,146000,-0.0010000000474974513,-0.0010000000474974513
ga,24,73,148000,-0.0010000000474974513,-0.0010000000474974513
ga,24,74,150000,-0.0010000000474974513,-0.0010000000474974513
ga,24,75,152000,-0.0010000000474974513,-0.0010000000474974513
ga,24,76,154000,-0.0010000000474974513,-0.0010000000474974513
ga,24,77,156000,-0.0010000000474974513,-0.0010000000474974513
ga,24,78,158000,-0.0010000000474974513,-0.0010000000474974513
ga,24,79,160000,-0.0010000000474974513,-0.0010000000474974513
ga,24,80,162000,-0.0010000000474974513,-0.0010000000474974513
ga,24,81,164000,-0.0010000000474974513,-0.0010000000474974513
ga,24,82,166000,-0.0010000000474974513,-0.0010000000474974513
ga,24,83,168000,-0.0010000000474974513,-0.0010000000474974513
ga,24,84,170000,-0.0010000000474974513,-0.0010000000474974513
ga,24,85,172000,-0.0010000000474974513,-0.0010000000474974513
ga,24,86,174000,-0.0010000000474974513,-0.0010000000474974513
ga,24,87,176000,-0.0010000000474974513,-0.0010000000474974513
ga,24,88,178000,-0.0010000000474974513,-0.0010000000474974513
ga,24,89,180000,-0.0010000000474974513,-0.0010000000474974513
ga,24,90,182000,-0.0010000000474974513,-0.0010000000474974513
ga,24,91,184000,-0.0010000000474974513,-0.0010000000474974513
ga,24,92,186000,-0.0010000000474974513,-0.0010000000474974513
ga,24,93,188000,-0.0010000000474974513,-0.0010000000474974513
ga,24,94,190000,-0.0010000000474974513,-0.0010000000474974513
ga,24,95,192000,-0.0010000000474974513,-0.0010000000474974513
ga,24,96,194000,-0.0010000000474974513,-0.0010000000474974513
ga,24,97,196000,-0.0010000000474974513,-0.0010000000474974513
ga,24,98,198000,-0.0010000000474974513,-0.0010000000474974513
ga,24,99,200000,-0.0010000000474974513,-0.0010000000474974513
ga,25,0,2000,-6.703000068664551,-6.703000068664551
ga,25,1,4000,-6.703000068664551,-6.703000068664551
ga,25,2,6000,-0.0010000000474974513,-0.0010000000474974513
ga,25,3,8000,-0.0010000000474974513,-0.0010000000474974513
ga,25,4,10000,-0.0010000000474974513,-0.0010000000474974513
ga,25,5,12000,-0.0010000000474974513,-0.0010000000474974513
ga,25,6,14000,-0.0010000000474974513,-0.0010000000474974513
ga,25,7,16000,-0.0010000000474974513,-0.0010000000474974513
ga,25,8,18000,-0.0010000000474974513,-0.0010000000474974513
ga,25,9,20000,-0.0010000000474974513,-0.0010000000474974513
ga,25,10,22000,-0.0010000000474974513,-0.0010000000474974513
ga,25,11,24000,-0.0010000000474974513,-0.0010000000474974513
ga,25,12,26000,-0.0010000000474974513,-0.0010000000474974513
ga,25,13,28000,-0.0010000000474974513,-0.0010000000474974513
ga,25,14,30000,-0.0010000000474974513,-0.0010000000474974513
ga,25,15,32000,-0.0010000000474974513,-0.0010000000474974513
ga,25,16,34000,-0.0010000000474974513,-0.0010000000474974513
ga,25,17,36000,-0.0010000000474974513,-0.0010000000474974513
ga,25,18,38000,-0.0010000000474974513,-0.0010000000474974513
ga,25,19,40000,-0.0010000000474974513,-0.0010000000474974513
ga,25,20,42000,-0.0010000000474974513,-0.0010000000474974513
ga,25,21,44000,-0.0010000000474974513,-0.0010000000474974513
ga,25,22,46000,-0.0010000000474974513,-0.0010000000474974513
ga,25,23,48000,-0.0010000000474974513,-0.0010000000474974513
ga,25,24,50000,-0.0010000000474974513,-0.0010000000474974513
ga,25,25,52000,-0.0010000000474974513,-0.0010000000474974513
ga,25,26,54000,-0.0010000000474974513,-0.0010000000474974513
ga,25,27,56000,-0.0010000000474974513,-0.0010000000474974513
ga,25,28,58000,-0.0010000000474974513,-0.0010000000474974513
ga,25,29,60000,-0.0010000000474974513,-0.0010000000474974513
ga,25,30,62000,-0.0010000000474974513,-0.0010000000474974513
ga,25,31,64000,-0.0010000000474974513,-0.0010000000474974513
ga,25,32,66000,-0.0010000000474974513,-0.0010000000474974513
ga,25,33,68000,-0.0010000000474974513,-0.0010000000474974513
ga,25,34,70000,-0.0010000000474974513,-0.0010000000474974513
ga,25,35,72000,-0.0010000000474974513,-0.0010000000474974513
ga,25,36,74000,-0.0010000000474974513,-0.0010000000474974513
ga,25,37,76000,-0.0010000000474974513,-0.0010000000474974513
ga,25,38,78000,-0.0010000000474974513,-0.0010000000474974513
ga,25,39,80000,-0.0010000000474974513,-0.0010000000474974513
ga,25,40,82000,-0.0010000000474974513,-0.0010000000474974513
ga,25,41,84000,-0.0010000000474974513,-0.0010000000474974513
ga,25,42,86000,-0.0010000000474974513,-0.0010000000474974513
ga,25,43,88000,-0.0010000000474974513,-0.0010000000474974513
ga,25,44,90000,-0.0010000000474974513,-0.0010000000474974513
ga,25,45,92000,-0.0010000000474974513,-0.0010000000474974513
ga,25,46,94000,-0.0010000000474974513,-0.0010000000474974513
ga,25,47,96000,-0.0010000000474974513,-0.0010000000474974513
ga,25,48,98000,-0.0010000000474974513,-0.0010000000474974513
ga,25,49,100000,-0.0010000000474974513,-0.0010000000474974513
ga,25,50,102000,-0.0010000000474974513,-0.0010000000474974513
ga,25,51,104000,-0.0010000000474974513,-0.0010000000474974513
ga,25,52,106000,-0.0010000000474974513,-0.0010000000474974513
ga,25,53,108000,-0.0010000000474974513,-0.0010000000474974513
ga,25,54,110000,-0.0010000000474974513,-0.0010000000474974513
ga,25,55,112000,-0.0010000000474974513,-0.0010000000474974513
ga,25,56,114000,-0.0010000000474974513,-0.0010000000474974513
ga,25,57,116000,-0.0010000000474974513,-0.0010000000474974513
ga,25,58,118000,-0.0010000000474974513,-0.0010000000474974513
ga,25,59,120000,-0.0010000000474974513,-0.0010000000474974513
ga,25,60,122000,-0.0010000000474974513,-0.0010000000474974513
ga,25,61,124000,-0.0010000000474974513,-0.0010000000474974513
ga,25,62,126000,-0.0010000000474974513,-0.0010000000474974513
ga,25,63,128000,-0.0010000000474974513,-0.0010000000474974513
ga,25,64,130000,-0.0010000000474974513,-0.0010000000474974513
ga,25,65,132000,-0.0010000000474974513,-0.0010000000474974513
ga,25,66,134000,-0.0010000000474974513,-0.0010000000474974513
ga,25,67,136000,-0.0010000000474974513,-0.0010000000474974513
ga,25,68,138000,-0.0010000000474974513,-0.0010000000474974513
ga,25,69,140000,-0.0010000000474974513,-0.0010000000474974513
ga,25,70,142000,-0.0010000000474974513,-0.0010000000474974513
ga,25,71,144000,-0.0010000000474974513,-0.0010000000474974513
ga,25,72,146000,-0.0010000000474974513,-0.0010000000474974513
ga,25,73,148000,-0.0010000000474974513,-0.0010000000474974513
ga,25,74,150000,-0.0010000000474974513,-0.0010000000474974513
ga,25,75,152000,-0.0010000000474974513,-0.0010000000474974513
ga,25,76,154000,-0.0010000000474974513,-0.0010000000474974513
ga,25,77,156000,-0.0010000000474974513,-0.0010000000474974513
ga,25,78,158000,-0.0010000000474974513,-0.0010000000474974513
ga,25,79,160000,-0.0010000000474974513,-0.0010000000474974513
ga,25,80,162000,-0.0010000000474974513,-0.0010000000474974513
ga,25,81,164000,-0.0010000000474974513,-0.0010000000474974513
ga,25,82,166000,-0.0010000000474974513,-0.0010000000474974513
ga,25,83,168000,-0.0010000000474974513,-0.0010000000474974513
ga,25,84,170000,-0.0010000000474974513,-0.0010000000474974513
ga,25,85,172000,-0.0010000000474974513,-0.0010000000474974513
ga,25,86,174000,-0.0010000000474974513,-0.0010000000474974513
ga,25,87,176000,-0.0010000000474974513,-0.0010000000474974513
ga,25,88,178000,-0.0010000000474974513,-0.0010000000474974513
ga,25,89,180000,-0.0010000000474974513,-0.0010000000474974513
ga,25,90,182000,-0.0010000000474974513,-0.0010000000474974513
ga,25,91,184000,-0.0010000000474974513,-0.0010000000474974513
ga,25,92,186000,-0.0010000000474974513,-0.0010000000474974513
ga,25,93,188000,-0.0010000000474974513,-0.0010000000474974513
ga,25,94,190000,-0.0010000000474974513,-0.0010000000474974513
ga,25,95,192000,-0.0010000000474974513,-0.0010000000474974513
ga,25,96,194000,-0.0010000000474974513,-0.0010000000474974513
ga,25,97,196000,-0.0010000000474974513,-0.0010000000474974513
ga,25,98,198000,-0.0010000000474974513,-0.0010000000474974513
ga,25,99,200000,-0.0010000000474974513,-0.0010000000474974513
ga,26,0,2000,-2.1019999980926514,-2.1019999980926514
ga,26,1,4000,-2.1019999980926514,-2.1019999980926514
ga,26,2,6000,-0.003000000026077032,-0.003000000026077032
ga,26,3,8000,-0.003000000026077032,-0.003000000026077032
ga,26,4,10000,-0.003000000026077032,-0.003000000026077032
ga,26,5,12000,-0.003000000026077032,-0.003000000026077032
ga,26,6,14000,-0.003000000026077032,-0.003000000026077032
ga,26,7,16000,-0.0010000000474974513,-0.0010000000474974513
ga,26,8,18000,-0.0010000000474974513,-0.0010000000474974513
ga,26,9,20000,-0.0010000000474974513,-0.0010000000474974513
ga,26,10,22000,-0.0010000000474974513,-0.0010000000474974513
ga,26,11,24000,-0.0010000000474974513,-0.0010000000474974513
ga,26,12,26000,-0.0010000000474974513,-0.0010000000474974513
ga,26,13,28000,-0.0010000000474974513,-0.0010000000474974513
ga,26,14,30000,-0.0010000000474974513,-0.0010000000474974513
ga,26,15,32000,-0.0010000000474974513,-0.0010000000474974513
ga,26,16,34000,-0.0010000000474974513,-0.0010000000474974513
ga,26,17,36000,-0.0010000000474974513,-0.0010000000474974513
ga,26,18,38000,-0.0010000000474974513,-0.0010000000474974513
ga,26,19,40000,-0.0010000000474974513,-0.0010000000474974513
ga,26,20,42000,-0.0010000000474974513,-0.0010000000474974513
ga,26,21,44000,-0.0010000000474974513,-0.0010000000474974513
ga,26,22,46000,-0.0010000000474974513,-0.0010000000474974513
ga,26,23,48000,-0.0010000000474974513,-0.0010000000474974513
ga,26,24,50000,-0.0010000000474974513,-0.0010000000474974513
ga,26,25,52000,-0.0010000000474974513,-0.0010000000474974513
ga,26,26,54000,-0.0010000000474974513,-0.0010000000474974513
ga,26,27,56000,-0.0010000000474974513,-0.0010000000474974513
ga,26,28,58000,-0.0010000000474974513,-0.0010000000474974513
ga,26,29,60000,-0.0010000000474974513,-0.0010000000474974513
ga,26,30,62000,-0.0010000000474974513,-0.0010000000474974513
ga,26,31,64000,-0.0010000000474974513,-0.0010000000474974513
ga,26,32,66000,-0.0010000000474974513,-0.0010000000474974513
ga,26,33,68000,-0.0010000000474974513,-0.0010000000474974513
ga,26,34,70000,-0.0010000000474974513,-0.0010000000474974513
ga,26,35,72000,-0.0010000000474974513,-0.0010000000474974513
ga,26,36,74000,-0.0010000000474974513,-0.0010000000474974513
ga,26,37,76000,-0.0010000000474974513,-0.0010000000474974513
ga,26,38,78000,-0.0010000000474974513,-0.0010000000474974513
ga,26,39,80000,-0.0010000000474974513,-0.0010000000474974513
ga,26,40,82000,-0.0010000000474974513,-0.0010000000474974513
ga,26,41,84000,-0.0010000000474974513,-0.0010000000474974513
ga,26,42,86000,-0.0010000000474974513,-0.0010000000474974513
ga,26,43,88000,-0.0010000000474974513,-0.0010000000474974513
ga,26,44,90000,-0.0010000000474974513,-0.0010000000474974513
ga,26,45,92000,-0.0010000000474974513,-0.0010000000474974513
ga,26,46,94000,-0.0010000000474974513,-0.0010000000474974513
ga,26,47,96000,-0.0010000000474974513,-0.0010000000474974513
ga,26,48,98000,-0.0010000000474974513,-0.0010000000474974513
ga,26,49,100000,-0.0010000000474974513,-0.0010000000474974513
ga,26,50,102000,-0.0010000000474974513,-0.0010000000474974513
ga,26,51,104000,-0.0010000000474974513,-0.0010000000474974513
ga,26,52,106000,-0.0010000000474974513,-0.0010000000474974513
ga,26,53,108000,-0.0010000000474974513,-0.0010000000474974513
ga,26,54,110000,-0.0010000000474974513,-0.0010000000474974513
ga,26,55,112000,-0.0010000000474974513,-0.0010000000474974513
ga,26,56,114000,-0.0010000000474974513,-0.0010000000474974513
ga,26,57,116000,-0.0010000000474974513,-0.0010000000474974513
ga,26,58,118000,-0.0010000000474974513,-0.0010000000474974513
ga,26,59,120000,-0.0010000000474974513,-0.0010000000474974513
ga,26,60,122000,-0.0010000000474974513,-0.0010000000474974513
ga,26,61,124000,-0.0010000000474974513,-0.0010000000474974513
ga,26,62,126000,-0.0010000000474974513,-0.0010000000474974513
ga,26,63,128000,-0.0010000000474974513,-0.0010000000474974513
ga,26,64,130000,-0.0010000000474974513,-0.0010000000474974513
ga,26,65,132000,-0.0010000000474974513,-0.0010000000474974513
ga,26,66,134000,-0.0010000000474974513,-0.0010000000474974513
ga,26,67,136000,-0.0010000000474974513,-0.0010000000474974513
ga,26,68,138000,-0.0010000000474974513,-0.0010000000474974513
ga,26,69,140000,-0.0010000000474974513,-0.0010000000474974513
ga,26,70,142000,-0.0010000000474974513,-0.0010000000474974513
ga,26,71,144000,-0.0010000000474974513,-0.0010000000474974513
ga,26,72,146000,-0.0010000000474974513,-0.0010000000474974513
ga,26,73,148000,-0.0010000000474974513,-0.0010000000474974513
ga,26,74,150000,-0.0010000000474974513,-0.0010000000474974513
ga,26,75,152000,-0.0010000000474974513,-0.0010000000474974513
ga,26,76,154000,-0.0010000000474974513,-0.0010000000474974513
ga,26,77,156000,-0.0010000000474974513,-0.0010000000474974513
ga,26,78,158000,-0.0010000000474974513,-0.0010000000474974513
ga,26,79,160000,-0.0010000000474974513,-0.0010000000474974513
ga,26,80,162000,-0.0010000000474974513,-0.0010000000474974513
ga,26,81,164000,-0.0010000000474974513,-0.0010000000474974513
ga,26,82,166000,-0.0010000000474974513,-0.0010000000474974513
ga,26,83,168000,-0.0010000000474974513,-0.0010000000474974513
ga,26,84,170000,-0.0010000000474974513,-0.0010000000474974513
ga,26,85,172000,-0.0010000000474974513,-0.0010000000474974513
ga,26,86,174000,-0.0010000000474974513,-0.0010000000474974513
ga,26,87,176000,-0.0010000000474974513,-0.0010000000474974513
ga,26,88,178000,-0.0010000000474974513,-0.0010000000474974513
ga,26,89,180000,-0.0010000000474974513,-0.0010000000474974513
ga,26,90,182000,-0.0010000000474974513,-0.0010000000474974513
ga,26,91,184000,-0.0010000000474974513,-0.0010000000474974513
ga,26,92,186000,-0.0010000000474974513,-0.0010000000474974513
ga,26,93,188000,-0.0010000000474974513,-0.0010000000474974513
ga,26,94,190000,-0.0010000000474974513,-0.0010000000474974513
ga,26,95,192000,-0.0010000000474974513,-0.0010000000474974513
ga,26,96,194000,-0.0010000000474974513,-0.0010000000474974513
ga,26,97,196000,-0.0010000000474974513,-0.0010000000474974513
ga,26,98,198000,-0.0010000000474974513,-0.0010000000474974513
ga,26,99,200000,-0.0010000000474974513,-0.0010000000474974513
ga,27,0,2000,-6.005000114440918,-6.005000114440918
ga,27,1,4000,-6.005000114440918,-6.005000114440918
ga,27,2,6000,-1.0019999742507935,-1.0019999742507935
ga,27,3,8000,-1.0019999742507935,-1.0019999742507935
ga,27,4,10000,-1.0019999742507935,-1.0019999742507935
ga,27,5,12000,-0.0010000000474974513,-0.0010000000474974513
ga,27,6,14000,-0.0010000000474974513,-0.0010000000474974513
ga,27,7,16000,-0.0010000000474974513,-0.0010000000474974513
ga,27,8,18000,-0.0010000000474974513,-0.0010000000474974513
ga,27,9,20000,-0.0010000000474974513,-0.0010000000474974513
ga,27,10,22000,-0.0010000000474974513,-0.0010000000474974513
ga,27,11,24000,-0.0010000000474974513,-0.0010000000474974513
ga,27,12,26000,-0.0010000000474974513,-0.0010000000474974513
ga,27,13,28000,-0.0010000000474974513,-0.0010000000474974513
ga,27,14,30000,-0.0010000000474974513,-0.0010000000474974513
ga,27,15,32000,-0.0010000000474974513,-0.0010000000474974513
ga,27,16,34000,-0.0010000000474974513,-0.0010000000474974513
ga,27,17,36000,-0.0010000000474974513,-0.0010000000474974513
ga,27,18,38000,-0.0010000000474974513,-0.0010000000474974513
ga,27,19,40000,-0.0010000000474974513,-0.0010000000474974513
ga,27,20,42000,-0.0010000000474974513,-0.0010000000474974513
ga,27,21,44000,-0.0010000000474974513,-0.0010000000474974513
ga,27,22,46000,-0.0010000000474974513,-0.0010000000474974513
ga,27,23,48000,-0.0010000000474974513,-0.0010000000474974513
ga,27,24,50000,-0.0010000000474974513,-0.0010000000474974513
ga,27,25,52000,-0.0010000000474974513,-0.0010000000474974513
ga,27,26,54000,-0.0010000000474974513,-0.0010000000474974513
ga,27,27,56000,-0.0010000000474974513,-0.0010000000474974513
ga,27,28,58000,-0.0010000000474974513,-0.0010000000474974513
ga,27,29,60000,-0.0010000000474974513,-0.0010000000474974513
ga,27,30,62000,-0.0010000000474974513,-0.0010000000474974513
ga,27,31,64000,-0.0010000000474974513,-0.0010000000474974513
ga,27,32,66000,-0.0010000000474974513,-0.0010000000474974513
ga,27,33,68000,-0.0010000000474974513,-0.0010000000474974513
ga,27,34,70000,-0.0010000000474974513,-0.0010000000474974513
ga,27,35,72000,-0.0010000000474974513,-0.0010000000474974513
ga,27,36,74000,-0.0010000000474974513,-0.0010000000474974513
ga,27,37,76000,-0.0010000000474974513,-0.0010000000474974513
ga,27,38,78000,-0.0010000000474974513,-0.0010000000474974513
ga,27,39,80000,-0.0010000000474974513,-0.0010000000474974513
ga,27,40,82000,-0.0010000000474974513,-0.0010000000474974513
ga,27,41,84000,-0.0010000000474974513,-0.0010000000474974513
ga,27,42,86000,-0.0010000000474974513,-0.0010000000474974513
ga,27,43,88000,-0.0010000000474974513,-0.0010000000474974513
ga,27,44,90000,-0.0010000000474974513,-0.0010000000474974513
ga,27,45,92000,-0.0010000000474974513,-0.0010000000474974513
ga,27,46,94000,-0.0010000000474974513,-0.0010000000474974513
ga,27,47,96000,-0.0010000000474974513,-0.0010000000474974513
ga,27,48,98000,-0.0010000000474974513,-0.0010000000474974513
ga,27,49,100000,-0.0010000000474974513,-0.0010000000474974513
ga,27,50,102000,-0.0010000000474974513,-0.0010000000474974513
ga,27,51,104000,-0.0010000000474974513,-0.0010000000474974513
ga,27,52,106000,-0.0010000000474974513,-0.0010000000474974513
ga,27,53,108000,-0.0010000000474974513,-0.0010000000474974513
ga,27,54,110000,-0.0010000000474974513,-0.0010000000474974513
ga,27,55,112000,-0.0010000000474974513,-0.0010000000474974513
ga,27,56,114000,-0.0010000000474974513,-0.0010000000474974513
ga,27,57,116000,-0.0010000000474974513,-0.0010000000474974513
ga,27,58,118000,-0.0010000000474974513,-0.0010000000474974513
ga,27,59,120000,-0.0010000000474974513,-0.0010000000474974513
ga,27,60,122000,-0.0010000000474974513,-0.0010000000474974513
ga,27,61,124000,-0.0010000000474974513,-0.0010000000474974513
ga,27,62,126000,-0.0010000000474974513,-0.0010000000474974513
ga,27,63,128000,-0.0010000000474974513,-0.0010000000474974513
ga,27,64,130000,-0.0010000000474974513,-0.0010000000474974513
ga,27,65,132000,-0.0010000000474974513,-0.0010000000474974513
ga,27,66,134000,-0.0010000000474974513,-0.0010000000474974513
ga,27,67,136000,-0.0010000000474974513,-0.0010000000474974513
ga,27,68,138000,-0.0010000000474974513,-0.0010000000474974513
ga,27,69,140000,-0.0010000000474974513,-0.0010000000474974513
ga,27,70,142000,-0.0010000000474974513,-0.0010000000474974513
ga,27,71,144000,-0.0010000000474974513,-0.0010000000474974513
ga,27,72,146000,-0.0010000000474974513,-0.0010000000474974513
ga,27,73,148000,-0.0010000000474974513,-0.0010000000474974513
ga,27,74,150000,-0.0010000000474974513,-0.0010000000474974513
ga,27,75,152000,-0.0010000000474974513,-0.0010000000474974513
ga,27,76,154000,-0.0010000000474974513,-0.0010000000474974513
ga,27,77,156000,-0.0010000000474974513,-0.0010000000474974513
ga,27,78,158000,-0.0010000000474974513,-0.0010000000474974513
ga,27,79,160000,-0.0010000000474974513,-0.0010000000474974513
ga,27,80,162000,-0.0010000000474974513,-0.0010000000474974513
ga,27,81,164000,-0.0010000000474974513,-0.0010000000474974513
ga,27,82,166000,-0.0010000000474974513,-0.0010000000474974513
ga,27,83,168000,-0.0010000000474974513,-0.0010000000474974513
ga,27,84,170000,-0.0010000000474974513,-0.0010000000474974513
ga,27,85,172000,-0.0010000000474974513,-0.0010000000474974513
ga,27,86,174000,-0.0010000000474974513,-0.0010000000474974513
ga,27,87,176000,-0.0010000000474974513,-0.0010000000474974513
ga,27,88,178000,-0.0010000000474974513,-0.0010000000474974513
ga,27,89,180000,-0.0010000000474974513,-0.0010000000474974513
ga,27,90,182000,-0.0010000000474974513,-0.0010000000474974513
ga,27,91,184000,-0.0010000000474974513,-0.0010000000474974513
ga,27,92,186000,-0.0010000000474974513,-0.0010000000474974513
ga,27,93,188000,-0.0010000000474974513,-0.0010000000474974513
ga,27,94,190000,-0.0010000000474974513,-0.0010000000474974513
ga,27,95,192000,-0.0010000000474974513,-0.0010000000474974513
ga,27,96,194000,-0.0010000000474974513,-0.0010000000474974513
ga,27,97,196000,-0.0010000000474974513,-0.0010000000474974513
ga,27,98,198000,-0.0010000000474974513,-0.0010000000474974513
ga,27,99,200000,-0.0010000000474974513,-0.0010000000474974513
ga,28,0,2000,-7.703999996185303,-7.703999996185303
ga,28,1,4000,-4.60099983215332,-4.60099983215332
ga,28,2,6000,-0.003000000026077032,-0.003000000026077032
ga,28,3,8000,-0.003000000026077032,-0.003000000026077032
ga,28,4,10000,-0.0020000000949949026,-0.0020000000949949026
ga,28,5,12000,-0.0020000000949949026,-0.0020000000949949026
ga,28,6,14000,-0.0020000000949949026,-0.0020000000949949026
ga,28,7,16000,-0.0020000000949949026,-0.0020000000949949026
ga,28,8,18000,-0.0020000000949949026,-0.0020000000949949026
ga,28,9,20000,-0.0020000000949949026,-0.0020000000949949026
ga,28,10,22000,-0.0010000000474974513,-0.0010000000474974513
ga,28,11,24000,-0.0010000000474974513,-0.0010000000474974513
ga,28,12,26000,-0.0010000000474974513,-0.0010000000474974513
ga,28,13,28000,-0.0010000000474974513,-0.0010000000474974513
ga,28,14,30000,-0.0010000000474974513,-0.0010000000474974513
ga,28,15,32000,-0.0010000000474974513,-0.0010000000474974513
ga,28,16,34000,-0.0010000000474974513,-0.0010000000474974513
ga,28,17,36000,-0.0010000000474974513,-0.0010000000474974513
ga,28,18,38000,-0.0010000000474974513,-0.0010000000474974513
ga,28,19,40000,-0.0010000000474974513,-0.0010000000474974513
ga,28,20,42000,-0.0010000000474974513,-0.0010000000474974513
ga,28,21,44000,-0.0010000000474974513,-0.0010000000474974513
ga,28,22,46000,-0.0010000000474974513,-0.0010000000474974513
ga,28,23,48000,-0.0010000000474974513,-0.0010000000474974513
ga,28,24,50000,-0.0010000000474974513,-0.0010000000474974513
ga,28,25,52000,-0.0010000000474974513,-0.0010000000474974513
ga,28,26,54000,-0.0010000000474974513,-0.0010000000474974513
ga,28,27,56000,-0.0010000000474974513,-0.0010000000474974513
ga,28,28,58000,-0.0010000000474974513,-0.0010000000474974513
ga,28,29,60000,-0.0010000000474974513,-0.0010000000474974513
ga,28,30,62000,-0.0010000000474974513,-0.0010000000474974513
ga,28,31,64000,-0.0010000000474974513,-0.0010000000474974513
ga,28,32,66000,-0.0010000000474974513,-0.0010000000474974513
ga,28,33,68000,-0.0010000000474974513,-0.0010000000474974513
ga,28,34,70000,-0.0010000000474974513,-0.0010000000474974513
ga,28,35,72000,-0.0010000000474974513,-0.0010000000474974513
ga,28,36,74000,-0.0010000000474974513,-0.0010000000474974513
ga,28,37,76000,-0.0010000000474974513,-0.0010000000474974513
ga,28,38,78000,-0.0010000000474974513,-0.0010000000474974513
ga,28,39,80000,-0.0010000000474974513,-0.0010000000474974513
ga,28,40,82000,-0.0010000000474974513,-0.0010000000474974513
ga,28,41,84000,-0.0010000000474974513,-0.0010000000474974513
ga,28,42,86000,-0.0010000000474974513,-0.0010000000474974513
ga,28,43,88000,-0.0010000000474974513,-0.0010000000474974513
ga,28,44,90000,-0.0010000000474974513,-0.0010000000474974513
ga,28,45,92000,-0.0010000000474974513,-0.0010000000474974513
ga,28,46,94000,-0.0010000000474974513,-0.0010000000474974513
ga,28,47,96000,-0.0010000000474974513,-0.0010000000474974513
ga,28,48,98000,-0.0010000000474974513,-0.0010000000474974513
ga,28,49,100000,-0.0010000000474974513,-0.0010000000474974513
ga,28,50,102000,-0.0010000000474974513,-0.0010000000474974513
ga,28,51,104000,-0.0010000000474974513,-0.0010000000474974513
ga,28,52,106000,-0.0010000000474974513,-0.0010000000474974513
ga,28,53,108000,-0.0010000000474974513,-0.0010000000474974513
ga,28,54,110000,-0.0010000000474974513,-0.0010000000474974513
ga,28,55,112000,-0.0010000000474974513,-0.0010000000474974513
ga,28,56,114000,-0.0010000000474974513,-0.0010000000474974513
ga,28,57,116000,-0.0010000000474974513,-0.0010000000474974513
ga,28,58,118000,-0.0010000000474974513,-0.0010000000474974513
ga,28,59,120000,-0.0010000000474974513,-0.0010000000474974513
ga,28,60,122000,-0.0010000000474974513,-0.0010000000474974513
ga,28,61,124000,-0.0010000000474974513,-0.0010000000474974513
ga,28,62,126000,-0.0010000000474974513,-0.0010000000474974513
ga,28,63,128000,-0.0010000000474974513,-0.0010000000474974513
ga,28,64,130000,-0.0010000000474974513,-0.0010000000474974513
ga,28,65,132000,-0.0010000000474974513,-0.0010000000474974513
ga,28,66,134000,-0.0010000000474974513,-0.0010000000474974513
ga,28,67,136000,-0.0010000000474974513,-0.0010000000474974513
ga,28,68,138000,-0.0010000000474974513,-0.0010000000474974513
ga,28,69,140000,-0.0010000000474974513,-0.0010000000474974513
ga,28,70,142000,-0.0010000000474974513,-0.0010000000474974513
ga,28,71,144000,-0.0010000000474974513,-0.0010000000474974513
ga,28,72,146000,-0.0010000000474974513,-0.0010000000474974513
ga,28,73,148000,-0.0010000000474974513,-0.0010000000474974513
ga,28,74,150000,-0.0010000000474974513,-0.0010000000474974513
ga,28,75,152000,-0.0010000000474974513,-0.0010000000474974513
ga,28,76,154000,-0.0010000000474974513,-0.0010000000474974513
ga,28,77,156000,-0.0010000000474974513,-0.0010000000474974513
ga,28,78,158000,-0.0010000000474974513,-0.0010000000474974513
ga,28,79,160000,-0.0010000000474974513,-0.0010000000474974513
ga,28,80,162000,-0.0010000000474974513,-0.0010000000474974513
ga,28,81,164000,-0.0010000000474974513,-0.0010000000474974513
ga,28,82,166000,-0.0010000000474974513,-0.0010000000474974513
ga,28,83,168000,-0.0010000000474974513,-0.0010000000474974513
ga,28,84,170000,-0.0010000000474974513,-0.0010000000474974513
ga,28,85,172000,-0.0010000000474974513,-0.0010000000474974513
ga,28,86,174000,-0.0010000000474974513,-0.0010000000474974513
ga,28,87,176000,-0.0010000000474974513,-0.0010000000474974513
ga,28,88,178000,-0.0010000000474974513,-0.0010000000474974513
ga,28,89,180000,-0.0010000000474974513,-0.0010000000474974513
ga,28,90,182000,-0.0010000000474974513,-0.0010000000474974513
ga,28,91,184000,-0.0010000000474974513,-0.0010000000474974513
ga,28,92,186000,-0.0010000000474974513,-0.0010000000474974513
ga,28,93,188000,-0.0010000000474974513,-0.0010000000474974513
ga,28,94,190000,-0.0010000000474974513,-0.0010000000474974513
ga,28,95,192000,-0.0010000000474974513,-0.0010000000474974513
ga,28,96,194000,-0.0010000000474974513,-0.0010000000474974513
ga,28,97,196000,-0.0010000000474974513,-0.0010000000474974513
ga,28,98,198000,-0.0010000000474974513,-0.0010000000474974513
ga,28,99,200000,-0.0010000000474974513,-0.0010000000474974513
ga,29,0,2000,-6.504000186920166,-6.504000186920166
ga,29,1,4000,-6.504000186920166,-6.504000186920166
ga,29,2,6000,-0.003000000026077032,-0.003000000026077032
ga,29,3,8000,-1.8070000410079956,-0.003000000026077032
ga,29,4,10000,-1.8070000410079956,-0.003000000026077032
ga,29,5,12000,-0.0010000000474974513,-0.0010000000474974513
ga,29,6,14000,-0.0010000000474974513,-0.0010000000474974513
ga,29,7,16000,-0.0010000000474974513,-0.0010000000474974513
ga,29,8,18000,-0.0010000000474974513,-0.0010000000474974513
ga,29,9,20000,-0.0010000000474974513,-0.0010000000474974513
ga,29,10,22000,-0.0010000000474974513,-0.0010000000474974513
ga,29,11,24000,-0.0010000000474974513,-0.0010000000474974513
ga,29,12,26000,-0.0010000000474974513,-0.0010000000474974513
ga,29,13,28000,-0.0010000000474974513,-0.0010000000474974513
ga,29,14,30000,-0.0010000000474974513,-0.0010000000474974513
ga,29,15,32000,-0.0010000000474974513,-0.0010000000474974513
ga,29,16,34000,-0.0010000000474974513,-0.0010000000474974513
ga,29,17,36000,-0.0010000000474974513,-0.0010000000474974513
ga,29,18,38000,-0.0010000000474974513,-0.0010000000474974513
ga,29,19,40000,-0.0010000000474974513,-0.0010000000474974513
ga,29,20,42000,-0.0010000000474974513,-0.0010000000474974513
ga,29,21,44000,-0.0010000000474974513,-0.0010000000474974513
ga,29,22,46000,-0.0010000000474974513,-0.0010000000474974513
ga,29,23,48000,-0.0010000000474974513,-0.0010000000474974513
ga,29,24,50000,-0.0010000000474974513,-0.0010000000474974513
ga,29,25,52000,-0.0010000000474974513,-0.0010000000474974513
ga,29,26,54000,-0.0010000000474974513,-0.0010000000474974513
ga,29,27,56000,-0.0010000000474974513,-0.0010000000474974513
ga,29,28,58000,-0.0010000000474974513,-0.0010000000474974513
ga,29,29,60000,-0.0010000000474974513,-0.0010000000474974513
ga,29,30,62000,-0.0010000000474974513,-0.0010000000474974513
ga,29,31,64000,-0.0010000000474974513,-0.0010000000474974513
ga,29,32,66000,-0.0010000000474974513,-0.0010000000474974513
ga,29,33,68000,-0.0010000000474974513,-0.0010000000474974513
ga,29,34,70000,-0.0010000000474974513,-0.0010000000474974513
ga,29,35,72000,-0.0010000000474974513,-0.0010000000474974513
ga,29,36,74000,-0.0010000000474974513,-0.0010000000474974513
ga,29,37,76000,-0.0010000000474974513,-0.0010000000474974513
ga,29,38,78000,-0.0010000000474974513,-0.0010000000474974513
ga,29,39,80000,-0.0010000000474974513,-0.0010000000474974513
ga,29,40,82000,-0.0010000000474974513,-0.0010000000474974513
ga,29,41,84000,-0.0010000000474974513,-0.0010000000474974513
ga,29,42,86000,-0.0010000000474974513,-0.0010000000474974513
ga,29,43,88000,-0.0010000000474974513,-0.0010000000474974513
ga,29,44,90000,-0.0010000000474974513,-0.0010000000474974513
ga,29,45,92000,-0.0010000000474974513,-0.0010000000474974513
ga,29,46,94000,-0.0010000000474974513,-0.0010000000474974513
ga,29,47,96000,-0.0010000000474974513,-0.0010000000474974513
ga,29,48,98000,-0.0010000000474974513,-0.0010000000474974513
ga,29,49,100000,-0.0010000000474974513,-0.0010000000474974513
ga,29,50,102000,-0.0010000000474974513,-0.0010000000474974513
ga,29,51,104000,-0.0010000000474974513,-0.0010000000474974513
ga,29,52,106000,-0.0010000000474974513,-0.0010000000474974513
ga,29,53,108000,-0.0010000000474974513,-0.0010000000474974513
ga,29,54,110000,-0.0010000000474974513,-0.0010000000474974513
ga,29,55,112000,-0.0010000000474974513,-0.0010000000474974513
ga,29,56,114000,-0.0010000000474974513,-0.0010000000474974513
ga,29,57,116000,-0.0010000000474974513,-0.0010000000474974513
ga,29,58,118000,-0.0010000000474974513,-0.0010000000474974513
ga,29,59,120000,-0.0010000000474974513,-0.0010000000474974513
ga,29,60,122000,-0.0010000000474974513,-0.0010000000474974513
ga,29,61,124000,-0.0010000000474974513,-0.0010000000474974513
ga,29,62,126000,-0.0010000000474974513,-0.0010000000474974513
ga,29,63,128000,-0.0010000000474974513,-0.0010000000474974513
ga,29,64,130000,-0.0010000000474974513,-0.0010000000474974513
ga,29,65,132000,-0.0010000000474974513,-0.0010000000474974513
ga,29,66,134000,-0.0010000000474974513,-0.0010000000474974513
ga,29,67,136000,-0.0010000000474974513,-0.0010000000474974513
ga,29,68,138000,-0.0010000000474974513,-0.0010000000474974513
ga,29,69,140000,-0.0010000000474974513,-0.0010000000474974513
ga,29,70,142000,-0.0010000000474974513,-0.0010000000474974513
ga,29,71,144000,-0.0010000000474974513,-0.0010000000474974513
ga,29,72,146000,-0.0010000000474974513,-0.0010000000474974513
ga,29,73,148000,-0.0010000000474974513,-0.0010000000474974513
ga,29,74,150000,-0.0010000000474974513,-0.0010000000474974513
ga,29,75,152000,-0.0010000000474974513,-0.0010000000474974513
ga,29,76,154000,-0.0010000000474974513,-0.0010000000474974513
ga,29,77,156000,-0.0010000000474974513,-0.0010000000474974513
ga,29,78,158000,-0.0010000000474974513,-0.0010000000474974513
ga,29,79,160000,-0.0010000000474974513,-0.0010000000474974513
ga,29,80,162000,-0.0010000000474974513,-0.0010000000474974513
ga,29,81,164000,-0.0010000000474974513,-0.0010000000474974513
ga,29,82,166000,-0.0010000000474974513,-0.0010000000474974513
ga,29,83,168000,-0.0010000000474974513,-0.0010000000474974513
ga,29,84,170000,-0.0010000000474974513,-0.0010000000474974513
ga,29,85,172000,-0.0010000000474974513,-0.0010000000474974513
ga,29,86,174000,-0.0010000000474974513,-0.0010000000474974513
ga,29,87,176000,-0.0010000000474974513,-0.0010000000474974513
ga,29,88,178000,-0.0010000000474974513,-0.0010000000474974513
ga,29,89,180000,-0.0010000000474974513,-0.0010000000474974513
ga,29,90,182000,-0.0010000000474974513,-0.0010000000474974513
ga,29,91,184000,-0.0010000000474974513,-0.0010000000474974513
ga,29,92,186000,-0.0010000000474974513,-0.0010000000474974513
ga,29,93,188000,-0.0010000000474974513,-0.0010000000474974513
ga,29,94,190000,-0.0010000000474974513,-0.0010000000474974513
ga,29,95,192000,-0.0010000000474974513,-0.0010000000474974513
ga,29,96,194000,-0.0010000000474974513,-0.0010000000474974513
ga,29,97,196000,-0.0010000000474974513,-0.0010000000474974513
ga,29,98,198000,-0.0010000000474974513,-0.0010000000474974513
ga,29,99,200000,-0.0010000000474974513,-0.0010000000474974513
ga,30,0,2000,-5.1020002365112305,-5.1020002365112305
ga,30,1,4000,-5.1020002365112305,-5.1020002365112305
ga,30,2,6000,-0.0010000000474974513,-0.0010000000474974513
ga,30,3,8000,-0.0010000000474974513,-0.0010000000474974513
ga,30,4,10000,-0.0010000000474974513,-0.0010000000474974513
ga,30,5,12000,-0.0010000000474974513,-0.0010000000474974513
ga,30,6,14000,-0.0010000000474974513,-0.0010000000474974513
ga,30,7,16000,-0.0010000000474974513,-0.0010000000474974513
ga,30,8,18000,-0.0010000000474974513,-0.0010000000474974513
ga,30,9,20000,-0.0010000000474974513,-0.0010000000474974513
ga,30,10,22000,-0.0010000000474974513,-0.0010000000474974513
ga,30,11,24000,-0.0010000000474974513,-0.0010000000474974513
ga,30,12,26000,-0.0010000000474974513,-0.0010000000474974513
ga,30,13,28000,-0.0010000000474974513,-0.0010000000474974513
ga,30,14,30000,-0.0010000000474974513,-0.0010000000474974513
ga,30,15,32000,-0.0010000000474974513,-0.0010000000474974513
ga,30,16,34000,-0.0010000000474974513,-0.0010000000474974513
ga,30,17,36000,-0.0010000000474974513,-0.0010000000474974513
ga,30,18,38000,-0.0010000000474974513,-0.0010000000474974513
ga,30,19,40000,-0.0010000000474974513,-0.0010000000474974513
ga,30,20,42000,-0.0010000000474974513,-0.0010000000474974513
ga,30,21,44000,-0.0010000000474974513,-0.0010000000474974513
ga,30,22,46000,-0.0010000000474974513,-0.0010000000474974513
ga,30,23,48000,-0.0010000000474974513,-0.0010000000474974513
ga,30,24,50000,-0.0010000000474974513,-0.0010000000474974513
ga,30,25,52000,-0.0010000000474974513,-0.0010000000474974513
ga,30,26,54000,-0.0010000000474974513,-0.0010000000474974513
ga,30,27,56000,-0.0010000000474974513,-0.0010000000474974513
ga,30,28,58000,-0.0010000000474974513,-0.0010000000474974513
ga,30,29,60000,-0.0010000000474974513,-0.0010000000474974513
ga,30,30,62000,-0.0010000000474974513,-0.0010000000474974513
ga,30,31,64000,-0.0010000000474974513,-0.0010000000474974513
ga,30,32,66000,-0.0010000000474974513,-0.0010000000474974513
ga,30,33,68000,-0.0010000000474974513,-0.0010000000474974513
ga,30,34,70000,-0.0010000000474974513,-0.0010000000474974513
ga,30,35,72000,-0.0010000000474974513,-0.0010000000474974513
ga,30,36,74000,-0.0010000000474974513,-0.0010000000474974513
ga,30,37,76000,-0.0010000000474974513,-0.0010000000474974513
ga,30,38,78000,-0.0010000000474974513,-0.0010000000474974513
ga,30,39,80000,-0.0010000000474974513,-0.0010000000474974513
ga,30,40,82000,-0.0010000000474974513,-0.0010000000474974513
ga,30,41,84000,-0.0010000000474974513,-0.0010000000474974513
ga,30,42,86000,-0.0010000000474974513,-0.0010000000474974513
ga,30,43,88000,-0.0010000000474974513,-0.0010000000474974513
ga,30,44,90000,-0.0010000000474974513,-0.0010000000474974513
ga,30,45,92000,-0.0010000000474974513,-0.0010000000474974513
ga,30,46,94000,-0.0010000000474974513,-0.0010000000474974513
ga,30,47,96000,-0.0010000000474974513,-0.0010000000474974513
ga,30,48,98000,-0.0010000000474974513,-0.0010000000474974513
ga,30,49,100000,-0.0010000000474974513,-0.0010000000474974513
ga,30,50,102000,-0.0010000000474974513,-0.0010000000474974513
ga,30,51,104000,-0.0010000000474974513,-0.0010000000474974513
ga,30,52,106000,-0.0010000000474974513,-0.0010000000474974513
ga,30,53,108000,-0.0010000000474974513,-0.0010000000474974513
ga,30,54,110000,-0.0010000000474974513,-0.0010000000474974513
ga,30,55,112000,-0.0010000000474974513,-0.0010000000474974513
ga,30,56,114000,-0.0010000000474974513,-0.0010000000474974513
ga,30,57,116000,-0.0010000000474974513,-0.0010000000474974513
ga,30,58,118000,-0.0010000000474974513,-0.0010000000474974513
ga,30,59,120000,-0.0010000000474974513,-0.0010000000474974513
ga,30,60,122000,-0.0010000000474974513,-0.0010000000474974513
ga,30,61,124000,-0.0010000000474974513,-0.0010000000474974513
ga,30,62,126000,-0.0010000000474974513,-0.0010000000474974513
ga,30,63,128000,-0.0010000000474974513,-0.0010000000474974513
ga,30,64,130000,-0.0010000000474974513,-0.0010000000474974513
ga,30,65,132000,-0.0010000000474974513,-0.0010000000474974513
ga,30,66,134000,-0.0010000000474974513,-0.0010000000474974513
ga,30,67,136000,-0.0010000000474974513,-0.0010000000474974513
ga,30,68,138000,-0.0010000000474974513,-0.0010000000474974513
ga,30,69,140000,-0.0010000000474974513,-0.0010000000474974513
ga,30,70,142000,-0.0010000000474974513,-0.0010000000474974513
ga,30,71,144000,-0.0010000000474974513,-0.0010000000474974513
ga,30,72,146000,-0.0010000000474974513,-0.0010000000474974513
ga,30,73,148000,-0.0010000000474974513,-0.0010000000474974513
ga,30,74,150000,-0.0010000000474974513,-0.0010000000474974513
ga,30,75,152000,-0.0010000000474974513,-0.0010000000474974513
ga,30,76,154000,-0.0010000000474974513,-0.0010000000474974513
ga,30,77,156000,-0.0010000000474974513,-0.0010000000474974513
ga,30,78,158000,-0.0010000000474974513,-0.0010000000474974513
ga,30,79,160000,-0.0010000000474974513,-0.0010000000474974513
ga,30,80,162000,-0.0010000000474974513,-0.0010000000474974513
ga,30,81,164000,-0.0010000000474974513,-0.0010000000474974513
ga,30,82,166000,-0.0010000000474974513,-0.0010000000474974513
ga,30,83,168000,-0.0010000000474974513,-0.0010000000474974513
ga,30,84,170000,-0.0010000000474974513,-0.0010000000474974513
ga,30,85,172000,-0.0010000000474974513,-0.0010000000474974513
ga,30,86,174000,-0.0010000000474974513,-0.0010000000474974513
ga,30,87,176000,-0.0010000000474974513,-0.0010000000474974513
ga,30,88,178000,-0.0010000000474974513,-0.0010000000474974513
ga,30,89,180000,-0.0010000000474974513,-0.0010000000474974513
ga,30,90,182000,-0.0010000000474974513,-0.0010000000474974513
ga,30,91,184000,-0.0010000000474974513,-0.0010000000474974513
ga,30,92,186000,-0.0010000000474974513,-0.0010000000474974513
ga,30,93,188000,-0.0010000000474974513,-0.0010000000474974513
ga,30,94,190000,-0.0010000000474974513,-0.0010000000474974513
ga,30,95,192000,-0.0010000000474974513,-0.0010000000474974513
ga,30,96,194000,-0.0010000000474974513,-0.0010000000474974513
ga,30,97,196000,-0.0010000000474974513,-0.0010000000474974513
ga,30,98,198000,-0.0010000000474974513,-0.0010000000474974513
ga,30,99,200000,-0.0010000000474974513,-0.0010000000474974513
ga,31,0,2000,-8.156000137329102,-8.156000137329102
ga,31,1,4000,-7.505000114440918,-7.505000114440918
ga,31,2,6000,-0.0010000000474974513,-0.0010000000474974513
ga,31,3,8000,-0.0010000000474974513,-0.0010000000474974513
ga,31,4,10000,-0.0010000000474974513,-0.0010000000474974513
ga,31,5,12000,-0.0010000000474974513,-0.0010000000474974513
ga,31,6,14000,-0.0010000000474974513,-0.0010000000474974513
ga,31,7,16000,-0.0010000000474974513,-0.0010000000474974513
ga,31,8,18000,-0.0010000000474974513,-0.0010000000474974513
ga,31,9,20000,-0.0010000000474974513,-0.0010000000474974513
ga,31,10,22000,-0.0010000000474974513,-0.0010000000474974513
ga,31,11,24000,-0.0010000000474974513,-0.0010000000474974513
ga,31,12,26000,-0.0010000000474974513,-0.0010000000474974513
ga,31,13,28000,-0.0010000000474974513,-0.0010000000474974513
ga,31,14,30000,-0.0010000000474974513,-0.0010000000474974513
ga,31,15,32000,-0.0010000000474974513,-0.0010000000474974513
ga,31,16,34000,-0.0010000000474974513,-0.0010000000474974513
ga,31,17,36000,-0.0010000000474974513,-0.0010000000474974513
ga,31,18,38000,-0.0010000000474974513,-0.0010000000474974513
ga,31,19,40000,-0.0010000000474974513,-0.0010000000474974513
ga,31,20,42000,-0.0010000000474974513,-0.0010000000474974513
ga,31,21,44000,-0.0010000000474974513,-0.0010000000474974513
ga,31,22,46000,-0.0010000000474974513,-0.0010000000474974513
ga,31,23,48000,-0.0010000000474974513,-0.0010000000474974513
ga,31,24,50000,-0.0010000000474974513,-0.0010000000474974513
ga,31,25,52000,-0.0010000000474974513,-0.0010000000474974513
ga,31,26,54000,-0.0010000000474974513,-0.0010000000474974513
ga,31,27,56000,-0.0010000000474974513,-0.0010000000474974513
ga,31,28,58000,-0.0010000000474974513,-0.0010000000474974513
ga,31,29,60000,-0.0010000000474974513,-0.0010000000474974513
ga,31,30,62000,-0.0010000000474974513,-0.0010000000474974513
ga,31,31,64000,-0.0010000000474974513,-0.0010000000474974513
ga,31,32,66000,-0.0010000000474974513,-0.0010000000474974513
ga,31,33,68000,-0.0010000000474974513,-0.0010000000474974513
ga,31,34,70000,-0.0010000000474974513,-0.0010000000474974513
ga,31,35,72000,-0.0010000000474974513,-0.0010000000474974513
ga,31,36,74000,-0.0010000000474974513,-0.0010000000474974513
ga,31,37,76000,-0.0010000000474974513,-0.0010000000474974513
ga,31,38,78000,-0.0010000000474974513,-0.0010000000474974513
ga,31,39,80000,-0.0010000000474974513,-0.0010000000474974513
ga,31,40,82000,-0.0010000000474974513,-0.0010000000474974513
ga,31,41,84000,-0.0010000000474974513,-0.0010000000474974513
ga,31,42,86000,-0.0010000000474974513,-0.0010000000474974513
ga,31,43,88000,-0.0010000000474974513,-0.0010000000474974513
ga,31,44,90000,-0.0010000000474974513,-0.0010000000474974513
ga,31,45,92000,-0.0010000000474974513,-0.0010000000474974513
ga,31,46,94000,-0.0010000000474974513,-0.0010000000474974513
ga,31,47,96000,-0.0010000000474974513,-0.0010000000474974513
ga,31,48,98000,-0.0010000000474974513,-0.0010000000474974513
ga,31,49,100000,-0.0010000000474974513,-0.0010000000474974513
ga,31,50,102000,-0.0010000000474974513,-0.0010000000474974513
ga,31,51,104000,-0.0010000000474974513,-0.0010000000474974513
ga,31,52,106000,-0.0010000000474974513,-0.0010000000474974513
ga,31,53,108000,-0.0010000000474974513,-0.0010000000474974513
ga,31,54,110000,-0.0010000000474974513,-0.0010000000474974513
ga,31,55,112000,-0.0010000000474974513,-0.0010000000474974513
ga,31,56,114000,-0.0010000000474974513,-0.0010000000474974513
ga,31,57,116000,-0.0010000000474974513,-0.0010000000474974513
ga,31,58,118000,-0.0010000000474974513,-0.0010000000474974513
ga,31,59,120000,-0.0010000000474974513,-0.0010000000474974513
ga,31,60,122000,-0.0010000000474974513,-0.0010000000474974513
ga,31,61,124000,-0.0010000000474974513,-0.0010000000474974513
ga,31,62,126000,-0.0010000000474974513,-0.0010000000474974513
ga,31,63,128000,-0.0010000000474974513,-0.0010000000474974513
ga,31,64,130000,-0.0010000000474974513,-0.0010000000474974513
ga,31,65,132000,-0.0010000000474974513,-0.0010000000474974513
ga,31,66,134000,-0.0010000000474974513,-0.0010000000474974513
ga,31,67,136000,-0.0010000000474974513,-0.0010000000474974513
ga,31,68,138000,-0.0010000000474974513,-0.0010000000474974513
ga,31,69,140000,-0.0010000000474974513,-0.0010000000474974513
ga,31,70,142000,-0.0010000000474974513,-0.0010000000474974513
ga,31,71,144000,-0.0010000000474974513,-0.0010000000474974513
ga,31,72,146000,-0.0010000000474974513,-0.0010000000474974513
ga,31,73,148000,-0.0010000000474974513,-0.0010000000474974513
ga,31,74,150000,-0.0010000000474974513,-0.0010000000474974513
ga,31,75,152000,-0.0010000000474974513,-0.0010000000474974513
ga,31,76,154000,-0.0010000000474974513,-0.0010000000474974513
ga,31,77,156000,-0.0010000000474974513,-0.0010000000474974513
ga,31,78,158000,-0.0010000000474974513,-0.0010000000474974513
ga,31,79,160000,-0.0010000000474974513,-0.0010000000474974513
ga,31,80,162000,-0.0010000000474974513,-0.0010000000474974513
ga,31,81,164000,-0.0010000000474974513,-0.0010000000474974513
ga,31,82,166000,-0.0010000000474974513,-0.0010000000474974513
ga,31,83,168000,-0.0010000000474974513,-0.0010000000474974513
ga,31,84,170000,-0.0010000000474974513,-0.0010000000474974513
ga,31,85,172000,-0.0010000000474974513,-0.0010000000474974513
ga,31,86,174000,-0.0010000000474974513,-0.0010000000474974513
ga,31,87,176000,-0.0010000000474974513,-0.0010000000474974513
ga,31,88,178000,-0.0010000000474974513,-0.0010000000474974513
ga,31,89,180000,-0.0010000000474974513,-0.0010000000474974513
ga,31,90,182000,-0.0010000000474974513,-0.0010000000474974513
ga,31,91,184000,-0.0010000000474974513,-0.0010000000474974513
ga,31,92,186000,-0.0010000000474974513,-0.0010000000474974513
ga,31,93,188000,-0.0010000000474974513,-0.0010000000474974513
ga,31,94,190000,-0.0010000000474974513,-0.0010000000474974513
ga,31,95,192000,-0.0010000000474974513,-0.0010000000474974513
ga,31,96,194000,-0.0010000000474974513,-0.0010000000474974513
ga,31,97,196000,-0.0010000000474974513,-0.0010000000474974513
ga,31,98,198000,-0.0010000000474974513,-0.0010000000474974513
ga,31,99,200000,-0.0010000000474974513,-0.0010000000474974513
ga,32,0,2000,-5.1020002365112305,-5.1020002365112305
ga,32,1,4000,-5.1020002365112305,-5.1020002365112305
ga,32,2,6000,-0.0020000000949949026,-0.0020000000949949026
ga,32,3,8000,-0.0020000000949949026,-0.0020000000949949026
ga,32,4,10000,-0.0020000000949949026,-0.0020000000949949026
ga,32,5,12000,-0.0020000000949949026,-0.0020000000949949026
ga,32,6,14000,-0.0020000000949949026,-0.0020000000949949026
ga,32,7,16000,-0.0020000000949949026,-0.0020000000949949026
ga,32,8,18000,-0.0020000000949949026,-0.0020000000949949026
ga,32,9,20000,-0.0020000000949949026,-0.0020000000949949026
ga,32,10,22000,-0.0010000000474974513,-0.0010000000474974513
ga,32,11,24000,-0.0010000000474974513,-0.0010000000474974513
ga,32,12,26000,-0.0010000000474974513,-0.0010000000474974513
ga,32,13,28000,-0.0010000000474974513,-0.0010000000474974513
ga,32,14,30000,-0.0010000000474974513,-0.0010000000474974513
ga,32,15,32000,-0.0010000000474974513,-0.0010000000474974513
ga,32,16,34000,-0.0010000000474974513,-0.0010000000474974513
ga,32,17,36000,-0.0010000000474974513,-0.0010000000474974513
ga,32,18,38000,-0.0010000000474974513,-0.0010000000474974513
ga,32,19,40000,-0.0010000000474974513,-0.0010000000474974513
ga,32,20,42000,-0.0010000000474974513,-0.0010000000474974513
ga,32,21,44000,-0.0010000000474974513,-0.0010000000474974513
ga,32,22,46000,-0.0010000000474974513,-0.0010000000474974513
ga,32,23,48000,-0.0010000000474974513,-0.0010000000474974513
ga,32,24,50000,-0.0010000000474974513,-0.0010000000474974513
ga,32,25,52000,-0.0010000000474974513,-0.0010000000474974513
ga,32,26,54000,-0.0010000000474974513,-0.0010000000474974513
ga,32,27,56000,-0.0010000000474974513,-0.0010000000474974513
ga,32,28,58000,-0.0010000000474974513,-0.0010000000474974513
ga,32,29,60000,-0.0010000000474974513,-0.0010000000474974513
ga,32,30,62000,-0.0010000000474974513,-0.0010000000474974513
ga,32,31,64000,-0.0010000000474974513,-0.0010000000474974513
ga,32,32,66000,-0.0010000000474974513,-0.0010000000474974513
ga,32,33,68000,-0.0010000000474974513,-0.0010000000474974513
ga,32,34,70000,-0.0010000000474974513,-0.0010000000474974513
ga,32,35,72000,-0.0010000000474974513,-0.0010000000474974513
ga,32,36,74000,-0.0010000000474974513,-0.0010000000474974513
ga,32,37,76000,-0.0010000000474974513,-0.0010000000474974513
ga,32,38,78000,-0.0010000000474974513,-0.0010000000474974513
ga,32,39,80000,-0.0010000000474974513,-0.0010000000474974513
ga,32,40,82000,-0.0010000000474974513,-0.0010000000474974513
ga,32,41,84000,-0.0010000000474974513,-0.0010000000474974513
ga,32,42,86000,-0.0010000000474974513,-0.0010000000474974513
ga,32,43,88000,-0.0010000000474974513,-0.0010000000474974513
ga,32,44,90000,-0.0010000000474974513,-0.0010000000474974513
ga,32,45,92000,-0.0010000000474974513,-0.0010000000474974513
ga,32,46,94000,-0.0010000000474974513,-0.0010000000474974513
ga,32,47,96000,-0.0010000000474974513,-0.0010000000474974513
ga,32,48,98000,-0.0010000000474974513,-0.0010000000474974513
ga,32,49,100000,-0.0010000000474974513,-0.0010000000474974513
ga,32,50,102000,-0.0010000000474974513,-0.0010000000474974513
ga,32,51,104000,-0.0010000000474974513,-0.0010000000474974513
ga,32,52,106000,-0.0010000000474974513,-0.0010000000474974513
ga,32,53,108000,-0.0010000000474974513,-0.0010000000474974513
ga,32,54,110000,-0.0010000000474974513,-0.0010000000474974513
ga,32,55,112000,-0.0010000000474974513,-0.0010000000474974513
ga,32,56,114000,-0.0010000000474974513,-0.0010000000474974513
ga,32,57,116000,-0.0010000000474974513,-0.0010000000474974513
ga,32,58,118000,-0.0010000000474974513,-0.0010000000474974513
ga,32,59,120000,-0.0010000000474974513,-0.0010000000474974513
ga,32,60,122000,-0.0010000000474974513,-0.0010000000474974513
ga,32,61,124000,-0.0010000000474974513,-0.0010000000474974513
ga,32,62,126000,-0.0010000000474974513,-0.0010000000474974513
ga,32,63,128000,-0.0010000000474974513,-0.0010000000474974513
ga,32,64,130000,-0.0010000000474974513,-0.0010000000474974513
ga,32,65,132000,-0.0010000000474974513,-0.0010000000474974513
ga,32,66,134000,-0.0010000000474974513,-0.0010000000474974513
ga,32,67,136000,-0.0010000000474974513,-0.0010000000474974513
ga,32,68,138000,-0.0010000000474974513,-0.0010000000474974513
ga,32,69,140000,-0.0010000000474974513,-0.0010000000474974513
ga,32,70,142000,-0.0010000000474974513,-0.0010000000474974513
ga,32,71,144000,-0.0010000000474974513,-0.0010000000474974513
ga,32,72,146000,-0.0010000000474974513,-0.0010000000474974513
ga,32,73,148000,-0.0010000000474974513,-0.0010000000474974513
ga,32,74,150000,-0.0010000000474974513,-0.0010000000474974513
ga,32,75,152000,-0.0010000000474974513,-0.0010000000474974513
ga,32,76,154000,-0.0010000000474974513,-0.0010000000474974513
ga,32,77,156000,-0.0010000000474974513,-0.0010000000474974513
ga,32,78,158000,-0.0010000000474974513,-0.0010000000474974513
ga,32,79,160000,-0.0010000000474974513,-0.0010000000474974513
ga,32,80,162000,-0.0010000000474974513,-0.0010000000474974513
ga,32,81,164000,-0.0010000000474974513,-0.0010000000474974513
ga,32,82,166000,-0.0010000000474974513,-0.0010000000474974513
ga,32,83,168000,-0.0010000000474974513,-0.0010000000474974513
ga,32,84,170000,-0.0010000000474974513,-0.0010000000474974513
ga,32,85,172000,-0.0010000000474974513,-0.0010000000474974513
ga,32,86,174000,-0.0010000000474974513,-0.0010000000474974513
ga,32,87,176000,-0.0010000000474974513,-0.0010000000474974513
ga,32,88,178000,-0.0010000000474974513,-0.0010000000474974513
ga,32,89,180000,-0.0010000000474974513,-0.0010000000474974513
ga,32,90,182000,-0.0010000000474974513,-0.0010000000474974513
ga,32,91,184000,-0.0010000000474974513,-0.0010000000474974513
ga,32,92,186000,-0.0010000000474974513,-0.0010000000474974513
ga,32,93,188000,-0.0010000000474974513,-0.0010000000474974513
ga,32,94,190000,-0.0010000000474974513,-0.0010000000474974513
ga,32,95,192000,-0.0010000000474974513,-0.0010000000474974513
ga,32,96,194000,-0.0010000000474974513,-0.0010000000474974513
ga,32,97,196000,-0.0010000000474974513,-0.0010000000474974513
ga,32,98,198000,-0.0010000000474974513,-0.0010000000474974513
ga,32,99,200000,-0.0010000000474974513,-0.0010000000474974513
ga,33,0,2000,-5.056000232696533,-5.056000232696533
ga,33,1,4000,-5.056000232696533,-5.056000232696533
ga,33,2,6000,-0.004000000189989805,-0.004000000189989805
ga,33,3,8000,-0.004000000189989805,-0.004000000189989805
ga,33,4,10000,-0.0020000000949949026,-0.0020000000949949026
ga,33,5,12000,-0.0020000000949949026,-0.0020000000949949026
ga,33,6,14000,-0.0020000000949949026,-0.0020000000949949026
ga,33,7,16000,-0.0020000000949949026,-0.0020000000949949026
ga,33,8,18000,-0.0020000000949949026,-0.0020000000949949026
ga,33,9,20000,-0.0020000000949949026,-0.0020000000949949026
ga,33,10,22000,-0.0020000000949949026,-0.0020000000949949026
ga,33,11,24000,-0.0020000000949949026,-0.0020000000949949026
ga,33,12,26000,-0.0020000000949949026,-0.0020000000949949026
ga,33,13,28000,-0.0020000000949949026,-0.0020000000949949026
ga,33,14,30000,-0.0020000000949949026,-0.0020000000949949026
ga,33,15,32000,-0.0020000000949949026,-0.0020000000949949026
ga,33,16,34000,-0.0020000000949949026,-0.0020000000949949026
ga,33,17,36000,-0.0020000000949949026,-0.0020000000949949026
ga,33,18,38000,-0.0020000000949949026,-0.0020000000949949026
ga,33,19,40000,-0.0010000000474974513,-0.0010000000474974513
ga,33,20,42000,-0.0010000000474974513,-0.0010000000474974513
ga,33,21,44000,-0.0010000000474974513,-0.0010000000474974513
ga,33,22,46000,-0.0010000000474974513,-0.0010000000474974513
ga,33,23,48000,-0.0010000000474974513,-0.0010000000474974513
ga,33,24,50000,-0.0010000000474974513,-0.0010000000474974513
ga,33,25,52000,-0.0010000000474974513,-0.0010000000474974513
ga,33,26,54000,-0.0010000000474974513,-0.0010000000474974513
ga,33,27,56000,-0.0010000000474974513,-0.0010000000474974513
ga,33,28,58000,-0.0010000000474974513,-0.0010000000474974513
ga,33,29,60000,-0.0010000000474974513,-0.0010000000474974513
ga,33,30,62000,-0.0010000000474974513,-0.0010000000474974513
ga,33,31,64000,-0.0010000000474974513,-0.0010000000474974513
ga,33,32,66000,-0.0010000000474974513,-0.0010000000474974513
ga,33,33,68000,-0.0010000000474974513,-0.0010000000474974513
ga,33,34,70000,-0.0010000000474974513,-0.0010000000474974513
ga,33,35,72000,-0.0010000000474974513,-0.0010000000474974513
ga,33,36,74000,-0.0010000000474974513,-0.0010000000474974513
ga,33,37,76000,-0.0010000000474974513,-0.0010000000474974513
ga,33,38,78000,-0.0010000000474974513,-0.0010000000474974513
ga,33,39,80000,-0.0010000000474974513,-0.0010000000474974513
ga,33,40,82000,-0.0010000000474974513,-0.0010000000474974513
ga,33,41,84000,-0.0010000000474974513,-0.0010000000474974513
ga,33,42,86000,-0.0010000000474974513,-0.0010000000474974513
ga,33,43,88000,-0.0010000000474974513,-0.0010000000474974513
ga,33,44,90000,-0.0010000000474974513,-0.0010000000474974513
ga,33,45,92000,-0.0010000000474974513,-0.0010000000474974513
ga,33,46,94000,-0.0010000000474974513,-0.0010000000474974513
ga,33,47,96000,-0.0010000000474974513,-0.0010000000474974513
ga,33,48,98000,-0.0010000000474974513,-0.0010000000474974513
ga,33,49,100000,-0.0010000000474974513,-0.0010000000474974513
ga,33,50,102000,-0.0010000000474974513,-0.0010000000474974513
ga,33,51,104000,-0.0010000000474974513,-0.0010000000474974513
ga,33,52,106000,-0.0010000000474974513,-0.0010000000474974513
ga,33,53,108000,-0.0010000000474974513,-0.0010000000474974513
ga,33,54,110000,-0.0010000000474974513,-0.0010000000474974513
ga,33,55,112000,-0.0010000000474974513,-0.0010000000474974513
ga,33,56,114000,-0.0010000000474974513,-0.0010000000474974513
ga,33,57,116000,-0.0010000000474974513,-0.0010000000474974513
ga,33,58,118000,-0.0010000000474974513,-0.0010000000474974513
ga,33,59,120000,-0.0010000000474974513,-0.0010000000474974513
ga,33,60,122000,-0.0010000000474974513,-0.0010000000474974513
ga,33,61,124000,-0.0010000000474974513,-0.0010000000474974513
ga,33,62,126000,-0.0010000000474974513,-0.0010000000474974513
ga,33,63,128000,-0.0010000000474974513,-0.0010000000474974513
ga,33,64,130000,-0.0010000000474974513,-0.0010000000474974513
ga,33,65,132000,-0.0010000000474974513,-0.0010000000474974513
ga,33,66,134000,-0.0010000000474974513,-0.0010000000474974513
ga,33,67,136000,-0.0010000000474974513,-0.0010000000474974513
ga,33,68,138000,-0.0010000000474974513,-0.0010000000474974513
ga,33,69,140000,-0.0010000000474974513,-0.0010000000474974513
ga,33,70,142000,-0.0010000000474974513,-0.0010000000474974513
ga,33,71,144000,-0.0010000000474974513,-0.0010000000474974513
ga,33,72,146000,-0.0010000000474974513,-0.0010000000474974513
ga,33,73,148000,-0.0010000000474974513,-0.0010000000474974513
ga,33,74,150000,-0.0010000000474974513,-0.0010000000474974513
ga,33,75,152000,-0.0010000000474974513,-0.0010000000474974513
ga,33,76,154000,-0.0010000000474974513,-0.0010000000474974513
ga,33,77,156000,-0.0010000000474974513,-0.0010000000474974513
ga,33,78,158000,-0.0010000000474974513,-0.0010000000474974513
ga,33,79,160000,-0.0010000000474974513,-0.0010000000474974513
ga,33,80,162000,-0.0010000000474974513,-0.0010000000474974513
ga,33,81,164000,-0.0010000000474974513,-0.0010000000474974513
ga,33,82,166000,-0.0010000000474974513,-0.0010000000474974513
ga,33,83,168000,-0.0010000000474974513,-0.0010000000474974513
ga,33,84,170000,-0.0010000000474974513,-0.0010000000474974513
ga,33,85,172000,-0.0010000000474974513,-0.0010000000474974513
ga,33,86,174000,-0.0010000000474974513,-0.0010000000474974513
ga,33,87,176000,-0.0010000000474974513,-0.0010000000474974513
ga,33,88,178000,-0.0010000000474974513,-0.0010000000474974513
ga,33,89,180000,-0.0010000000474974513,-0.0010000000474974513
ga,33,90,182000,-0.0010000000474974513,-0.0010000000474974513
ga,33,91,184000,-0.0010000000474974513,-0.0010000000474974513
ga,33,92,186000,-0.0010000000474974513,-0.0010000000474974513
ga,33,93,188000,-0.0010000000474974513,-0.0010000000474974513
ga,33,94,190000,-0.0010000000474974513,-0.0010000000474974513
ga,33,95,192000,-0.0010000000474974513,-0.0010000000474974513
ga,33,96,194000,-0.0010000000474974513,-0.0010000000474974513
ga,33,97,196000,-0.0010000000474974513,-0.0010000000474974513
ga,33,98,198000,-0.0010000000474974513,-0.0010000000474974513
ga,33,99,200000,-0.0010000000474974513,-0.0010000000474974513
ga,34,0,2000,-8.151000022888184,-8.151000022888184
ga,34,1,4000,-7.802999973297119,-7.802999973297119
ga,34,2,6000,-0.0010000000474974513,-0.0010000000474974513
ga,34,3,8000,-0.0010000000474974513,-0.0010000000474974513
ga,34,4,10000,-0.0010000000474974513,-0.0010000000474974513
ga,34,5,12000,-0.0010000000474974513,-0.0010000000474974513
ga,34,6,14000,-0.0010000000474974513,-0.0010000000474974513
ga,34,7,16000,-0.0010000000474974513,-0.0010000000474974513
ga,34,8,18000,-0.0010000000474974513,-0.0010000000474974513
ga,34,9,20000,-0.0010000000474974513,-0.0010000000474974513
ga,34,10,22000,-0.0010000000474974513,-0.0010000000474974513
ga,34,11,24000,-0.0010000000474974513,-0.0010000000474974513
ga,34,12,26000,-0.0010000000474974513,-0.0010000000474974513
ga,34,13,28000,-0.0010000000474974513,-0.0010000000474974513
ga,34,14,30000,-0.0010000000474974513,-0.0010000000474974513
ga,34,15,32000,-0.0010000000474974513,-0.0010000000474974513
ga,34,16,34000,-0.0010000000474974513,-0.0010000000474974513
ga,34,17,36000,-0.0010000000474974513,-0.0010000000474974513
ga,34,18,38000,-0.0010000000474974513,-0.0010000000474974513
ga,34,19,40000,-0.0010000000474974513,-0.0010000000474974513
ga,34,20,42000,-0.0010000000474974513,-0.0010000000474974513
ga,34,21,44000,-0.0010000000474974513,-0.0010000000474974513
ga,34,22,46000,-0.0010000000474974513,-0.0010000000474974513
ga,34,23,48000,-0.0010000000474974513,-0.0010000000474974513
ga,34,24,50000,-0.0010000000474974513,-0.0010000000474974513
ga,34,25,52000,-0.0010000000474974513,-0.0010000000474974513
ga,34,26,54000,-0.0010000000474974513,-0.0010000000474974513
ga,34,27,56000,-0.0010000000474974513,-0.0010000000474974513
ga,34,28,58000,-0.0010000000474974513,-0.0010000000474974513
ga,34,29,60000,-0.0010000000474974513,-0.0010000000474974513
ga,34,30,62000,-0.0010000000474974513,-0.0010000000474974513
ga,34,31,64000,-0.0010000000474974513,-0.0010000000474974513
ga,34,32,66000,-0.0010000000474974513,-0.0010000000474974513
ga,34,33,68000,-0.0010000000474974513,-0.0010000000474974513
ga,34,34,70000,-0.0010000000474974513,-0.0010000000474974513
ga,34,35,72000,-0.0010000000474974513,-0.0010000000474974513
ga,34,36,74000,-0.0010000000474974513,-0.0010000000474974513
ga,34,37,76000,-0.0010000000474974513,-0.0010000000474974513
ga,34,38,78000,-0.0010000000474974513,-0.0010000000474974513
ga,34,39,80000,-0.0010000000474974513,-0.0010000000474974513
ga,34,40,82000,-0.0010000000474974513,-0.0010000000474974513
ga,34,41,84000,-0.0010000000474974513,-0.0010000000474974513
ga,34,42,86000,-0.0010000000474974513,-0.0010000000474974513
ga,34,43,88000,-0.0010000000474974513,-0.0010000000474974513
ga,34,44,90000,-0.0010000000474974513,-0.0010000000474974513
ga,34,45,92000,-0.0010000000474974513,-0.0010000000474974513
ga,34,46,94000,-0.0010000000474974513,-0.0010000000474974513
ga,34,47,96000,-0.0010000000474974513,-0.0010000000474974513
ga,34,48,98000,-0.0010000000474974513,-0.0010000000474974513
ga,34,49,100000,-0.0010000000474974513,-0.0010000000474974513
ga,34,50,102000,-0.0010000000474974513,-0.0010000000474974513
ga,34,51,104000,-0.0010000000474974513,-0.0010000000474974513
ga,34,52,106000,-0.0010000000474974513,-0.0010000000474974513
ga,34,53,108000,-0.0010000000474974513,-0.0010000000474974513
ga,34,54,110000,-0.0010000000474974513,-0.0010000000474974513
ga,34,55,112000,-0.0010000000474974513,-0.0010000000474974513
ga,34,56,114000,-0.0010000000474974513,-0.0010000000474974513
ga,34,57,116000,-0.0010000000474974513,-0.0010000000474974513
ga,34,58,118000,-0.0010000000474974513,-0.0010000000474974513
ga,34,59,120000,-0.0010000000474974513,-0.0010000000474974513
ga,34,60,122000,-0.0010000000474974513,-0.0010000000474974513
ga,34,61,124000,-0.0010000000474974513,-0.0010000000474974513
ga,34,62,126000,-0.0010000000474974513,-0.0010000000474974513
ga,34,63,128000,-0.0010000000474974513,-0.0010000000474974513
ga,34,64,130000,-0.0010000000474974513,-0.0010000000474974513
ga,34,65,132000,-0.0010000000474974513,-0.0010000000474974513
ga,34,66,134000,-0.0010000000474974513,-0.0010000000474974513
ga,34,67,136000,-0.0010000000474974513,-0.0010000000474974513
ga,34,68,138000,-0.0010000000474974513,-0.0010000000474974513
ga,34,69,140000,-0.0010000000474974513,-0.0010000000474974513
ga,34,70,142000,-0.0010000000474974513,-0.0010000000474974513
ga,34,71,144000,-0.0010000000474974513,-0.0010000000474974513
ga,34,72,146000,-0.0010000000474974513,-0.0010000000474974513
ga,34,73,148000,-0.0010000000474974513,-0.0010000000474974513
ga,34,74,150000,-0.0010000000474974513,-0.0010000000474974513
ga,34,75,152000,-0.0010000000474974513,-0.0010000000474974513
ga,34,76,154000,-0.0010000000474974513,-0.0010000000474974513
ga,34,77,156000,-0.0010000000474974513,-0.0010000000474974513
ga,34,78,158000,-0.0010000000474974513,-0.0010000000474974513
ga,34,79,160000,-0.0010000000474974513,-0.0010000000474974513
ga,34,80,162000,-0.0010000000474974513,-0.0010000000474974513
ga,34,81,164000,-0.0010000000474974513,-0.0010000000474974513
ga,34,82,166000,-0.0010000000474974513,-0.0010000000474974513
ga,34,83,168000,-0.0010000000474974513,-0.0010000000474974513
ga,34,84,170000,-0.0010000000474974513,-0.0010000000474974513
ga,34,85,172000,-0.0010000000474974513,-0.0010000000474974513
ga,34,86,174000,-0.0010000000474974513,-0.0010000000474974513
ga,34,87,176000,-0.0010000000474974513,-0.0010000000474974513
ga,34,88,178000,-0.0010000000474974513,-0.0010000000474974513
ga,34,89,180000,-0.0010000000474974513,-0.0010000000474974513
ga,34,90,182000,-0.0010000000474974513,-0.0010000000474974513
ga,34,91,184000,-0.0010000000474974513,-0.0010000000474974513
ga,34,92,186000,-0.0010000000474974513,-0.0010000000474974513
ga,34,93,188000,-0.0010000000474974513,-0.0010000000474974513
ga,34,94,190000,-0.0010000000474974513,-0.0010000000474974513
ga,34,95,192000,-0.0010000000474974513,-0.0010000000474974513
ga,34,96,194000,-0.0010000000474974513,-0.0010000000474974513
ga,34,97,196000,-0.0010000000474974513,-0.0010000000474974513
ga,34,98,198000,-0.0010000000474974513,-0.0010000000474974513
ga,34,99,200000,-0.0010000000474974513,-0.0010000000474974513
ga,35,0,2000,-5.302999973297119,-5.302999973297119
ga,35,1,4000,-5.302999973297119,-5.302999973297119
ga,35,2,6000,-0.0010000000474974513,-0.0010000000474974513
ga,35,3,8000,-0.0010000000474974513,-0.0010000000474974513
ga,35,4,10000,-0.0010000000474974513,-0.0010000000474974513
ga,35,5,12000,-0.0010000000474974513,-0.0010000000474974513
ga,35,6,14000,-0.0010000000474974513,-0.0010000000474974513
ga,35,7,16000,-0.0010000000474974513,-0.0010000000474974513
ga,35,8,18000,-0.0010000000474974513,-0.0010000000474974513
ga,35,9,20000,-0.0010000000474974513,-0.0010000000474974513
ga,35,10,22000,-0.0010000000474974513,-0.0010000000474974513
ga,35,11,24000,-0.0010000000474974513,-0.0010000000474974513
ga,35,12,26000,-0.0010000000474974513,-0.0010000000474974513
ga,35,13,28000,-0.0010000000474974513,-0.0010000000474974513
ga,35,14,30000,-0.0010000000474974513,-0.0010000000474974513
ga,35,15,32000,-0.0010000000474974513,-0.0010000000474974513
ga,35,16,34000,-0.0010000000474974513,-0.0010000000474974513
ga,35,17,36000,-0.0010000000474974513,-0.0010000000474974513
ga,35,18,38000,-0.0010000000474974513,-0.0010000000474974513
ga,35,19,40000,-0.0010000000474974513,-0.0010000000474974513
ga,35,20,42000,-0.0010000000474974513,-0.0010000000474974513
ga,35,21,44000,-0.0010000000474974513,-0.0010000000474974513
ga,35,22,46000,-0.0010000000474974513,-0.0010000000474974513
ga,35,23,48000,-0.0010000000474974513,-0.0010000000474974513
ga,35,24,50000,-0.0010000000474974513,-0.0010000000474974513
ga,35,25,52000,-0.0010000000474974513,-0.0010000000474974513
ga,35,26,54000,-0.0010000000474974513,-0.0010000000474974513
ga,35,27,56000,-0.0010000000474974513,-0.0010000000474974513
ga,35,28,58000,-0.0010000000474974513,-0.0010000000474974513
ga,35,29,60000,-0.0010000000474974513,-0.0010000000474974513
ga,35,30,62000,-0.0010000000474974513,-0.0010000000474974513
ga,35,31,64000,-0.0010000000474974513,-0.0010000000474974513
ga,35,32,66000,-0.0010000000474974513,-0.0010000000474974513
ga,35,33,68000,-0.0010000000474974513,-0.0010000000474974513
ga,35,34,70000,-0.0010000000474974513,-0.0010000000474974513
ga,35,35,72000,-0.0010000000474974513,-0.0010000000474974513
ga,35,36,74000,-0.0010000000474974513,-0.0010000000474974513
ga,35,37,76000,-0.0010000000474974513,-0.0010000000474974513
ga,35,38,78000,-0.0010000000474974513,-0.0010000000474974513
ga,35,39,80000,-0.0010000000474974513,-0.0010000000474974513
ga,35,40,82000,-0.0010000000474974513,-0.0010000000474974513
ga,35,41,84000,-0.0010000000474974513,-0.0010000000474974513
ga,35,42,86000,-0.0010000000474974513,-0.0010000000474974513
ga,35,43,88000,-0.0010000000474974513,-0.0010000000474974513
ga,35,44,90000,-0.0010000000474974513,-0.0010000000474974513
ga,35,45,92000,-0.0010000000474974513,-0.0010000000474974513
ga,35,46,94000,-0.0010000000474974513,-0.0010000000474974513
ga,35,47,96000,-0.0010000000474974513,-0.0010000000474974513
ga,35,48,98000,-0.0010000000474974513,-0.0010000000474974513
ga,35,49,100000,-0.0010000000474974513,-0.0010000000474974513
ga,35,50,102000,-0.0010000000474974513,-0.0010000000474974513
ga,35,51,104000,-0.0010000000474974513,-0.0010000000474974513
ga,35,52,106000,-0.0010000000474974513,-0.0010000000474974513
ga,35,53,108000,-0.0010000000474974513,-0.0010000000474974513
ga,35,54,110000,-0.0010000000474974513,-0.0010000000474974513
ga,35,55,112000,-0.0010000000474974513,-0.0010000000474974513
ga,35,56,114000,-0.0010000000474974513,-0.0010000000474974513
ga,35,57,116000,-0.0010000000474974513,-0.0010000000474974513
ga,35,58,118000,-0.0010000000474974513,-0.0010000000474974513
ga,35,59,120000,-0.0010000000474974513,-0.0010000000474974513
ga,35,60,122000,-0.0010000000474974513,-0.0010000000474974513
ga,35,61,124000,-0.0010000000474974513,-0.0010000000474974513
ga,35,62,126000,-0.0010000000474974513,-0.0010000000474974513
ga,35,63,128000,-0.0010000000474974513,-0.0010000000474974513
ga,35,64,130000,-0.0010000000474974513,-0.0010000000474974513
ga,35,65,132000,-0.0010000000474974513,-0.0010000000474974513
ga,35,66,134000,-0.0010000000474974513,-0.0010000000474974513
ga,35,67,136000,-0.0010000000474974513,-0.0010000000474974513
ga,35,68,138000,-0.0010000000474974513,-0.0010000000474974513
ga,35,69,140000,-0.0010000000474974513,-0.0010000000474974513
ga,35,70,142000,-0.0010000000474974513,-0.0010000000474974513
ga,35,71,144000,-0.0010000000474974513,-0.0010000000474974513
ga,35,72,146000,-0.0010000000474974513,-0.0010000000474974513
ga,35,73,148000,-0.0010000000474974513,-0.0010000000474974513
ga,35,74,150000,-0.0010000000474974513,-0.0010000000474974513
ga,35,75,152000,-0.0010000000474974513,-0.0010000000474974513
ga,35,76,154000,-0.0010000000474974513,-0.0010000000474974513
ga,35,77,156000,-0.0010000000474974513,-0.0010000000474974513
ga,35,78,158000,-0.0010000000474974513,-0.0010000000474974513
ga,35,79,160000,-0.0010000000474974513,-0.0010000000474974513
ga,35,80,162000,-0.0010000000474974513,-0.0010000000474974513
ga,35,81,164000,-0.0010000000474974513,-0.0010000000474974513
ga,35,82,166000,-0.0010000000474974513,-0.0010000000474974513
ga,35,83,168000,-0.0010000000474974513,-0.0010000000474974513
ga,35,84,170000,-0.0010000000474974513,-0.0010000000474974513
ga,35,85,172000,-0.0010000000474974513,-0.0010000000474974513
ga,35,86,174000,-0.0010000000474974513,-0.0010000000474974513
ga,35,87,176000,-0.0010000000474974513,-0.0010000000474974513
ga,35,88,178000,-0.0010000000474974513,-0.0010000000474974513
ga,35,89,180000,-0.0010000000474974513,-0.0010000000474974513
ga,35,90,182000,-0.0010000000474974513,-0.0010000000474974513
ga,35,91,184000,-0.0010000000474974513,-0.0010000000474974513
ga,35,92,186000,-0.0010000000474974513,-0.0010000000474974513
ga,35,93,188000,-0.0010000000474974513,-0.0010000000474974513
ga,35,94,190000,-0.0010000000474974513,-0.0010000000474974513
ga,35,95,192000,-0.0010000000474974513,-0.0010000000474974513
ga,35,96,194000,-0.0010000000474974513,-0.0010000000474974513
ga,35,97,196000,-0.0010000000474974513,-0.0010000000474974513
ga,35,98,198000,-0.0010000000474974513,-0.0010000000474974513
ga,35,99,200000,-0.0010000000474974513,-0.0010000000474974513
ga,36,0,2000,-5.304999828338623,-5.304999828338623
ga,36,1,4000,-4.9029998779296875,-4.9029998779296875
ga,36,2,6000,-0.0020000000949949026,-0.0020000000949949026
ga,36,3,8000,-0.0020000000949949026,-0.0020000000949949026
ga,36,4,10000,-0.0010000000474974513,-0.0010000000474974513
ga,36,5,12000,-0.0010000000474974513,-0.0010000000474974513
ga,36,6,14000,-0.0010000000474974513,-0.0010000000474974513
ga,36,7,16000,-0.0010000000474974513,-0.0010000000474974513
ga,36,8,18000,-0.0010000000474974513,-0.0010000000474974513
ga,36,9,20000,-0.0010000000474974513,-0.0010000000474974513
ga,36,10,22000,-0.0010000000474974513,-0.0010000000474974513
ga,36,11,24000,-0.0010000000474974513,-0.0010000000474974513
ga,36,12,26000,-0.0010000000474974513,-0.0010000000474974513
ga,36,13,28000,-0.0010000000474974513,-0.0010000000474974513
ga,36,14,30000,-0.0010000000474974513,-0.0010000000474974513
ga,36,15,32000,-0.0010000000474974513,-0.0010000000474974513
ga,36,16,34000,-0.0010000000474974513,-0.0010000000474974513
ga,36,17,36000,-0.0010000000474974513,-0.0010000000474974513
ga,36,18,38000,-0.0010000000474974513,-0.0010000000474974513
ga,36,19,40000,-0.0010000000474974513,-0.0010000000474974513
ga,36,20,42000,-0.0010000000474974513,-0.0010000000474974513
ga,36,21,44000,-0.0010000000474974513,-0.0010000000474974513
ga,36,22,46000,-0.0010000000474974513,-0.0010000000474974513
ga,36,23,48000,-0.0010000000474974513,-0.0010000000474974513
ga,36,24,50000,-0.0010000000474974513,-0.0010000000474974513
ga,36,25,52000,-0.0010000000474974513,-0.0010000000474974513
ga,36,26,54000,-0.0010000000474974513,-0.0010000000474974513
ga,36,27,56000,-0.0010000000474974513,-0.0010000000474974513
ga,36,28,58000,-0.0010000000474974513,-0.0010000000474974513
ga,36,29,60000,-0.0010000000474974513,-0.0010000000474974513
ga,36,30,62000,-0.0010000000474974513,-0.0010000000474974513
ga,36,31,64000,-0.0010000000474974513,-0.0010000000474974513
ga,36,32,66000,-0.0010000000474974513,-0.0010000000474974513
ga,36,33,68000,-0.0010000000474974513,-0.0010000000474974513
ga,36,34,70000,-0.0010000000474974513,-0.0010000000474974513
ga,36,35,72000,-0.0010000000474974513,-0.0010000000474974513
ga,36,36,74000,-0.0010000000474974513,-0.0010000000474974513
ga,36,37,76000,-0.0010000000474974513,-0.0010000000474974513
ga,36,38,78000,-0.0010000000474974513,-0.0010000000474974513
ga,36,39,80000,-0.0010000000474974513,-0.0010000000474974513
ga,36,40,82000,-0.0010000000474974513,-0.0010000000474974513
ga,36,41,84000,-0.0010000000474974513,-0.0010000000474974513
ga,36,42,86000,-0.0010000000474974513,-0.0010000000474974513
ga,36,43,88000,-0.0010000000474974513,-0.0010000000474974513
ga,36,44,90000,-0.0010000000474974513,-0.0010000000474974513
ga,36,45,92000,-0.0010000000474974513,-0.0010000000474974513
ga,36,46,94000,-0.0010000000474974513,-0.0010000000474974513
ga,36,47,96000,-0.0010000000474974513,-0.0010000000474974513
ga,36,48,98000,-0.0010000000474974513,-0.0010000000474974513
ga,36,49,100000,-0.0010000000474974513,-0.0010000000474974513
ga,36,50,102000,-0.0010000000474974513,-0.0010000000474974513
ga,36,51,104000,-0.0010000000474974513,-0.0010000000474974513
ga,36,52,106000,-0.0010000000474974513,-0.0010000000474974513
ga,36,53,108000,-0.0010000000474974513,-0.0010000000474974513
ga,36,54,110000,-0.0010000000474974513,-0.0010000000474974513
ga,36,55,112000,-0.0010000000474974513,-0.0010000000474974513
ga,36,56,114000,-0.0010000000474974513,-0.0010000000474974513
ga,36,57,116000,-0.0010000000474974513,-0.0010000000474974513
ga,36,58,118000,-0.0010000000474974513,-0.0010000000474974513
ga,36,59,120000,-0.0010000000474974513,-0.0010000000474974513
ga,36,60,122000,-0.0010000000474974513,-0.0010000000474974513
ga,36,61,124000,-0.0010000000474974513,-0.0010000000474974513
ga,36,62,126000,-0.0010000000474974513,-0.0010000000474974513
ga,36,63,128000,-0.0010000000474974513,-0.0010000000474974513
ga,36,64,130000,-0.0010000000474974513,-0.0010000000474974513
ga,36,65,132000,-0.0010000000474974513,-0.0010000000474974513
ga,36,66,134000,-0.0010000000474974513,-0.0010000000474974513
ga,36,67,136000,-0.0010000000474974513,-0.0010000000474974513
ga,36,68,138000,-0.0010000000474974513,-0.0010000000474974513
ga,36,69,140000,-0.0010000000474974513,-0.0010000000474974513
ga,36,70,142000,-0.0010000000474974513,-0.0010000000474974513
ga,36,71,144000,-0.0010000000474974513,-0.0010000000474974513
ga,36,72,146000,-0.0010000000474974513,-0.0010000000474974513
ga,36,73,148000,-0.0010000000474974513,-0.0010000000474974513
ga,36,74,150000,-0.0010000000474974513,-0.0010000000474974513
ga,36,75,152000,-0.0010000000474974513,-0.0010000000474974513
ga,36,76,154000,-0.0010000000474974513,-0.0010000000474974513
ga,36,77,156000,-0.0010000000474974513,-0.0010000000474974513
ga,36,78,158000,-0.0010000000474974513,-0.0010000000474974513
ga,36,79,160000,-0.0010000000474974513,-0.0010000000474974513
ga,36,80,162000,-0.0010000000474974513,-0.0010000000474974513
ga,36,81,164000,-0.0010000000474974513,-0.0010000000474974513
ga,36,82,166000,-0.0010000000474974513,-0.0010000000474974513
ga,36,83,168000,-0.0010000000474974513,-0.0010000000474974513
ga,36,84,170000,-0.0010000000474974513,-0.0010000000474974513
ga,36,85,172000,-0.0010000000474974513,-0.0010000000474974513
ga,36,86,174000,-0.0010000000474974513,-0.0010000000474974513
ga,36,87,176000,-0.0010000000474974513,-0.0010000000474974513
ga,36,88,178000,-0.0010000000474974513,-0.0010000000474974513
ga,36,89,180000,-0.0010000000474974513,-0.0010000000474974513
ga,36,90,182000,-0.0010000000474974513,-0.0010000000474974513
ga,36,91,184000,-0.0010000000474974513,-0.0010000000474974513
ga,36,92,186000,-0.0010000000474974513,-0.0010000000474974513
ga,36,93,188000,-0.0010000000474974513,-0.0010000000474974513
ga,36,94,190000,-0.0010000000474974513,-0.0010000000474974513
ga,36,95,192000,-0.0010000000474974513,-0.0010000000474974513
ga,36,96,194000,-0.0010000000474974513,-0.0010000000474974513
ga,36,97,196000,-0.0010000000474974513,-0.0010000000474974513
ga,36,98,198000,-0.0010000000474974513,-0.0010000000474974513
ga,36,99,200000,-0.0010000000474974513,-0.0010000000474974513
ga,37,0,2000,-5.302000045776367,-5.302000045776367
ga,37,1,4000,-2.552999973297119,-2.552999973297119
ga,37,2,6000,-0.0010000000474974513,-0.0010000000474974513
ga,37,3,8000,-0.0010000000474974513,-0.0010000000474974513
ga,37,4,10000,-0.0010000000474974513,-0.0010000000474974513
ga,37,5,12000,-0.0010000000474974513,-0.0010000000474974513
ga,37,6,14000,-0.0010000000474974513,-0.0010000000474974513
ga,37,7,16000,-0.0010000000474974513,-0.0010000000474974513
ga,37,8,18000,-0.0010000000474974513,-0.0010000000474974513
ga,37,9,20000,-0.0010000000474974513,-0.0010000000474974513
ga,37,10,22000,-0.0010000000474974513,-0.0010000000474974513
ga,37,11,24000,-0.0010000000474974513,-0.0010000000474974513
ga,37,12,26000,-0.0010000000474974513,-0.0010000000474974513
ga,37,13,28000,-0.0010000000474974513,-0.0010000000474974513
ga,37,14,30000,-0.0010000000474974513,-0.0010000000474974513
ga,37,15,32000,-0.0010000000474974513,-0.0010000000474974513
ga,37,16,34000,-0.0010000000474974513,-0.0010000000474974513
ga,37,17,36000,-0.0010000000474974513,-0.0010000000474974513
ga,37,18,38000,-0.0010000000474974513,-0.0010000000474974513
ga,37,19,40000,-0.0010000000474974513,-0.0010000000474974513
ga,37,20,42000,-0.0010000000474974513,-0.0010000000474974513
ga,37,21,44000,-0.0010000000474974513,-0.0010000000474974513
ga,37,22,46000,-0.0010000000474974513,-0.0010000000474974513
ga,37,23,48000,-0.0010000000474974513,-0.0010000000474974513
ga,37,24,50000,-0.0010000000474974513,-0.0010000000474974513
ga,37,25,52000,-0.0010000000474974513,-0.0010000000474974513
ga,37,26,54000,-0.0010000000474974513,-0.0010000000474974513
ga,37,27,56000,-0.0010000000474974513,-0.0010000000474974513
ga,37,28,58000,-0.0010000000474974513,-0.0010000000474974513
ga,37,29,60000,-0.0010000000474974513,-0.0010000000474974513
ga,37,30,62000,-0.0010000000474974513,-0.0010000000474974513
ga,37,31,64000,-0.0010000000474974513,-0.0010000000474974513
ga,37,32,66000,-0.0010000000474974513,-0.0010000000474974513
ga,37,33,68000,-0.0010000000474974513,-0.0010000000474974513
ga,37,34,70000,-0.0010000000474974513,-0.0010000000474974513
ga,37,35,72000,-0.0010000000474974513,-0.0010000000474974513
ga,37,36,74000,-0.0010000000474974513,-0.0010000000474974513
ga,37,37,76000,-0.0010000000474974513,-0.0010000000474974513
ga,37,38,78000,-0.0010000000474974513,-0.0010000000474974513
ga,37,39,80000,-0.0010000000474974513,-0.0010000000474974513
ga,37,40,82000,-0.0010000000474974513,-0.0010000000474974513
ga,37,41,84000,-0.0010000000474974513,-0.0010000000474974513
ga,37,42,86000,-0.0010000000474974513,-0.0010000000474974513
ga,37,43,88000,-0.0010000000474974513,-0.0010000000474974513
ga,37,44,90000,-0.0010000000474974513,-0.0010000000474974513
ga,37,45,92000,-0.0010000000474974513,-0.0010000000474974513
ga,37,46,94000,-0.0010000000474974513,-0.0010000000474974513
ga,37,47,96000,-0.0010000000474974513,-0.0010000000474974513
ga,37,48,98000,-0.0010000000474974513,-0.0010000000474974513
ga,37,49,100000,-0.0010000000474974513,-0.0010000000474974513
ga,37,50,102000,-0.0010000000474974513,-0.0010000000474974513
ga,37,51,104000,-0.0010000000474974513,-0.0010000000474974513
ga,37,52,106000,-0.0010000000474974513,-0.0010000000474974513
ga,37,53,108000,-0.0010000000474974513,-0.0010000000474974513
ga,37,54,110000,-0.0010000000474974513,-0.0010000000474974513
ga,37,55,112000,-0.0010000000474974513,-0.0010000000474974513
ga,37,56,114000,-0.0010000000474974513,-0.0010000000474974513
ga,37,57,116000,-0.0010000000474974513,-0.0010000000474974513
ga,37,58,118000,-0.0010000000474974513,-0.0010000000474974513
ga,37,59,120000,-0.0010000000474974513,-0.0010000000474974513
ga,37,60,122000,-0.0010000000474974513,-0.0010000000474974513
ga,37,61,124000,-0.0010000000474974513,-0.0010000000474974513
ga,37,62,126000,-0.0010000000474974513,-0.0010000000474974513
ga,37,63,128000,-0.0010000000474974513,-0.0010000000474974513
ga,37,64,130000,-0.0010000000474974513,-0.0010000000474974513
ga,37,65,132000,-0.0010000000474974513,-0.0010000000474974513
ga,37,66,134000,-0.0010000000474974513,-0.0010000000474974513
ga,37,67,136000,-0.0010000000474974513,-0.0010000000474974513
ga,37,68,138000,-0.0010000000474974513,-0.0010000000474974513
ga,37,69,140000,-0.0010000000474974513,-0.0010000000474974513
ga,37,70,142000,-0.0010000000474974513,-0.0010000000474974513
ga,37,71,144000,-0.0010000000474974513,-0.0010000000474974513
ga,37,72,146000,-0.0010000000474974513,-0.0010000000474974513
ga,37,73,148000,-0.0010000000474974513,-0.0010000000474974513
ga,37,74,150000,-0.0010000000474974513,-0.0010000000474974513
ga,37,75,152000,-0.0010000000474974513,-0.0010000000474974513
ga,37,76,154000,-0.0010000000474974513,-0.0010000000474974513
ga,37,77,156000,-0.0010000000474974513,-0.0010000000474974513
ga,37,78,158000,-0.0010000000474974513,-0.0010000000474974513
ga,37,79,160000,-0.0010000000474974513,-0.0010000000474974513
ga,37,80,162000,-0.0010000000474974513,-0.0010000000474974513
ga,37,81,164000,-0.0010000000474974513,-0.0010000000474974513
ga,37,82,166000,-0.0010000000474974513,-0.0010000000474974513
ga,37,83,168000,-0.0010000000474974513,-0.0010000000474974513
ga,37,84,170000,-0.0010000000474974513,-0.0010000000474974513
ga,37,85,172000,-0.0010000000474974513,-0.0010000000474974513
ga,37,86,174000,-0.0010000000474974513,-0.0010000000474974513
ga,37,87,176000,-0.0010000000474974513,-0.0010000000474974513
ga,37,88,178000,-0.0010000000474974513,-0.0010000000474974513
ga,37,89,180000,-0.0010000000474974513,-0.0010000000474974513
ga,37,90,182000,-0.0010000000474974513,-0.0010000000474974513
ga,37,91,184000,-0.0010000000474974513,-0.0010000000474974513
ga,37,92,186000,-0.0010000000474974513,-0.0010000000474974513
ga,37,93,188000,-0.0010000000474974513,-0.0010000000474974513
ga,37,94,190000,-0.0010000000474974513,-0.0010000000474974513
ga,37,95,192000,-0.0010000000474974513,-0.0010000000474974513
ga,37,96,194000,-0.0010000000474974513,-0.0010000000474974513
ga,37,97,196000,-0.0010000000474974513,-0.0010000000474974513
ga,37,98,198000,-0.0010000000474974513,-0.0010000000474974513
ga,37,99,200000,-0.0010000000474974513,-0.0010000000474974513
ga,38,0,2000,-6.6020002365112305,-6.6020002365112305
ga,38,1,4000,-6.6020002365112305,-6.6020002365112305
ga,38,2,6000,-0.0020000000949949026,-0.0020000000949949026
ga,38,3,8000,-0.0020000000949949026,-0.0020000000949949026
ga,38,4,10000,-0.0020000000949949026,-0.0020000000949949026
ga,38,5,12000,-0.0020000000949949026,-0.0020000000949949026
ga,38,6,14000,-0.0020000000949949026,-0.0020000000949949026
ga,38,7,16000,-0.0020000000949949026,-0.0020000000949949026
ga,38,8,18000,-0.0020000000949949026,-0.0020000000949949026
ga,38,9,20000,-0.0010000000474974513,-0.0010000000474974513
ga,38,10,22000,-0.0010000000474974513,-0.0010000000474974513
ga,38,11,24000,-0.0010000000474974513,-0.0010000000474974513
ga,38,12,26000,-0.0010000000474974513,-0.0010000000474974513
ga,38,13,28000,-0.0010000000474974513,-0.0010000000474974513
ga,38,14,30000,-0.0010000000474974513,-0.0010000000474974513
ga,38,15,32000,-0.0010000000474974513,-0.0010000000474974513
ga,38,16,34000,-0.0010000000474974513,-0.0010000000474974513
ga,38,17,36000,-0.0010000000474974513,-0.0010000000474974513
ga,38,18,38000,-0.0010000000474974513,-0.0010000000474974513
ga,38,19,40000,-0.0010000000474974513,-0.0010000000474974513
ga,38,20,42000,-0.0010000000474974513,-0.0010000000474974513
ga,38,21,44000,-0.0010000000474974513,-0.0010000000474974513
ga,38,22,46000,-0.0010000000474974513,-0.0010000000474974513
ga,38,23,48000,-0.0010000000474974513,-0.0010000000474974513
ga,38,24,50000,-0.0010000000474974513,-0.0010000000474974513
ga,38,25,52000,-0.0010000000474974513,-0.0010000000474974513
ga,38,26,54000,-0.0010000000474974513,-0.0010000000474974513
ga,38,27,56000,-0.0010000000474974513,-0.0010000000474974513
ga,38,28,58000,-0.0010000000474974513,-0.0010000000474974513
ga,38,29,60000,-0.0010000000474974513,-0.0010000000474974513
ga,38,30,62000,-0.0010000000474974513,-0.0010000000474974513
ga,38,31,64000,-0.0010000000474974513,-0.0010000000474974513
ga,38,32,66000,-0.0010000000474974513,-0.0010000000474974513
ga,38,33,68000,-0.0010000000474974513,-0.0010000000474974513
ga,38,34,70000,-0.0010000000474974513,-0.0010000000474974513
ga,38,35,72000,-0.0010000000474974513,-0.0010000000474974513
ga,38,36,74000,-0.0010000000474974513,-0.0010000000474974513
ga,38,37,76000,-0.0010000000474974513,-0.0010000000474974513
ga,38,38,78000,-0.0010000000474974513,-0.0010000000474974513
ga,38,39,80000,-0.0010000000474974513,-0.0010000000474974513
ga,38,40,82000,-0.0010000000474974513,-0.0010000000474974513
ga,38,41,84000,-0.0010000000474974513,-0.0010000000474974513
ga,38,42,86000,-0.0010000000474974513,-0.0010000000474974513
ga,38,43,88000,-0.0010000000474974513,-0.0010000000474974513
ga,38,44,90000,-0.0010000000474974513,-0.0010000000474974513
ga,38,45,92000,-0.0010000000474974513,-0.0010000000474974513
ga,38,46,94000,-0.0010000000474974513,-0.0010000000474974513
ga,38,47,96000,-0.0010000000474974513,-0.0010000000474974513
ga,38,48,98000,-0.0010000000474974513,-0.0010000000474974513
ga,38,49,100000,-0.0010000000474974513,-0.0010000000474974513
ga,38,50,102000,-0.0010000000474974513,-0.0010000000474974513
ga,38,51,104000,-0.0010000000474974513,-0.0010000000474974513
ga,38,52,106000,-0.0010000000474974513,-0.0010000000474974513
ga,38,53,108000,-0.0010000000474974513,-0.0010000000474974513
ga,38,54,110000,-0.0010000000474974513,-0.0010000000474974513
ga,38,55,112000,-0.0010000000474974513,-0.0010000000474974513
ga,38,56,114000,-0.0010000000474974513,-0.0010000000474974513
ga,38,57,116000,-0.0010000000474974513,-0.0010000000474974513
ga,38,58,118000,-0.0010000000474974513,-0.0010000000474974513
ga,38,59,120000,-0.0010000000474974513,-0.0010000000474974513
ga,38,60,122000,-0.0010000000474974513,-0.0010000000474974513
ga,38,61,124000,-0.0010000000474974513,-0.0010000000474974513
ga,38,62,126000,-0.0010000000474974513,-0.0010000000474974513
ga,38,63,128000,-0.0010000000474974513,-0.0010000000474974513
ga,38,64,130000,-0.0010000000474974513,-0.0010000000474974513
ga,38,65,132000,-0.0010000000474974513,-0.0010000000474974513
ga,38,66,134000,-0.0010000000474974513,-0.0010000000474974513
ga,38,67,136000,-0.0010000000474974513,-0.0010000000474974513
ga,38,68,138000,-0.0010000000474974513,-0.0010000000474974513
ga,38,69,140000,-0.0010000000474974513,-0.0010000000474974513
ga,38,70,142000,-0.0010000000474974513,-0.0010000000474974513
ga,38,71,144000,-0.0010000000474974513,-0.0010000000474974513
ga,38,72,146000,-0.0010000000474974513,-0.0010000000474974513
ga,38,73,148000,-0.0010000000474974513,-0.0010000000474974513
ga,38,74,150000,-0.0010000000474974513,-0.0010000000474974513
ga,38,75,152000,-0.0010000000474974513,-0.0010000000474974513
ga,38,76,154000,-0.0010000000474974513,-0.0010000000474974513
ga,38,77,156000,-0.0010000000474974513,-0.0010000000474974513
ga,38,78,158000,-0.0010000000474974513,-0.0010000000474974513
ga,38,79,160000,-0.0010000000474974513,-0.0010000000474974513
ga,38,80,162000,-0.0010000000474974513,-0.0010000000474974513
ga,38,81,164000,-0.0010000000474974513,-0.0010000000474974513
ga,38,82,166000,-0.0010000000474974513,-0.0010000000474974513
ga,38,83,168000,-0.0010000000474974513,-0.0010000000474974513
ga,38,84,170000,-0.0010000000474974513,-0.0010000000474974513
ga,38,85,172000,-0.0010000000474974513,-0.0010000000474974513
ga,38,86,174000,-0.0010000000474974513,-0.0010000000474974513
ga,38,87,176000,-0.0010000000474974513,-0.0010000000474974513
ga,38,88,178000,-0.0010000000474974513,-0.0010000000474974513
ga,38,89,180000,-0.0010000000474974513,-0.0010000000474974513
ga,38,90,182000,-0.0010000000474974513,-0.0010000000474974513
ga,38,91,184000,-0.0010000000474974513,-0.0010000000474974513
ga,38,92,186000,-0.0010000000474974513,-0.0010000000474974513
ga,38,93,188000,-0.0010000000474974513,-0.0010000000474974513
ga,38,94,190000,-0.0010000000474974513,-0.0010000000474974513
ga,38,95,192000,-0.0010000000474974513,-0.0010000000474974513
ga,38,96,194000,-0.0010000000474974513,-0.0010000000474974513
ga,38,97,196000,-0.0010000000474974513,-0.0010000000474974513
ga,38,98,198000,-0.0010000000474974513,-0.0010000000474974513
ga,38,99,200000,-0.0010000000474974513,-0.0010000000474974513
ga,39,0,2000,-9.501999855041504,-9.501999855041504
ga,39,1,4000,-5.1020002365112305,-5.1020002365112305
ga,39,2,6000,-5.1020002365112305,-5.1020002365112305
ga,39,3,8000,-3.3010001182556152,-3.3010001182556152
ga,39,4,10000,-2.802000045776367,-2.802000045776367
ga,39,5,12000,-2.802000045776367,-2.802000045776367
ga,39,6,14000,-2.7019999027252197,-2.7019999027252197
ga,39,7,16000,-2.4030001163482666,-2.4030001163482666
ga,39,8,18000,-2.1010000705718994,-2.1010000705718994
ga,39,9,20000,-2.1010000705718994,-2.1010000705718994
ga,39,10,22000,-2.1010000705718994,-2.1010000705718994
ga,39,11,24000,-0.003000000026077032,-0.003000000026077032
ga,39,12,26000,-0.003000000026077032,-0.003000000026077032
ga,39,13,28000,-0.003000000026077032,-0.003000000026077032
ga,39,14,30000,-0.003000000026077032,-0.003000000026077032
ga,39,15,32000,-0.003000000026077032,-0.003000000026077032
ga,39,16,34000,-0.0020000000949949026,-0.0020000000949949026
ga,39,17,36000,-0.0020000000949949026,-0.0020000000949949026
ga,39,18,38000,-0.0020000000949949026,-0.0020000000949949026
ga,39,19,40000,-0.0020000000949949026,-0.0020000000949949026
ga,39,20,42000,-0.0020000000949949026,-0.0020000000949949026
ga,39,21,44000,-0.0020000000949949026,-0.0020000000949949026
ga,39,22,46000,-0.0010000000474974513,-0.0010000000474974513
ga,39,23,48000,-0.0010000000474974513,-0.0010000000474974513
ga,39,24,50000,-0.0010000000474974513,-0.0010000000474974513
ga,39,25,52000,-0.0010000000474974513,-0.0010000000474974513
ga,39,26,54000,-0.0010000000474974513,-0.0010000000474974513
ga,39,27,56000,-0.0010000000474974513,-0.0010000000474974513
ga,39,28,58000,-0.0010000000474974513,-0.0010000000474974513
ga,39,29,60000,-0.0010000000474974513,-0.0010000000474974513
ga,39,30,62000,-0.0010000000474974513,-0.0010000000474974513
ga,39,31,64000,-0.0010000000474974513,-0.0010000000474974513
ga,39,32,66000,-0.0010000000474974513,-0.0010000000474974513
ga,39,33,68000,-0.0010000000474974513,-0.0010000000474974513
ga,39,34,70000,-0.0010000000474974513,-0.0010000000474974513
ga,39,35,72000,-0.0010000000474974513,-0.0010000000474974513
ga,39,36,74000,-0.0010000000474974513,-0.0010000000474974513
ga,39,37,76000,-0.0010000000474974513,-0.0010000000474974513
ga,39,38,78000,-0.0010000000474974513,-0.0010000000474974513
ga,39,39,80000,-0.0010000000474974513,-0.0010000000474974513
ga,39,40,82000,-0.0010000000474974513,-0.0010000000474974513
ga,39,41,84000,-0.0010000000474974513,-0.0010000000474974513
ga,39,42,86000,-0.0010000000474974513,-0.0010000000474974513
ga,39,43,88000,-0.0010000000474974513,-0.0010000000474974513
ga,39,44,90000,-0.0010000000474974513,-0.0010000000474974513
ga,39,45,92000,-0.0010000000474974513,-0.0010000000474974513
ga,39,46,94000,-0.0010000000474974513,-0.0010000000474974513
ga,39,47,96000,-0.0010000000474974513,-0.0010000000474974513
ga,39,48,98000,-0.0010000000474974513,-0.0010000000474974513
ga,39,49,100000,-0.0010000000474974513,-0.0010000000474974513
ga,39,50,102000,-0.0010000000474974513,-0.0010000000474974513
ga,39,51,104000,-0.0010000000474974513,-0.0010000000474974513
ga,39,52,106000,-0.0010000000474974513,-0.0010000000474974513
ga,39,53,108000,-0.0010000000474974513,-0.0010000000474974513
ga,39,54,110000,-0.0010000000474974513,-0.0010000000474974513
ga,39,55,112000,-0.0010000000474974513,-0.0010000000474974513
ga,39,56,114000,-0.0010000000474974513,-0.0010000000474974513
ga,39,57,116000,-0.0010000000474974513,-0.0010000000474974513
ga,39,58,118000,-0.0010000000474974513,-0.0010000000474974513
ga,39,59,120000,-0.0010000000474974513,-0.0010000000474974513
ga,39,60,122000,-0.0010000000474974513,-0.0010000000474974513
ga,39,61,124000,-0.0010000000474974513,-0.0010000000474974513
ga,39,62,126000,-0.0010000000474974513,-0.0010000000474974513
ga,39,63,128000,-0.0010000000474974513,-0.0010000000474974513
ga,39,64,130000,-0.0010000000474974513,-0.0010000000474974513
ga,39,65,132000,-0.0010000000474974513,-0.0010000000474974513
ga,39,66,134000,-0.0010000000474974513,-0.0010000000474974513
ga,39,67,136000,-0.0010000000474974513,-0.0010000000474974513
ga,39,68,138000,-0.0010000000474974513,-0.0010000000474974513
ga,39,69,140000,-0.0010000000474974513,-0.0010000000474974513
ga,39,70,142000,-0.0010000000474974513,-0.0010000000474974513
ga,39,71,144000,-0.0010000000474974513,-0.0010000000474974513
ga,39,72,146000,-0.0010000000474974513,-0.0010000000474974513
ga,39,73,148000,-0.0010000000474974513,-0.0010000000474974513
ga,39,74,150000,-0.0010000000474974513,-0.0010000000474974513
ga,39,75,152000,-0.0010000000474974513,-0.0010000000474974513
ga,39,76,154000,-0.0010000000474974513,-0.0010000000474974513
ga,39,77,156000,-0.0010000000474974513,-0.0010000000474974513
ga,39,78,158000,-0.0010000000474974513,-0.0010000000474974513
ga,39,79,160000,-0.0010000000474974513,-0.0010000000474974513
ga,39,80,162000,-0.0010000000474974513,-0.0010000000474974513
ga,39,81,164000,-0.0010000000474974513,-0.0010000000474974513
ga,39,82,166000,-0.0010000000474974513,-0.0010000000474974513
ga,39,83,168000,-0.0010000000474974513,-0.0010000000474974513
ga,39,84,170000,-0.0010000000474974513,-0.0010000000474974513
ga,39,85,172000,-0.0010000000474974513,-0.0010000000474974513
ga,39,86,174000,-0.0010000000474974513,-0.0010000000474974513
ga,39,87,176000,-0.0010000000474974513,-0.0010000000474974513
ga,39,88,178000,-0.0010000000474974513,-0.0010000000474974513
ga,39,89,180000,-0.0010000000474974513,-0.0010000000474974513
ga,39,90,182000,-0.0010000000474974513,-0.0010000000474974513
ga,39,91,184000,-0.0010000000474974513,-0.0010000000474974513
ga,39,92,186000,-0.0010000000474974513,-0.0010000000474974513
ga,39,93,188000,-0.0010000000474974513,-0.0010000000474974513
ga,39,94,190000,-0.0010000000474974513,-0.0010000000474974513
ga,39,95,192000,-0.0010000000474974513,-0.0010000000474974513
ga,39,96,194000,-0.0010000000474974513,-0.0010000000474974513
ga,39,97,196000,-0.0010000000474974513,-0.0010000000474974513
ga,39,98,198000,-0.0010000000474974513,-0.0010000000474974513
ga,39,99,200000,-0.0010000000474974513,-0.0010000000474974513
ga,40,0,2000,-4.9029998779296875,-4.9029998779296875
ga,40,1,4000,-4.9029998779296875,-4.9029998779296875
ga,40,2,6000,-3.8010001182556152,-3.8010001182556152
ga,40,3,8000,-3.8010001182556152,-3.8010001182556152
ga,40,4,10000,-2.6510000228881836,-2.6510000228881836
ga,40,5,12000,-2.6510000228881836,-2.6510000228881836
ga,40,6,14000,-2.6510000228881836,-2.6510000228881836
ga,40,7,16000,-0.6510000228881836,-0.6510000228881836
ga,40,8,18000,-0.6510000228881836,-0.6510000228881836
ga,40,9,20000,-0.6510000228881836,-0.6510000228881836
ga,40,10,22000,-0.0010000000474974513,-0.0010000000474974513
ga,40,11,24000,-0.0010000000474974513,-0.0010000000474974513
ga,40,12,26000,-0.0010000000474974513,-0.0010000000474974513
ga,40,13,28000,-0.0010000000474974513,-0.0010000000474974513
ga,40,14,30000,-0.0010000000474974513,-0.0010000000474974513
ga,40,15,32000,-0.0010000000474974513,-0.0010000000474974513
ga,40,16,34000,-0.0010000000474974513,-0.0010000000474974513
ga,40,17,36000,-0.0010000000474974513,-0.0010000000474974513
ga,40,18,38000,-0.0010000000474974513,-0.0010000000474974513
ga,40,19,40000,-0.0010000000474974513,-0.0010000000474974513
ga,40,20,42000,-0.0010000000474974513,-0.0010000000474974513
ga,40,21,44000,-0.0010000000474974513,-0.0010000000474974513
ga,40,22,46000,-0.0010000000474974513,-0.0010000000474974513
ga,40,23,48000,-0.0010000000474974513,-0.0010000000474974513
ga,40,24,50000,-0.0010000000474974513,-0.0010000000474974513
ga,40,25,52000,-0.0010000000474974513,-0.0010000000474974513
ga,40,26,54000,-0.0010000000474974513,-0.0010000000474974513
ga,40,27,56000,-0.0010000000474974513,-0.0010000000474974513
ga,40,28,58000,-0.0010000000474974513,-0.0010000000474974513
ga,40,29,60000,-0.0010000000474974513,-0.0010000000474974513
ga,40,30,62000,-0.0010000000474974513,-0.0010000000474974513
ga,40,31,64000,-0.0010000000474974513,-0.0010000000474974513
ga,40,32,66000,-0.0010000000474974513,-0.0010000000474974513
ga,40,33,68000,-0.0010000000474974513,-0.0010000000474974513
ga,40,34,70000,-0.0010000000474974513,-0.0010000000474974513
ga,40,35,72000,-0.0010000000474974513,-0.0010000000474974513
ga,40,36,74000,-0.0010000000474974513,-0.0010000000474974513
ga,40,37,76000,-0.0010000000474974513,-0.0010000000474974513
ga,40,38,78000,-0.0010000000474974513,-0.0010000000474974513
ga,40,39,80000,-0.0010000000474974513,-0.0010000000474974513
ga,40,40,82000,-0.0010000000474974513,-0.0010000000474974513
ga,40,41,84000,-0.0010000000474974513,-0.0010000000474974513
ga,40,42,86000,-0.0010000000474974513,-0.0010000000474974513
ga,40,43,88000,-0.0010000000474974513,-0.0010000000474974513
ga,40,44,90000,-0.0010000000474974513,-0.0010000000474974513
ga,40,45,92000,-0.0010000000474974513,-0.0010000000474974513
ga,40,46,94000,-0.0010000000474974513,-0.0010000000474974513
ga,40,47,96000,-0.0010000000474974513,-0.0010000000474974513
ga,40,48,98000,-0.0010000000474974513,-0.0010000000474974513
ga,40,49,100000,-0.0010000000474974513,-0.0010000000474974513
ga,40,50,102000,-0.0010000000474974513,-0.0010000000474974513
ga,40,51,104000,-0.0010000000474974513,-0.0010000000474974513
ga,40,52,106000,-0.0010000000474974513,-0.0010000000474974513
ga,40,53,108000,-0.0010000000474974513,-0.0010000000474974513
ga,40,54,110000,-0.0010000000474974513,-0.0010000000474974513
ga,40,55,112000,-0.0010000000474974513,-0.0010000000474974513
ga,40,56,114000,-0.0010000000474974513,-0.0010000000474974513
ga,40,57,116000,-0.0010000000474974513,-0.0010000000474974513
ga,40,58,118000,-0.0010000000474974513,-0.0010000000474974513
ga,40,59,120000,-0.0010000000474974513,-0.0010000000474974513
ga,40,60,122000,-0.0010000000474974513,-0.0010000000474974513
ga,40,61,124000,-0.0010000000474974513,-0.0010000000474974513
ga,40,62,126000,-0.0010000000474974513,-0.0010000000474974513
ga,40,63,128000,-0.0010000000474974513,-0.0010000000474974513
ga,40,64,130000,-0.0010000000474974513,-0.0010000000474974513
ga,40,65,132000,-0.0010000000474974513,-0.0010000000474974513
ga,40,66,134000,-0.0010000000474974513,-0.0010000000474974513
ga,40,67,136000,-0.0010000000474974513,-0.0010000000474974513
ga,40,68,138000,-0.0010000000474974513,-0.0010000000474974513
ga,40,69,140000,-0.0010000000474974513,-0.0010000000474974513
ga,40,70,142000,-0.0010000000474974513,-0.0010000000474974513
ga,40,71,144000,-0.0010000000474974513,-0.0010000000474974513
ga,40,72,146000,-0.0010000000474974513,-0.0010000000474974513
ga,40,73,148000,-0.0010000000474974513,-0.0010000000474974513
ga,40,74,150000,-0.0010000000474974513,-0.0010000000474974513
ga,40,75,152000,-0.0010000000474974513,-0.0010000000474974513
ga,40,76,154000,-0.0010000000474974513,-0.0010000000474974513
ga,40,77,156000,-0.0010000000474974513,-0.0010000000474974513
ga,40,78,158000,-0.0010000000474974513,-0.0010000000474974513
ga,40,79,160000,-0.0010000000474974513,-0.0010000000474974513
ga,40,80,162000,-0.0010000000474974513,-0.0010000000474974513
ga,40,81,164000,-0.0010000000474974513,-0.0010000000474974513
ga,40,82,166000,-0.0010000000474974513,-0.0010000000474974513
ga,40,83,168000,-0.0010000000474974513,-0.0010000000474974513
ga,40,84,170000,-0.0010000000474974513,-0.0010000000474974513
ga,40,85,172000,-0.0010000000474974513,-0.0010000000474974513
ga,40,86,174000,-0.0010000000474974513,-0.0010000000474974513
ga,40,87,176000,-0.0010000000474974513,-0.0010000000474974513
ga,40,88,178000,-0.0010000000474974513,-0.0010000000474974513
ga,40,89,180000,-0.0010000000474974513,-0.0010000000474974513
ga,40,90,182000,-0.0010000000474974513,-0.0010000000474974513
ga,40,91,184000,-0.0010000000474974513,-0.0010000000474974513
ga,40,92,186000,-0.0010000000474974513,-0.0010000000474974513
ga,40,93,188000,-0.0010000000474974513,-0.0010000000474974513
ga,40,94,190000,-0.0010000000474974513,-0.0010000000474974513
ga,40,95,192000,-0.0010000000474974513,-0.0010000000474974513
ga,40,96,194000,-0.0010000000474974513,-0.0010000000474974513
ga,40,97,196000,-0.0010000000474974513,-0.0010000000474974513
ga,40,98,198000,-0.0010000000474974513,-0.0010000000474974513
ga,40,99,200000,-0.0010000000474974513,-0.0010000000474974513
ga,41,0,2000,-7.703999996185303,-7.703999996185303
ga,41,1,4000,-7.703999996185303,-7.703999996185303
ga,41,2,6000,-3.9040000438690186,-3.9040000438690186
ga,41,3,8000,-2.1010000705718994,-2.1010000705718994
ga,41,4,10000,-2.1010000705718994,-2.1010000705718994
ga,41,5,12000,-2.1010000705718994,-2.1010000705718994
ga,41,6,14000,-1.5010000467300415,-1.5010000467300415
ga,41,7,16000,-1.5010000467300415,-1.5010000467300415
ga,41,8,18000,-1.5010000467300415,-1.5010000467300415
ga,41,9,20000,-1.4010000228881836,-1.4010000228881836
ga,41,10,22000,-1.4010000228881836,-1.4010000228881836
ga,41,11,24000,-1.4010000228881836,-1.4010000228881836
ga,41,12,26000,-1.4010000228881836,-1.4010000228881836
ga,41,13,28000,-1.4010000228881836,-1.4010000228881836
ga,41,14,30000,-1.0010000467300415,-1.0010000467300415
ga,41,15,32000,-1.0010000467300415,-1.0010000467300415
ga,41,16,34000,-1.0010000467300415,-1.0010000467300415
ga,41,17,36000,-1.0010000467300415,-1.0010000467300415
ga,41,18,38000,-1.0010000467300415,-1.0010000467300415
ga,41,19,40000,-1.0010000467300415,-1.0010000467300415
ga,41,20,42000,-1.0010000467300415,-1.0010000467300415
ga,41,21,44000,-1.0010000467300415,-1.0010000467300415
ga,41,22,46000,-1.0010000467300415,-1.0010000467300415
ga,41,23,48000,-0.6010000109672546,-0.6010000109672546
ga,41,24,50000,-0.6010000109672546,-0.6010000109672546
ga,41,25,52000,-0.05299999937415123,-0.05299999937415123
ga,41,26,54000,-0.05299999937415123,-0.05299999937415123
ga,41,27,56000,-0.05299999937415123,-0.05299999937415123
ga,41,28,58000,-0.05299999937415123,-0.05299999937415123
ga,41,29,60000,-0.05299999937415123,-0.05299999937415123
ga,41,30,62000,-0.05299999937415123,-0.05299999937415123
ga,41,31,64000,-0.05299999937415123,-0.05299999937415123
ga,41,32,66000,-0.05299999937415123,-0.05299999937415123
ga,41,33,68000,-0.05299999937415123,-0.05299999937415123
ga,41,34,70000,-0.05299999937415123,-0.05299999937415123
ga,41,35,72000,-0.0010000000474974513,-0.0010000000474974513
ga,41,36,74000,-0.0010000000474974513,-0.0010000000474974513
ga,41,37,76000,-0.0010000000474974513,-0.0010000000474974513
ga,41,38,78000,-0.0010000000474974513,-0.0010000000474974513
ga,41,39,80000,-0.0010000000474974513,-0.0010000000474974513
ga,41,40,82000,-0.0010000000474974513,-0.0010000000474974513
ga,41,41,84000,-0.0010000000474974513,-0.0010000000474974513
ga,41,42,86000,-0.0010000000474974513,-0.0010000000474974513
ga,41,43,88000,-0.0010000000474974513,-0.0010000000474974513
ga,41,44,90000,-0.0010000000474974513,-0.0010000000474974513
ga,41,45,92000,-0.0010000000474974513,-0.0010000000474974513
ga,41,46,94000,-0.0010000000474974513,-0.0010000000474974513
ga,41,47,96000,-0.0010000000474974513,-0.0010000000474974513
ga,41,48,98000,-0.0010000000474974513,-0.0010000000474974513
ga,41,49,100000,-0.0010000000474974513,-0.0010000000474974513
ga,41,50,102000,-0.0010000000474974513,-0.0010000000474974513
ga,41,51,104000,-0.0010000000474974513,-0.0010000000474974513
ga,41,52,106000,-0.0010000000474974513,-0.0010000000474974513
ga,41,53,108000,-0.0010000000474974513,-0.0010000000474974513
ga,41,54,110000,-0.0010000000474974513,-0.0010000000474974513
ga,41,55,112000,-0.0010000000474974513,-0.0010000000474974513
ga,41,56,114000,-0.0010000000474974513,-0.0010000000474974513
ga,41,57,116000,-0.0010000000474974513,-0.0010000000474974513
ga,41,58,118000,-0.0010000000474974513,-0.0010000000474974513
ga,41,59,120000,-0.0010000000474974513,-0.0010000000474974513
ga,41,60,122000,-0.0010000000474974513,-0.0010000000474974513
ga,41,61,124000,-0.0010000000474974513,-0.0010000000474974513
ga,41,62,126000,-0.0010000000474974513,-0.0010000000474974513
ga,41,63,128000,-0.0010000000474974513,-0.0010000000474974513
ga,41,64,130000,-0.0010000000474974513,-0.0010000000474974513
ga,41,65,132000,-0.0010000000474974513,-0.0010000000474974513
ga,41,66,134000,-0.0010000000474974513,-0.0010000000474974513
ga,41,67,136000,-0.0010000000474974513,-0.0010000000474974513
ga,41,68,138000,-0.0010000000474974513,-0.0010000000474974513
ga,41,69,140000,-0.0010000000474974513,-0.0010000000474974513
ga,41,70,142000,-0.0010000000474974513,-0.0010000000474974513
ga,41,71,144000,-0.0010000000474974513,-0.0010000000474974513
ga,41,72,146000,-0.0010000000474974513,-0.0010000000474974513
ga,41,73,148000,-0.0010000000474974513,-0.0010000000474974513
ga,41,74,150000,-0.0010000000474974513,-0.0010000000474974513
ga,41,75,152000,-0.0010000000474974513,-0.0010000000474974513
ga,41,76,154000,-0.0010000000474974513,-0.0010000000474974513
ga,41,77,156000,-0.0010000000474974513,-0.0010000000474974513
ga,41,78,158000,-0.0010000000474974513,-0.0010000000474974513
ga,41,79,160000,-0.0010000000474974513,-0.0010000000474974513
ga,41,80,162000,-0.0010000000474974513,-0.0010000000474974513
ga,41,81,164000,-0.0010000000474974513,-0.0010000000474974513
ga,41,82,166000,-0.0010000000474974513,-0.0010000000474974513
ga,41,83,168000,-0.0010000000474974513,-0.0010000000474974513
ga,41,84,170000,-0.0010000000474974513,-0.0010000000474974513
ga,41,85,172000,-0.0010000000474974513,-0.0010000000474974513
ga,41,86,174000,-0.0010000000474974513,-0.0010000000474974513
ga,41,87,176000,-0.0010000000474974513,-0.0010000000474974513
ga,41,88,178000,-0.0010000000474974513,-0.0010000000474974513
ga,41,89,180000,-0.0010000000474974513,-0.0010000000474974513
ga,41,90,182000,-0.0010000000474974513,-0.0010000000474974513
ga,41,91,184000,-0.0010000000474974513,-0.0010000000474974513
ga,41,92,186000,-0.0010000000474974513,-0.0010000000474974513
ga,41,93,188000,-0.0010000000474974513,-0.0010000000474974513
ga,41,94,190000,-0.0010000000474974513,-0.0010000000474974513
ga,41,95,192000,-0.0010000000474974513,-0.0010000000474974513
ga,41,96,194000,-0.0010000000474974513,-0.0010000000474974513
ga,41,97,196000,-0.0010000000474974513,-0.0010000000474974513
ga,41,98,198000,-0.0010000000474974513,-0.0010000000474974513
ga,41,99,200000,-0.0010000000474974513,-0.0010000000474974513
ga,42,0,2000,-8.253000259399414,-8.253000259399414
ga,42,1,4000,-5.1020002365112305,-5.1020002365112305
ga,42,2,6000,-1.5010000467300415,-1.5010000467300415
ga,42,3,8000,-1.5010000467300415,-1.5010000467300415
ga,42,4,10000,-1.5010000467300415,-1.5010000467300415
ga,42,5,12000,-1.5010000467300415,-1.5010000467300415
ga,42,6,14000,-1.5010000467300415,-1.5010000467300415
ga,42,7,16000,-1.5010000467300415,-1.5010000467300415
ga,42,8,18000,-1.4529999494552612,-1.4529999494552612
ga,42,9,20000,-1.4529999494552612,-1.4529999494552612
ga,42,10,22000,-1.4529999494552612,-1.4529999494552612
ga,42,11,24000,-0.9509999752044678,-0.9509999752044678
ga,42,12,26000,-0.9020000100135803,-0.9020000100135803
ga,42,13,28000,-0.9010000228881836,-0.9010000228881836
ga,42,14,30000,-0.9010000228881836,-0.9010000228881836
ga,42,15,32000,-0.9010000228881836,-0.9010000228881836
ga,42,16,34000,-0.0010000000474974513,-0.0010000000474974513
ga,42,17,36000,-0.0010000000474974513,-0.0010000000474974513
ga,42,18,38000,-0.0010000000474974513,-0.0010000000474974513
ga,42,19,40000,-0.0010000000474974513,-0.0010000000474974513
ga,42,20,42000,-0.0010000000474974513,-0.0010000000474974513
ga,42,21,44000,-0.0010000000474974513,-0.0010000000474974513
ga,42,22,46000,-0.0010000000474974513,-0.0010000000474974513
ga,42,23,48000,-0.0010000000474974513,-0.0010000000474974513
ga,42,24,50000,-0.0010000000474974513,-0.0010000000474974513
ga,42,25,52000,-0.0010000000474974513,-0.0010000000474974513
ga,42,26,54000,-0.0010000000474974513,-0.0010000000474974513
ga,42,27,56000,-0.0010000000474974513,-0.0010000000474974513
ga,42,28,58000,-0.0010000000474974513,-0.0010000000474974513
ga,42,29,60000,-0.0010000000474974513,-0.0010000000474974513
ga,42,30,62000,-0.0010000000474974513,-0.0010000000474974513
ga,42,31,64000,-0.0010000000474974513,-0.0010000000474974513
ga,42,32,66000,-0.0010000000474974513,-0.0010000000474974513
ga,42,33,68000,-0.0010000000474974513,-0.0010000000474974513
ga,42,34,70000,-0.0010000000474974513,-0.0010000000474974513
ga,42,35,72000,-0.0010000000474974513,-0.0010000000474974513
ga,42,36,74000,-0.0010000000474974513,-0.0010000000474974513
ga,42,37,76000,-0.0010000000474974513,-0.0010000000474974513
ga,42,38,78000,-0.0010000000474974513,-0.0010000000474974513
ga,42,39,80000,-0.0010000000474974513,-0.0010000000474974513
ga,42,40,82000,-0.0010000000474974513,-0.0010000000474974513
ga,42,41,84000,-0.0010000000474974513,-0.0010000000474974513
ga,42,42,86000,-0.0010000000474974513,-0.0010000000474974513
ga,42,43,88000,-0.0010000000474974513,-0.0010000000474974513
ga,42,44,90000,-0.0010000000474974513,-0.0010000000474974513
ga,42,45,92000,-0.0010000000474974513,-0.0010000000474974513
ga,42,46,94000,-0.0010000000474974513,-0.0010000000474974513
ga,42,47,96000,-0.0010000000474974513,-0.0010000000474974513
ga,42,48,98000,-0.0010000000474974513,-0.0010000000474974513
ga,42,49,100000,-0.0010000000474974513,-0.0010000000474974513
ga,42,50,102000,-0.0010000000474974513,-0.0010000000474974513
ga,42,51,104000,-0.0010000000474974513,-0.0010000000474974513
ga,42,52,106000,-0.0010000000474974513,-0.0010000000474974513
ga,42,53,108000,-0.0010000000474974513,-0.0010000000474974513
ga,42,54,110000,-0.0010000000474974513,-0.0010000000474974513
ga,42,55,112000,-0.0010000000474974513,-0.0010000000474974513
ga,42,56,114000,-0.0010000000474974513,-0.0010000000474974513
ga,42,57,116000,-0.0010000000474974513,-0.0010000000474974513
ga,42,58,118000,-0.0010000000474974513,-0.0010000000474974513
ga,42,59,120000,-0.0010000000474974513,-0.0010000000474974513
ga,42,60,122000,-0.0010000000474974513,-0.0010000000474974513
ga,42,61,124000,-0.0010000000474974513,-0.0010000000474974513
ga,42,62,126000,-0.0010000000474974513,-0.0010000000474974513
ga,42,63,128000,-0.0010000000474974513,-0.0010000000474974513
ga,42,64,130000,-0.0010000000474974513,-0.0010000000474974513
ga,42,65,132000,-0.0010000000474974513,-0.0010000000474974513
ga,42,66,134000,-0.0010000000474974513,-0.0010000000474974513
ga,42,67,136000,-0.0010000000474974513,-0.0010000000474974513
ga,42,68,138000,-0.0010000000474974513,-0.0010000000474974513
ga,42,69,140000,-0.0010000000474974513,-0.0010000000474974513
ga,42,70,142000,-0.0010000000474974513,-0.0010000000474974513
ga,42,71,144000,-0.0010000000474974513,-0.0010000000474974513
ga,42,72,146000,-0.0010000000474974513,-0.0010000000474974513
ga,42,73,148000,-0.0010000000474974513,-0.0010000000474974513
ga,42,74,150000,-0.0010000000474974513,-0.0010000000474974513
ga,42,75,152000,-0.0010000000474974513,-0.0010000000474974513
ga,42,76,154000,-0.0010000000474974513,-0.0010000000474974513
ga,42,77,156000,-0.0010000000474974513,-0.0010000000474974513
ga,42,78,158000,-0.0010000000474974513,-0.0010000000474974513
ga,42,79,160000,-0.0010000000474974513,-0.0010000000474974513
ga,42,80,162000,-0.0010000000474974513,-0.0010000000474974513
ga,42,81,164000,-0.0010000000474974513,-0.0010000000474974513
ga,42,82,166000,-0.0010000000474974513,-0.0010000000474974513
ga,42,83,168000,-0.0010000000474974513,-0.0010000000474974513
ga,42,84,170000,-0.0010000000474974513,-0.0010000000474974513
ga,42,85,172000,-0.0010000000474974513,-0.0010000000474974513
ga,42,86,174000,-0.0010000000474974513,-0.0010000000474974513
ga,42,87,176000,-0.0010000000474974513,-0.0010000000474974513
ga,42,88,178000,-0.0010000000474974513,-0.0010000000474974513
ga,42,89,180000,-0.0010000000474974513,-0.0010000000474974513
ga,42,90,182000,-0.0010000000474974513,-0.0010000000474974513
ga,42,91,184000,-0.0010000000474974513,-0.0010000000474974513
ga,42,92,186000,-0.0010000000474974513,-0.0010000000474974513
ga,42,93,188000,-0.0010000000474974513,-0.0010000000474974513
ga,42,94,190000,-0.0010000000474974513,-0.0010000000474974513
ga,42,95,192000,-0.0010000000474974513,-0.0010000000474974513
ga,42,96,194000,-0.0010000000474974513,-0.0010000000474974513
ga,42,97,196000,-0.0010000000474974513,-0.0010000000474974513
ga,42,98,198000,-0.0010000000474974513,-0.0010000000474974513
ga,42,99,200000,-0.0010000000474974513,-0.0010000000474974513
ga,43,0,2000,-9.003000259399414,-9.003000259399414
ga,43,1,4000,-9.001999855041504,-9.001999855041504
ga,43,2,6000,-8.404000282287598,-8.404000282287598
ga,43,3,8000,-5.85099983215332,-5.85099983215332
ga,43,4,10000,-5.85099983215332,-5.85099983215332
ga,43,5,12000,-5.1020002365112305,-5.1020002365112305
ga,43,6,14000,-2.6519999504089355,-2.6519999504089355
ga,43,7,16000,-2.6510000228881836,-2.6510000228881836
ga,43,8,18000,-0.0020000000949949026,-0.0020000000949949026
ga,43,9,20000,-0.0020000000949949026,-0.0020000000949949026
ga,43,10,22000,-0.0020000000949949026,-0.0020000000949949026
ga,43,11,24000,-0.0010000000474974513,-0.0010000000474974513
ga,43,12,26000,-0.0010000000474974513,-0.0010000000474974513
ga,43,13,28000,-0.0010000000474974513,-0.0010000000474974513
ga,43,14,30000,-0.0010000000474974513,-0.0010000000474974513
ga,43,15,32000,-0.0010000000474974513,-0.0010000000474974513
ga,43,16,34000,-0.0010000000474974513,-0.0010000000474974513
ga,43,17,36000,-0.0010000000474974513,-0.0010000000474974513
ga,43,18,38000,-0.0010000000474974513,-0.0010000000474974513
ga,43,19,40000,-0.0010000000474974513,-0.0010000000474974513
ga,43,20,42000,-0.0010000000474974513,-0.0010000000474974513
ga,43,21,44000,-0.0010000000474974513,-0.0010000000474974513
ga,43,22,46000,-0.0010000000474974513,-0.0010000000474974513
ga,43,23,48000,-0.0010000000474974513,-0.0010000000474974513
ga,43,24,50000,-0.0010000000474974513,-0.0010000000474974513
ga,43,25,52000,-0.0010000000474974513,-0.0010000000474974513
ga,43,26,54000,-0.0010000000474974513,-0.0010000000474974513
ga,43,27,56000,-0.0010000000474974513,-0.0010000000474974513
ga,43,28,58000,-0.0010000000474974513,-0.0010000000474974513
ga,43,29,60000,-0.0010000000474974513,-0.0010000000474974513
ga,43,30,62000,-0.0010000000474974513,-0.0010000000474974513
ga,43,31,64000,-0.0010000000474974513,-0.0010000000474974513
ga,43,32,66000,-0.0010000000474974513,-0.0010000000474974513
ga,43,33,68000,-0.0010000000474974513,-0.0010000000474974513
ga,43,34,70000,-0.0010000000474974513,-0.0010000000474974513
ga,43,35,72000,-0.0010000000474974513,-0.0010000000474974513
ga,43,36,74000,-0.0010000000474974513,-0.0010000000474974513
ga,43,37,76000,-0.0010000000474974513,-0.0010000000474974513
ga,43,38,78000,-0.0010000000474974513,-0.0010000000474974513
ga,43,39,80000,-0.0010000000474974513,-0.0010000000474974513
ga,43,40,82000,-0.0010000000474974513,-0.0010000000474974513
ga,43,41,84000,-0.0010000000474974513,-0.0010000000474974513
ga,43,42,86000,-0.0010000000474974513,-0.0010000000474974513
ga,43,43,88000,-0.0010000000474974513,-0.0010000000474974513
ga,43,44,90000,-0.0010000000474974513,-0.0010000000474974513
ga,43,45,92000,-0.0010000000474974513,-0.0010000000474974513
ga,43,46,94000,-0.0010000000474974513,-0.0010000000474974513
ga,43,47,96000,-0.0010000000474974513,-0.0010000000474974513
ga,43,48,98000,-0.0010000000474974513,-0.0010000000474974513
ga,43,49,100000,-0.0010000000474974513,-0.0010000000474974513
ga,43,50,102000,-0.0010000000474974513,-0.0010000000474974513
ga,43,51,104000,-0.0010000000474974513,-0.0010000000474974513
ga,43,52,106000,-0.0010000000474974513,-0.0010000000474974513
ga,43,53,108000,-0.0010000000474974513,-0.0010000000474974513
ga,43,54,110000,-0.0010000000474974513,-0.0010000000474974513
ga,43,55,112000,-0.0010000000474974513,-0.0010000000474974513
ga,43,56,114000,-0.0010000000474974513,-0.0010000000474974513
ga,43,57,116000,-0.0010000000474974513,-0.0010000000474974513
ga,43,58,118000,-0.0010000000474974513,-0.0010000000474974513
ga,43,59,120000,-0.0010000000474974513,-0.0010000000474974513
ga,43,60,122000,-0.0010000000474974513,-0.0010000000474974513
ga,43,61,124000,-0.0010000000474974513,-0.0010000000474974513
ga,43,62,126000,-0.0010000000474974513,-0.0010000000474974513
ga,43,63,128000,-0.0010000000474974513,-0.0010000000474974513
ga,43,64,130000,-0.0010000000474974513,-0.0010000000474974513
ga,43,65,132000,-0.0010000000474974513,-0.0010000000474974513
ga,43,66,134000,-0.0010000000474974513,-0.0010000000474974513
ga,43,67,136000,-0.0010000000474974513,-0.0010000000474974513
ga,43,68,138000,-0.0010000000474974513,-0.0010000000474974513
ga,43,69,140000,-0.0010000000474974513,-0.0010000000474974513
ga,43,70,142000,-0.0010000000474974513,-0.0010000000474974513
ga,43,71,144000,-0.0010000000474974513,-0.0010000000474974513
ga,43,72,146000,-0.0010000000474974513,-0.0010000000474974513
ga,43,73,148000,-0.0010000000474974513,-0.0010000000474974513
ga,43,74,150000,-0.0010000000474974513,-0.0010000000474974513
ga,43,75,152000,-0.0010000000474974513,-0.0010000000474974513
ga,43,76,154000,-0.0010000000474974513,-0.0010000000474974513
ga,43,77,156000,-0.0010000000474974513,-0.0010000000474974513
ga,43,78,158000,-0.0010000000474974513,-0.0010000000474974513
ga,43,79,160000,-0.0010000000474974513,-0.0010000000474974513
ga,43,80,162000,-0.0010000000474974513,-0.0010000000474974513
ga,43,81,164000,-0.0010000000474974513,-0.0010000000474974513
ga,43,82,166000,-0.0010000000474974513,-0.0010000000474974513
ga,43,83,168000,-0.0010000000474974513,-0.0010000000474974513
ga,43,84,170000,-0.0010000000474974513,-0.0010000000474974513
ga,43,85,172000,-0.0010000000474974513,-0.0010000000474974513
ga,43,86,174000,-0.0010000000474974513,-0.0010000000474974513
ga,43,87,176000,-0.0010000000474974513,-0.0010000000474974513
ga,43,88,178000,-0.0010000000474974513,-0.0010000000474974513
ga,43,89,180000,-0.0010000000474974513,-0.0010000000474974513
ga,43,90,182000,-0.0010000000474974513,-0.0010000000474974513
ga,43,91,184000,-0.0010000000474974513,-0.0010000000474974513
ga,43,92,186000,-0.0010000000474974513,-0.0010000000474974513
ga,43,93,188000,-0.0010000000474974513,-0.0010000000474974513
ga,43,94,190000,-0.0010000000474974513,-0.0010000000474974513
ga,43,95,192000,-0.0010000000474974513,-0.0010000000474974513
ga,43,96,194000,-0.0010000000474974513,-0.0010000000474974513
ga,43,97,196000,-0.0010000000474974513,-0.0010000000474974513
ga,43,98,198000,-0.0010000000474974513,-0.0010000000474974513
ga,43,99,200000,-0.0010000000474974513,-0.0010000000474974513
ga,44,0,2000,-7.104000091552734,-7.104000091552734
ga,44,1,4000,-7.104000091552734,-7.104000091552734
ga,44,2,6000,-7.1020002365112305,-7.1020002365112305
ga,44,3,8000,-4.854000091552734,-4.854000091552734
ga,44,4,10000,-4.854000091552734,-4.854000091552734
ga,44,5,12000,-2.7019999027252197,-2.7019999027252197
ga,44,6,14000,-2.7019999027252197,-2.7019999027252197
ga,44,7,16000,-2.7019999027252197,-2.7019999027252197
ga,44,8,18000,-1.0010000467300415,-1.0010000467300415
ga,44,9,20000,-1.0010000467300415,-1.0010000467300415
ga,44,10,22000,-1.0010000467300415,-1.0010000467300415
ga,44,11,24000,-1.0010000467300415,-1.0010000467300415
ga,44,12,26000,-1.0010000467300415,-1.0010000467300415
ga,44,13,28000,-1.0010000467300415,-1.0010000467300415
ga,44,14,30000,-1.0010000467300415,-1.0010000467300415
ga,44,15,32000,-1.0010000467300415,-1.0010000467300415
ga,44,16,34000,-1.0010000467300415,-1.0010000467300415
ga,44,17,36000,-1.0010000467300415,-1.0010000467300415
ga,44,18,38000,-1.0010000467300415,-1.0010000467300415
ga,44,19,40000,-1.0010000467300415,-1.0010000467300415
ga,44,20,42000,-1.0010000467300415,-1.0010000467300415
ga,44,21,44000,-1.0010000467300415,-1.0010000467300415
ga,44,22,46000,-1.0010000467300415,-1.0010000467300415
ga,44,23,48000,-1.0010000467300415,-1.0010000467300415
ga,44,24,50000,-1.0010000467300415,-1.0010000467300415
ga,44,25,52000,-1.0010000467300415,-1.0010000467300415
ga,44,26,54000,-1.0010000467300415,-1.0010000467300415
ga,44,27,56000,-1.0010000467300415,-1.0010000467300415
ga,44,28,58000,-0.6010000109672546,-0.6010000109672546
ga,44,29,60000,-0.6010000109672546,-0.6010000109672546
ga,44,30,62000,-0.10300000011920929,-0.10300000011920929
ga,44,31,64000,-0.10300000011920929,-0.10300000011920929
ga,44,32,66000,-0.10199999809265137,-0.10199999809265137
ga,44,33,68000,-0.10199999809265137,-0.10199999809265137
ga,44,34,70000,-0.10199999809265137,-0.10199999809265137
ga,44,35,72000,-0.10199999809265137,-0.10199999809265137
ga,44,36,74000,-0.10199999809265137,-0.10199999809265137
ga,44,37,76000,-0.10199999809265137,-0.10199999809265137
ga,44,38,78000,-0.10199999809265137,-0.10199999809265137
ga,44,39,80000,-0.10199999809265137,-0.10199999809265137
ga,44,40,82000,-0.10199999809265137,-0.10199999809265137
ga,44,41,84000,-0.10199999809265137,-0.10199999809265137
ga,44,42,86000,-0.10199999809265137,-0.10199999809265137
ga,44,43,88000,-0.10199999809265137,-0.10199999809265137
ga,44,44,90000,-0.10199999809265137,-0.10199999809265137
ga,44,45,92000,-0.10199999809265137,-0.10199999809265137
ga,44,46,94000,-0.10199999809265137,-0.10199999809265137
ga,44,47,96000,-0.10199999809265137,-0.10199999809265137
ga,44,48,98000,-0.10199999809265137,-0.10199999809265137
ga,44,49,100000,-0.10199999809265137,-0.10199999809265137
ga,44,50,102000,-0.10199999809265137,-0.10199999809265137
ga,44,51,104000,-0.10199999809265137,-0.10199999809265137
ga,44,52,106000,-0.10199999809265137,-0.10199999809265137
ga,44,53,108000,-0.10199999809265137,-0.10199999809265137
ga,44,54,110000,-0.10199999809265137,-0.10199999809265137
ga,44,55,112000,-0.10199999809265137,-0.10199999809265137
ga,44,56,114000,-0.10199999809265137,-0.10199999809265137
ga,44,57,116000,-0.10199999809265137,-0.10199999809265137
ga,44,58,118000,-0.10199999809265137,-0.10199999809265137
ga,44,59,120000,-0.10199999809265137,-0.10199999809265137
ga,44,60,122000,-0.10199999809265137,-0.10199999809265137
ga,44,61,124000,-0.10199999809265137,-0.10199999809265137
ga,44,62,126000,-0.10199999809265137,-0.10199999809265137
ga,44,63,128000,-0.10199999809265137,-0.10199999809265137
ga,44,64,130000,-0.10199999809265137,-0.10199999809265137
ga,44,65,132000,-0.10199999809265137,-0.10199999809265137
ga,44,66,134000,-0.10199999809265137,-0.10199999809265137
ga,44,67,136000,-0.10199999809265137,-0.10199999809265137
ga,44,68,138000,-0.10199999809265137,-0.10199999809265137
ga,44,69,140000,-0.10199999809265137,-0.10199999809265137
ga,44,70,142000,-0.10199999809265137,-0.10199999809265137
ga,44,71,144000,-0.05299999937415123,-0.05299999937415123
ga,44,72,146000,-0.05299999937415123,-0.05299999937415123
ga,44,73,148000,-0.05299999937415123,-0.05299999937415123
ga,44,74,150000,-0.052000001072883606,-0.052000001072883606
ga,44,75,152000,-0.052000001072883606,-0.052000001072883606
ga,44,76,154000,-0.052000001072883606,-0.052000001072883606
ga,44,77,156000,-0.052000001072883606,-0.052000001072883606
ga,44,78,158000,-0.052000001072883606,-0.052000001072883606
ga,44,79,160000,-0.050999999046325684,-0.050999999046325684
ga,44,80,162000,-0.050999999046325684,-0.050999999046325684
ga,44,81,164000,-0.050999999046325684,-0.050999999046325684
ga,44,82,166000,-0.050999999046325684,-0.050999999046325684
ga,44,83,168000,-0.050999999046325684,-0.050999999046325684
ga,44,84,170000,-0.0020000000949949026,-0.0020000000949949026
ga,44,85,172000,-0.0010000000474974513,-0.0010000000474974513
ga,44,86,174000,-0.0010000000474974513,-0.0010000000474974513
ga,44,87,176000,-0.0010000000474974513,-0.0010000000474974513
ga,44,88,178000,-0.0010000000474974513,-0.0010000000474974513
ga,44,89,180000,-0.0010000000474974513,-0.0010000000474974513
ga,44,90,182000,-0.0010000000474974513,-0.0010000000474974513
ga,44,91,184000,-0.0010000000474974513,-0.0010000000474974513
ga,44,92,186000,-0.0010000000474974513,-0.0010000000474974513
ga,44,93,188000,-0.0010000000474974513,-0.0010000000474974513
ga,44,94,190000,-0.0010000000474974513,-0.0010000000474974513
ga,44,95,192000,-0.0010000000474974513,-0.0010000000474974513
ga,44,96,194000,-0.0010000000474974513,-0.0010000000474974513
ga,44,97,196000,-0.0010000000474974513,-0.0010000000474974513
ga,44,98,198000,-0.0010000000474974513,-0.0010000000474974513
ga,44,99,200000,-0.0010000000474974513,-0.0010000000474974513
ga,45,0,2000,-7.1020002365112305,-7.1020002365112305
ga,45,1,4000,-5.501999855041504,-5.501999855041504
ga,45,2,6000,-3.9010000228881836,-3.9010000228881836
ga,45,3,8000,-3.9010000228881836,-3.9010000228881836
ga,45,4,10000,-2.1029999256134033,-2.1029999256134033
ga,45,5,12000,-2.1029999256134033,-2.1029999256134033
ga,45,6,14000,-1.9509999752044678,-1.9509999752044678
ga,45,7,16000,-1.9509999752044678,-1.9509999752044678
ga,45,8,18000,-1.9019999504089355,-1.9019999504089355
ga,45,9,20000,-1.9019999504089355,-1.9019999504089355
ga,45,10,22000,-1.4019999504089355,-1.4019999504089355
ga,45,11,24000,-1.4019999504089355,-1.4019999504089355
ga,45,12,26000,-0.052000001072883606,-0.052000001072883606
ga,45,13,28000,-0.052000001072883606,-0.052000001072883606
ga,45,14,30000,-0.052000001072883606,-0.052000001072883606
ga,45,15,32000,-0.0020000000949949026,-0.0020000000949949026
ga,45,16,34000,-0.0020000000949949026,-0.0020000000949949026
ga,45,17,36000,-0.0020000000949949026,-0.0020000000949949026
ga,45,18,38000,-0.0020000000949949026,-0.0020000000949949026
ga,45,19,40000,-0.0010000000474974513,-0.0010000000474974513
ga,45,20,42000,-0.0010000000474974513,-0.0010000000474974513
ga,45,21,44000,-0.0010000000474974513,-0.0010000000474974513
ga,45,22,46000,-0.0010000000474974513,-0.0010000000474974513
ga,45,23,48000,-0.0010000000474974513,-0.0010000000474974513
ga,45,24,50000,-0.0010000000474974513,-0.0010000000474974513
ga,45,25,52000,-0.0010000000474974513,-0.0010000000474974513
ga,45,26,54000,-0.0010000000474974513,-0.0010000000474974513
ga,45,27,56000,-0.0010000000474974513,-0.0010000000474974513
ga,45,28,58000,-0.0010000000474974513,-0.0010000000474974513
ga,45,29,60000,-0.0010000000474974513,-0.0010000000474974513
ga,45,30,62000,-0.0010000000474974513,-0.0010000000474974513
ga,45,31,64000,-0.0010000000474974513,-0.0010000000474974513
ga,45,32,66000,-0.0010000000474974513,-0.0010000000474974513
ga,45,33,68000,-0.0010000000474974513,-0.0010000000474974513
ga,45,34,70000,-0.0010000000474974513,-0.0010000000474974513
ga,45,35,72000,-0.0010000000474974513,-0.0010000000474974513
ga,45,36,74000,-0.0010000000474974513,-0.0010000000474974513
ga,45,37,76000,-0.0010000000474974513,-0.0010000000474974513
ga,45,38,78000,-0.0010000000474974513,-0.0010000000474974513
ga,45,39,80000,-0.0010000000474974513,-0.0010000000474974513
ga,45,40,82000,-0.0010000000474974513,-0.0010000000474974513
ga,45,41,84000,-0.0010000000474974513,-0.0010000000474974513
ga,45,42,86000,-0.0010000000474974513,-0.0010000000474974513
ga,45,43,88000,-0.0010000000474974513,-0.0010000000474974513
ga,45,44,90000,-0.0010000000474974513,-0.0010000000474974513
ga,45,45,92000,-0.0010000000474974513,-0.0010000000474974513
ga,45,46,94000,-0.0010000000474974513,-0.0010000000474974513
ga,45,47,96000,-0.0010000000474974513,-0.0010000000474974513
ga,45,48,98000,-0.0010000000474974513,-0.0010000000474974513
ga,45,49,100000,-0.0010000000474974513,-0.0010000000474974513
ga,45,50,102000,-0.0010000000474974513,-0.0010000000474974513
ga,45,51,104000,-0.0010000000474974513,-0.0010000000474974513
ga,45,52,106000,-0.0010000000474974513,-0.0010000000474974513
ga,45,53,108000,-0.0010000000474974513,-0.0010000000474974513
ga,45,54,110000,-0.0010000000474974513,-0.0010000000474974513
ga,45,55,112000,-0.0010000000474974513,-0.0010000000474974513
ga,45,56,114000,-0.0010000000474974513,-0.0010000000474974513
ga,45,57,116000,-0.0010000000474974513,-0.0010000000474974513
ga,45,58,118000,-0.0010000000474974513,-0.0010000000474974513
ga,45,59,120000,-0.0010000000474974513,-0.0010000000474974513
ga,45,60,122000,-0.0010000000474974513,-0.0010000000474974513
ga,45,61,124000,-0.0010000000474974513,-0.0010000000474974513
ga,45,62,126000,-0.0010000000474974513,-0.0010000000474974513
ga,45,63,128000,-0.0010000000474974513,-0.0010000000474974513
ga,45,64,130000,-0.0010000000474974513,-0.0010000000474974513
ga,45,65,132000,-0.0010000000474974513,-0.0010000000474974513
ga,45,66,134000,-0.0010000000474974513,-0.0010000000474974513
ga,45,67,136000,-0.0010000000474974513,-0.0010000000474974513
ga,45,68,138000,-0.0010000000474974513,-0.0010000000474974513
ga,45,69,140000,-0.0010000000474974513,-0.0010000000474974513
ga,45,70,142000,-0.0010000000474974513,-0.0010000000474974513
ga,45,71,144000,-0.0010000000474974513,-0.0010000000474974513
ga,45,72,146000,-0.0010000000474974513,-0.0010000000474974513
ga,45,73,148000,-0.0010000000474974513,-0.0010000000474974513
ga,45,74,150000,-0.0010000000474974513,-0.0010000000474974513
ga,45,75,152000,-0.0010000000474974513,-0.0010000000474974513
ga,45,76,154000,-0.0010000000474974513,-0.0010000000474974513
ga,45,77,156000,-0.0010000000474974513,-0.0010000000474974513
ga,45,78,158000,-0.0010000000474974513,-0.0010000000474974513
ga,45,79,160000,-0.0010000000474974513,-0.0010000000474974513
ga,45,80,162000,-0.0010000000474974513,-0.0010000000474974513
ga,45,81,164000,-0.0010000000474974513,-0.0010000000474974513
ga,45,82,166000,-0.0010000000474974513,-0.0010000000474974513
ga,45,83,168000,-0.0010000000474974513,-0.0010000000474974513
ga,45,84,170000,-0.0010000000474974513,-0.0010000000474974513
ga,45,85,172000,-0.0010000000474974513,-0.0010000000474974513
ga,45,86,174000,-0.0010000000474974513,-0.0010000000474974513
ga,45,87,176000,-0.0010000000474974513,-0.0010000000474974513
ga,45,88,178000,-0.0010000000474974513,-0.0010000000474974513
ga,45,89,180000,-0.0010000000474974513,-0.0010000000474974513
ga,45,90,182000,-0.0010000000474974513,-0.0010000000474974513
ga,45,91,184000,-0.0010000000474974513,-0.0010000000474974513
ga,45,92,186000,-0.0010000000474974513,-0.0010000000474974513
ga,45,93,188000,-0.0010000000474974513,-0.0010000000474974513
ga,45,94,190000,-0.0010000000474974513,-0.0010000000474974513
ga,45,95,192000,-0.0010000000474974513,-0.0010000000474974513
ga,45,96,194000,-0.0010000000474974513,-0.0010000000474974513
ga,45,97,196000,-0.0010000000474974513,-0.0010000000474974513
ga,45,98,198000,-0.0010000000474974513,-0.0010000000474974513
ga,45,99,200000,-0.0010000000474974513,-0.0010000000474974513
ga,46,0,2000,-7.453000068664551,-7.453000068664551
ga,46,1,4000,-5.1020002365112305,-5.1020002365112305
ga,46,2,6000,-0.1509999930858612,-0.1509999930858612
ga,46,3,8000,-0.1509999930858612,-0.1509999930858612
ga,46,4,10000,-0.1509999930858612,-0.1509999930858612
ga,46,5,12000,-0.1509999930858612,-0.1509999930858612
ga,46,6,14000,-0.1509999930858612,-0.1509999930858612
ga,46,7,16000,-0.1509999930858612,-0.1509999930858612
ga,46,8,18000,-0.003000000026077032,-0.003000000026077032
ga,46,9,20000,-0.003000000026077032,-0.003000000026077032
ga,46,10,22000,-0.003000000026077032,-0.003000000026077032
ga,46,11,24000,-0.003000000026077032,-0.003000000026077032
ga,46,12,26000,-0.003000000026077032,-0.003000000026077032
ga,46,13,28000,-0.0020000000949949026,-0.0020000000949949026
ga,46,14,30000,-0.0010000000474974513,-0.0010000000474974513
ga,46,15,32000,-0.0010000000474974513,-0.0010000000474974513
ga,46,16,34000,-0.0010000000474974513,-0.0010000000474974513
ga,46,17,36000,-0.0010000000474974513,-0.0010000000474974513
ga,46,18,38000,-0.0010000000474974513,-0.0010000000474974513
ga,46,19,40000,-0.0010000000474974513,-0.0010000000474974513
ga,46,20,42000,-0.0010000000474974513,-0.0010000000474974513
ga,46,21,44000,-0.0010000000474974513,-0.0010000000474974513
ga,46,22,46000,-0.0010000000474974513,-0.0010000000474974513
ga,46,23,48000,-0.0010000000474974513,-0.0010000000474974513
ga,46,24,50000,-0.0010000000474974513,-0.0010000000474974513
ga,46,25,52000,-0.0010000000474974513,-0.0010000000474974513
ga,46,26,54000,-0.0010000000474974513,-0.0010000000474974513
ga,46,27,56000,-0.0010000000474974513,-0.0010000000474974513
ga,46,28,58000,-0.0010000000474974513,-0.0010000000474974513
ga,46,29,60000,-0.0010000000474974513,-0.0010000000474974513
ga,46,30,62000,-0.0010000000474974513,-0.0010000000474974513
ga,46,31,64000,-0.0010000000474974513,-0.0010000000474974513
ga,46,32,66000,-0.0010000000474974513,-0.0010000000474974513
ga,46,33,68000,-0.0010000000474974513,-0.0010000000474974513
ga,46,34,70000,-0.0010000000474974513,-0.0010000000474974513
ga,46,35,72000,-0.0010000000474974513,-0.0010000000474974513
ga,46,36,74000,-0.0010000000474974513,-0.0010000000474974513
ga,46,37,76000,-0.0010000000474974513,-0.0010000000474974513
ga,46,38,78000,-0.0010000000474974513,-0.0010000000474974513
ga,46,39,80000,-0.0010000000474974513,-0.0010000000474974513
ga,46,40,82000,-0.0010000000474974513,-0.0010000000474974513
ga,46,41,84000,-0.0010000000474974513,-0.0010000000474974513
ga,46,42,86000,-0.0010000000474974513,-0.0010000000474974513
ga,46,43,88000,-0.0010000000474974513,-0.0010000000474974513
ga,46,44,90000,-0.0010000000474974513,-0.0010000000474974513
ga,46,45,92000,-0.0010000000474974513,-0.0010000000474974513
ga,46,46,94000,-0.0010000000474974513,-0.0010000000474974513
ga,46,47,96000,-0.0010000000474974513,-0.0010000000474974513
ga,46,48,98000,-0.0010000000474974513,-0.0010000000474974513
ga,46,49,100000,-0.0010000000474974513,-0.0010000000474974513
ga,46,50,102000,-0.0010000000474974513,-0.0010000000474974513
ga,46,51,104000,-0.0010000000474974513,-0.0010000000474974513
ga,46,52,106000,-0.0010000000474974513,-0.0010000000474974513
ga,46,53,108000,-0.0010000000474974513,-0.0010000000474974513
ga,46,54,110000,-0.0010000000474974513,-0.0010000000474974513
ga,46,55,112000,-0.0010000000474974513,-0.0010000000474974513
ga,46,56,114000,-0.0010000000474974513,-0.0010000000474974513
ga,46,57,116000,-0.0010000000474974513,-0.0010000000474974513
ga,46,58,118000,-0.0010000000474974513,-0.0010000000474974513
ga,46,59,120000,-0.0010000000474974513,-0.0010000000474974513
ga,46,60,122000,-0.0010000000474974513,-0.0010000000474974513
ga,46,61,124000,-0.0010000000474974513,-0.0010000000474974513
ga,46,62,126000,-0.0010000000474974513,-0.0010000000474974513
ga,46,63,128000,-0.0010000000474974513,-0.0010000000474974513
ga,46,64,130000,-0.0010000000474974513,-0.0010000000474974513
ga,46,65,132000,-0.0010000000474974513,-0.0010000000474974513
ga,46,66,134000,-0.0010000000474974513,-0.0010000000474974513
ga,46,67,136000,-0.0010000000474974513,-0.0010000000474974513
ga,46,68,138000,-0.0010000000474974513,-0.0010000000474974513
ga,46,69,140000,-0.0010000000474974513,-0.0010000000474974513
ga,46,70,142000,-0.0010000000474974513,-0.0010000000474974513
ga,46,71,144000,-0.0010000000474974513,-0.0010000000474974513
ga,46,72,146000,-0.0010000000474974513,-0.0010000000474974513
ga,46,73,148000,-0.0010000000474974513,-0.0010000000474974513
ga,46,74,150000,-0.0010000000474974513,-0.0010000000474974513
ga,46,75,152000,-0.0010000000474974513,-0.0010000000474974513
ga,46,76,154000,-0.0010000000474974513,-0.0010000000474974513
ga,46,77,156000,-0.0010000000474974513,-0.0010000000474974513
ga,46,78,158000,-0.0010000000474974513,-0.0010000000474974513
ga,46,79,160000,-0.0010000000474974513,-0.0010000000474974513
ga,46,80,162000,-0.0010000000474974513,-0.0010000000474974513
ga,46,81,164000,-0.0010000000474974513,-0.0010000000474974513
ga,46,82,166000,-0.0010000000474974513,-0.0010000000474974513
ga,46,83,168000,-0.0010000000474974513,-0.0010000000474974513
ga,46,84,170000,-0.0010000000474974513,-0.0010000000474974513
ga,46,85,172000,-0.0010000000474974513,-0.0010000000474974513
ga,46,86,174000,-0.0010000000474974513,-0.0010000000474974513
ga,46,87,176000,-0.0010000000474974513,-0.0010000000474974513
ga,46,88,178000,-0.0010000000474974513,-0.0010000000474974513
ga,46,89,180000,-0.0010000000474974513,-0.0010000000474974513
ga,46,90,182000,-0.0010000000474974513,-0.0010000000474974513
ga,46,91,184000,-0.0010000000474974513,-0.0010000000474974513
ga,46,92,186000,-0.0010000000474974513,-0.0010000000474974513
ga,46,93,188000,-0.0010000000474974513,-0.0010000000474974513
ga,46,94,190000,-0.0010000000474974513,-0.0010000000474974513
ga,46,95,192000,-0.0010000000474974513,-0.0010000000474974513
ga,46,96,194000,-0.0010000000474974513,-0.0010000000474974513
ga,46,97,196000,-0.0010000000474974513,-0.0010000000474974513
ga,46,98,198000,-0.0010000000474974513,-0.0010000000474974513
ga,46,99,200000,-0.0010000000474974513,-0.0010000000474974513
ga,47,0,2000,-5.4039998054504395,-5.4039998054504395
ga,47,1,4000,-5.4039998054504395,-5.4039998054504395
ga,47,2,6000,-0.050999999046325684,-0.050999999046325684
ga,47,3,8000,-0.050999999046325684,-0.050999999046325684
ga,47,4,10000,-0.050999999046325684,-0.050999999046325684
ga,47,5,12000,-0.050999999046325684,-0.050999999046325684
ga,47,6,14000,-0.050999999046325684,-0.050999999046325684
ga,47,7,16000,-0.050999999046325684,-0.050999999046325684
ga,47,8,18000,-0.050999999046325684,-0.050999999046325684
ga,47,9,20000,-0.050999999046325684,-0.050999999046325684
ga,47,10,22000,-0.050999999046325684,-0.050999999046325684
ga,47,11,24000,-0.050999999046325684,-0.050999999046325684
ga,47,12,26000,-0.050999999046325684,-0.050999999046325684
ga,47,13,28000,-0.050999999046325684,-0.050999999046325684
ga,47,14,30000,-0.050999999046325684,-0.050999999046325684
ga,47,15,32000,-0.050999999046325684,-0.050999999046325684
ga,47,16,34000,-0.050999999046325684,-0.050999999046325684
ga,47,17,36000,-0.050999999046325684,-0.050999999046325684
ga,47,18,38000,-0.050999999046325684,-0.050999999046325684
ga,47,19,40000,-0.050999999046325684,-0.050999999046325684
ga,47,20,42000,-0.050999999046325684,-0.050999999046325684
ga,47,21,44000,-0.0010000000474974513,-0.0010000000474974513
ga,47,22,46000,-0.0010000000474974513,-0.0010000000474974513
ga,47,23,48000,-0.0010000000474974513,-0.0010000000474974513
ga,47,24,50000,-0.0010000000474974513,-0.0010000000474974513
ga,47,25,52000,-0.0010000000474974513,-0.0010000000474974513
ga,47,26,54000,-0.0010000000474974513,-0.0010000000474974513
ga,47,27,56000,-0.0010000000474974513,-0.0010000000474974513
ga,47,28,58000,-0.0010000000474974513,-0.0010000000474974513
ga,47,29,60000,-0.0010000000474974513,-0.0010000000474974513
ga,47,30,62000,-0.0010000000474974513,-0.0010000000474974513
ga,47,31,64000,-0.0010000000474974513,-0.0010000000474974513
ga,47,32,66000,-0.0010000000474974513,-0.0010000000474974513
ga,47,33,68000,-0.0010000000474974513,-0.0010000000474974513
ga,47,34,70000,-0.0010000000474974513,-0.0010000000474974513
ga,47,35,72000,-0.0010000000474974513,-0.0010000000474974513
ga,47,36,74000,-0.0010000000474974513,-0.0010000000474974513
ga,47,37,76000,-0.0010000000474974513,-0.0010000000474974513
ga,47,38,78000,-0.0010000000474974513,-0.0010000000474974513
ga,47,39,80000,-0.0010000000474974513,-0.0010000000474974513
ga,47,40,82000,-0.0010000000474974513,-0.0010000000474974513
ga,47,41,84000,-0.0010000000474974513,-0.0010000000474974513
ga,47,42,86000,-0.0010000000474974513,-0.0010000000474974513
ga,47,43,88000,-0.0010000000474974513,-0.0010000000474974513
ga,47,44,90000,-0.0010000000474974513,-0.0010000000474974513
ga,47,45,92000,-0.0010000000474974513,-0.0010000000474974513
ga,47,46,94000,-0.0010000000474974513,-0.0010000000474974513
ga,47,47,96000,-0.0010000000474974513,-0.0010000000474974513
ga,47,48,98000,-0.0010000000474974513,-0.0010000000474974513
ga,47,49,100000,-0.0010000000474974513,-0.0010000000474974513
ga,47,50,102000,-0.0010000000474974513,-0.0010000000474974513
ga,47,51,104000,-0.0010000000474974513,-0.0010000000474974513
ga,47,52,106000,-0.0010000000474974513,-0.0010000000474974513
ga,47,53,108000,-0.0010000000474974513,-0.0010000000474974513
ga,47,54,110000,-0.0010000000474974513,-0.0010000000474974513
ga,47,55,112000,-0.0010000000474974513,-0.0010000000474974513
ga,47,56,114000,-0.0010000000474974513,-0.0010000000474974513
ga,47,57,116000,-0.0010000000474974513,-0.0010000000474974513
ga,47,58,118000,-0.0010000000474974513,-0.0010000000474974513
ga,47,59,120000,-0.0010000000474974513,-0.0010000000474974513
ga,47,60,122000,-0.0010000000474974513,-0.0010000000474974513
ga,47,61,124000,-0.0010000000474974513,-0.0010000000474974513
ga,47,62,126000,-0.0010000000474974513,-0.0010000000474974513
ga,47,63,128000,-0.0010000000474974513,-0.0010000000474974513
ga,47,64,130000,-0.0010000000474974513,-0.0010000000474974513
ga,47,65,132000,-0.0010000000474974513,-0.0010000000474974513
ga,47,66,134000,-0.0010000000474974513,-0.0010000000474974513
ga,47,67,136000,-0.0010000000474974513,-0.0010000000474974513
ga,47,68,138000,-0.0010000000474974513,-0.0010000000474974513
ga,47,69,140000,-0.0010000000474974513,-0.0010000000474974513
ga,47,70,142000,-0.0010000000474974513,-0.0010000000474974513
ga,47,71,144000,-0.0010000000474974513,-0.0010000000474974513
ga,47,72,146000,-0.0010000000474974513,-0.0010000000474974513
ga,47,73,148000,-0.0010000000474974513,-0.0010000000474974513
ga,47,74,150000,-0.0010000000474974513,-0.0010000000474974513
ga,47,75,152000,-0.0010000000474974513,-0.0010000000474974513
ga,47,76,154000,-0.0010000000474974513,-0.0010000000474974513
ga,47,77,156000,-0.0010000000474974513,-0.0010000000474974513
ga,47,78,158000,-0.0010000000474974513,-0.0010000000474974513
ga,47,79,160000,-0.0010000000474974513,-0.0010000000474974513
ga,47,80,162000,-0.0010000000474974513,-0.0010000000474974513
ga,47,81,164000,-0.0010000000474974513,-0.0010000000474974513
ga,47,82,166000,-0.0010000000474974513,-0.0010000000474974513
ga,47,83,168000,-0.0010000000474974513,-0.0010000000474974513
ga,47,84,170000,-0.0010000000474974513,-0.0010000000474974513
ga,47,85,172000,-0.0010000000474974513,-0.0010000000474974513
ga,47,86,174000,-0.0010000000474974513,-0.0010000000474974513
ga,47,87,176000,-0.0010000000474974513,-0.0010000000474974513
ga,47,88,178000,-0.0010000000474974513,-0.0010000000474974513
ga,47,89,180000,-0.0010000000474974513,-0.0010000000474974513
ga,47,90,182000,-0.0010000000474974513,-0.0010000000474974513
ga,47,91,184000,-0.0010000000474974513,-0.0010000000474974513
ga,47,92,186000,-0.0010000000474974513,-0.0010000000474974513
ga,47,93,188000,-0.0010000000474974513,-0.0010000000474974513
ga,47,94,190000,-0.0010000000474974513,-0.0010000000474974513
ga,47,95,192000,-0.0010000000474974513,-0.0010000000474974513
ga,47,96,194000,-0.0010000000474974513,-0.0010000000474974513
ga,47,97,196000,-0.0010000000474974513,-0.0010000000474974513
ga,47,98,198000,-0.0010000000474974513,-0.0010000000474974513
ga,47,99,200000,-0.0010000000474974513,-0.0010000000474974513
ga,48,0,2000,-5.1020002365112305,-5.1020002365112305
ga,48,1,4000,-3.1019999980926514,-3.1019999980926514
ga,48,2,6000,-2.703000068664551,-2.703000068664551
ga,48,3,8000,-2.7019999027252197,-2.7019999027252197
ga,48,4,10000,-1.003000020980835,-1.003000020980835
ga,48,5,12000,-1.003000020980835,-1.003000020980835
ga,48,6,14000,-0.0020000000949949026,-0.0020000000949949026
ga,48,7,16000,-0.0020000000949949026,-0.0020000000949949026
ga,48,8,18000,-0.0020000000949949026,-0.0020000000949949026
ga,48,9,20000,-0.0010000000474974513,-0.0010000000474974513
ga,48,10,22000,-0.0010000000474974513,-0.0010000000474974513
ga,48,11,24000,-0.0010000000474974513,-0.0010000000474974513
ga,48,12,26000,-0.0010000000474974513,-0.0010000000474974513
ga,48,13,28000,-0.0010000000474974513,-0.0010000000474974513
ga,48,14,30000,-0.0010000000474974513,-0.0010000000474974513
ga,48,15,32000,-0.0010000000474974513,-0.0010000000474974513
ga,48,16,34000,-0.0010000000474974513,-0.0010000000474974513
ga,48,17,36000,-0.0010000000474974513,-0.0010000000474974513
ga,48,18,38000,-0.0010000000474974513,-0.0010000000474974513
ga,48,19,40000,-0.0010000000474974513,-0.0010000000474974513
ga,48,20,42000,-0.0010000000474974513,-0.0010000000474974513
ga,48,21,44000,-0.0010000000474974513,-0.0010000000474974513
ga,48,22,46000,-0.0010000000474974513,-0.0010000000474974513
ga,48,23,48000,-0.0010000000474974513,-0.0010000000474974513
ga,48,24,50000,-0.0010000000474974513,-0.0010000000474974513
ga,48,25,52000,-0.0010000000474974513,-0.0010000000474974513
ga,48,26,54000,-0.0010000000474974513,-0.0010000000474974513
ga,48,27,56000,-0.0010000000474974513,-0.0010000000474974513
ga,48,28,58000,-0.0010000000474974513,-0.0010000000474974513
ga,48,29,60000,-0.0010000000474974513,-0.0010000000474974513
ga,48,30,62000,-0.0010000000474974513,-0.0010000000474974513
ga,48,31,64000,-0.0010000000474974513,-0.0010000000474974513
ga,48,32,66000,-0.0010000000474974513,-0.0010000000474974513
ga,48,33,68000,-0.0010000000474974513,-0.0010000000474974513
ga,48,34,70000,-0.0010000000474974513,-0.0010000000474974513
ga,48,35,72000,-0.0010000000474974513,-0.0010000000474974513
ga,48,36,74000,-0.0010000000474974513,-0.0010000000474974513
ga,48,37,76000,-0.0010000000474974513,-0.0010000000474974513
ga,48,38,78000,-0.0010000000474974513,-0.0010000000474974513
ga,48,39,80000,-0.0010000000474974513,-0.0010000000474974513
ga,48,40,82000,-0.0010000000474974513,-0.0010000000474974513
ga,48,41,84000,-0.0010000000474974513,-0.0010000000474974513
ga,48,42,86000,-0.0010000000474974513,-0.0010000000474974513
ga,48,43,88000,-0.0010000000474974513,-0.0010000000474974513
ga,48,44,90000,-0.0010000000474974513,-0.0010000000474974513
ga,48,45,92000,-0.0010000000474974513,-0.0010000000474974513
ga,48,46,94000,-0.0010000000474974513,-0.0010000000474974513
ga,48,47,96000,-0.0010000000474974513,-0.0010000000474974513
ga,48,48,98000,-0.0010000000474974513,-0.0010000000474974513
ga,48,49,100000,-0.0010000000474974513,-0.0010000000474974513
ga,48,50,102000,-0.0010000000474974513,-0.0010000000474974513
ga,48,51,104000,-0.0010000000474974513,-0.0010000000474974513
ga,48,52,106000,-0.0010000000474974513,-0.0010000000474974513
ga,48,53,108000,-0.0010000000474974513,-0.0010000000474974513
ga,48,54,110000,-0.0010000000474974513,-0.0010000000474974513
ga,48,55,112000,-0.0010000000474974513,-0.0010000000474974513
ga,48,56,114000,-0.0010000000474974513,-0.0010000000474974513
ga,48,57,116000,-0.0010000000474974513,-0.0010000000474974513
ga,48,58,118000,-0.0010000000474974513,-0.0010000000474974513
ga,48,59,120000,-0.0010000000474974513,-0.0010000000474974513
ga,48,60,122000,-0.0010000000474974513,-0.0010000000474974513
ga,48,61,124000,-0.0010000000474974513,-0.0010000000474974513
ga,48,62,126000,-0.0010000000474974513,-0.0010000000474974513
ga,48,63,128000,-0.0010000000474974513,-0.0010000000474974513
ga,48,64,130000,-0.0010000000474974513,-0.0010000000474974513
ga,48,65,132000,-0.0010000000474974513,-0.0010000000474974513
ga,48,66,134000,-0.0010000000474974513,-0.0010000000474974513
ga,48,67,136000,-0.0010000000474974513,-0.0010000000474974513
ga,48,68,138000,-0.0010000000474974513,-0.0010000000474974513
ga,48,69,140000,-0.0010000000474974513,-0.0010000000474974513
ga,48,70,142000,-0.0010000000474974513,-0.0010000000474974513
ga,48,71,144000,-0.0010000000474974513,-0.0010000000474974513
ga,48,72,146000,-0.0010000000474974513,-0.0010000000474974513
ga,48,73,148000,-0.0010000000474974513,-0.0010000000474974513
ga,48,74,150000,-0.0010000000474974513,-0.0010000000474974513
ga,48,75,152000,-0.0010000000474974513,-0.0010000000474974513
ga,48,76,154000,-0.0010000000474974513,-0.0010000000474974513
ga,48,77,156000,-0.0010000000474974513,-0.0010000000474974513
ga,48,78,158000,-0.0010000000474974513,-0.0010000000474974513
ga,48,79,160000,-0.0010000000474974513,-0.0010000000474974513
ga,48,80,162000,-0.0010000000474974513,-0.0010000000474974513
ga,48,81,164000,-0.0010000000474974513,-0.0010000000474974513
ga,48,82,166000,-0.0010000000474974513,-0.0010000000474974513
ga,48,83,168000,-0.0010000000474974513,-0.0010000000474974513
ga,48,84,170000,-0.0010000000474974513,-0.0010000000474974513
ga,48,85,172000,-0.0010000000474974513,-0.0010000000474974513
ga,48,86,174000,-0.0010000000474974513,-0.0010000000474974513
ga,48,87,176000,-0.0010000000474974513,-0.0010000000474974513
ga,48,88,178000,-0.0010000000474974513,-0.0010000000474974513
ga,48,89,180000,-0.0010000000474974513,-0.0010000000474974513
ga,48,90,182000,-0.0010000000474974513,-0.0010000000474974513
ga,48,91,184000,-0.0010000000474974513,-0.0010000000474974513
ga,48,92,186000,-0.0010000000474974513,-0.0010000000474974513
ga,48,93,188000,-0.0010000000474974513,-0.0010000000474974513
ga,48,94,190000,-0.0010000000474974513,-0.0010000000474974513
ga,48,95,192000,-0.0010000000474974513,-0.0010000000474974513
ga,48,96,194000,-0.0010000000474974513,-0.0010000000474974513
ga,48,97,196000,-0.0010000000474974513,-0.0010000000474974513
ga,48,98,198000,-0.0010000000474974513,-0.0010000000474974513
ga,48,99,200000,-0.0010000000474974513,-0.0010000000474974513
ga,49,0,2000,-6.002999782562256,-6.002999782562256
ga,49,1,4000,-6.002999782562256,-6.002999782562256
ga,49,2,6000,-0.004000000189989805,-0.004000000189989805
ga,49,3,8000,-0.004000000189989805,-0.004000000189989805
ga,49,4,10000,-0.004000000189989805,-0.004000000189989805
ga,49,5,12000,-0.004000000189989805,-0.004000000189989805
ga,49,6,14000,-0.004000000189989805,-0.004000000189989805
ga,49,7,16000,-0.004000000189989805,-0.004000000189989805
ga,49,8,18000,-0.004000000189989805,-0.004000000189989805
ga,49,9,20000,-0.004000000189989805,-0.004000000189989805
ga,49,10,22000,-0.004000000189989805,-0.004000000189989805
ga,49,11,24000,-0.004000000189989805,-0.004000000189989805
ga,49,12,26000,-0.003000000026077032,-0.003000000026077032
ga,49,13,28000,-0.003000000026077032,-0.003000000026077032
ga,49,14,30000,-0.003000000026077032,-0.003000000026077032
ga,49,15,32000,-0.003000000026077032,-0.003000000026077032
ga,49,16,34000,-0.003000000026077032,-0.003000000026077032
ga,49,17,36000,-0.003000000026077032,-0.003000000026077032
ga,49,18,38000,-0.003000000026077032,-0.003000000026077032
ga,49,19,40000,-0.0020000000949949026,-0.0020000000949949026
ga,49,20,42000,-0.0020000000949949026,-0.0020000000949949026
ga,49,21,44000,-0.0010000000474974513,-0.0010000000474974513
ga,49,22,46000,-0.0010000000474974513,-0.0010000000474974513
ga,49,23,48000,-0.0010000000474974513,-0.0010000000474974513
ga,49,24,50000,-0.0010000000474974513,-0.0010000000474974513
ga,49,25,52000,-0.0010000000474974513,-0.0010000000474974513
ga,49,26,54000,-0.0010000000474974513,-0.0010000000474974513
ga,49,27,56000,-0.0010000000474974513,-0.0010000000474974513
ga,49,28,58000,-0.0010000000474974513,-0.0010000000474974513
ga,49,29,60000,-0.0010000000474974513,-0.0010000000474974513
ga,49,30,62000,-0.0010000000474974513,-0.0010000000474974513
ga,49,31,64000,-0.0010000000474974513,-0.0010000000474974513
ga,49,32,66000,-0.0010000000474974513,-0.0010000000474974513
ga,49,33,68000,-0.0010000000474974513,-0.0010000000474974513
ga,49,34,70000,-0.0010000000474974513,-0.0010000000474974513
ga,49,35,72000,-0.0010000000474974513,-0.0010000000474974513
ga,49,36,74000,-0.0010000000474974513,-0.0010000000474974513
ga,49,37,76000,-0.0010000000474974513,-0.0010000000474974513
ga,49,38,78000,-0.0010000000474974513,-0.0010000000474974513
ga,49,39,80000,-0.0010000000474974513,-0.0010000000474974513
ga,49,40,82000,-0.0010000000474974513,-0.0010000000474974513
ga,49,41,84000,-0.0010000000474974513,-0.0010000000474974513
ga,49,42,86000,-0.0010000000474974513,-0.0010000000474974513
ga,49,43,88000,-0.0010000000474974513,-0.0010000000474974513
ga,49,44,90000,-0.0010000000474974513,-0.0010000000474974513
ga,49,45,92000,-0.0010000000474974513,-0.0010000000474974513
ga,49,46,94000,-0.0010000000474974513,-0.0010000000474974513
ga,49,47,96000,-0.0010000000474974513,-0.0010000000474974513
ga,49,48,98000,-0.0010000000474974513,-0.0010000000474974513
ga,49,49,100000,-0.0010000000474974513,-0.0010000000474974513
ga,49,50,102000,-0.0010000000474974513,-0.0010000000474974513
ga,49,51,104000,-0.0010000000474974513,-0.0010000000474974513
ga,49,52,106000,-0.0010000000474974513,-0.0010000000474974513
ga,49,53,108000,-0.0010000000474974513,-0.0010000000474974513
ga,49,54,110000,-0.0010000000474974513,-0.0010000000474974513
ga,49,55,112000,-0.0010000000474974513,-0.0010000000474974513
ga,49,56,114000,-0.0010000000474974513,-0.0010000000474974513
ga,49,57,116000,-0.0010000000474974513,-0.0010000000474974513
ga,49,58,118000,-0.0010000000474974513,-0.0010000000474974513
ga,49,59,120000,-0.0010000000474974513,-0.0010000000474974513
ga,49,60,122000,-0.0010000000474974513,-0.0010000000474974513
ga,49,61,124000,-0.0010000000474974513,-0.0010000000474974513
ga,49,62,126000,-0.0010000000474974513,-0.0010000000474974513
ga,49,63,128000,-0.0010000000474974513,-0.0010000000474974513
ga,49,64,130000,-0.0010000000474974513,-0.0010000000474974513
ga,49,65,132000,-0.0010000000474974513,-0.0010000000474974513
ga,49,66,134000,-0.0010000000474974513,-0.0010000000474974513
ga,49,67,136000,-0.0010000000474974513,-0.0010000000474974513
ga,49,68,138000,-0.0010000000474974513,-0.0010000000474974513
ga,49,69,140000,-0.0010000000474974513,-0.0010000000474974513
ga,49,70,142000,-0.0010000000474974513,-0.0010000000474974513
ga,49,71,144000,-0.0010000000474974513,-0.0010000000474974513
ga,49,72,146000,-0.0010000000474974513,-0.0010000000474974513
ga,49,73,148000,-0.0010000000474974513,-0.0010000000474974513
ga,49,74,150000,-0.0010000000474974513,-0.0010000000474974513
ga,49,75,152000,-0.0010000000474974513,-0.0010000000474974513
ga,49,76,154000,-0.0010000000474974513,-0.0010000000474974513
ga,49,77,156000,-0.0010000000474974513,-0.0010000000474974513
ga,49,78,158000,-0.0010000000474974513,-0.0010000000474974513
ga,49,79,160000,-0.0010000000474974513,-0.0010000000474974513
ga,49,80,162000,-0.0010000000474974513,-0.0010000000474974513
ga,49,81,164000,-0.0010000000474974513,-0.0010000000474974513
ga,49,82,166000,-0.0010000000474974513,-0.0010000000474974513
ga,49,83,168000,-0.0010000000474974513,-0.0010000000474974513
ga,49,84,170000,-0.0010000000474974513,-0.0010000000474974513
ga,49,85,172000,-0.0010000000474974513,-0.0010000000474974513
ga,49,86,174000,-0.0010000000474974513,-0.0010000000474974513
ga,49,87,176000,-0.0010000000474974513,-0.0010000000474974513
ga,49,88,178000,-0.0010000000474974513,-0.0010000000474974513
ga,49,89,180000,-0.0010000000474974513,-0.0010000000474974513
ga,49,90,182000,-0.0010000000474974513,-0.0010000000474974513
ga,49,91,184000,-0.0010000000474974513,-0.0010000000474974513
ga,49,92,186000,-0.0010000000474974513,-0.0010000000474974513
ga,49,93,188000,-0.0010000000474974513,-0.0010000000474974513
ga,49,94,190000,-0.0010000000474974513,-0.0010000000474974513
ga,49,95,192000,-0.0010000000474974513,-0.0010000000474974513
ga,49,96,194000,-0.0010000000474974513,-0.0010000000474974513
ga,49,97,196000,-0.0010000000474974513,-0.0010000000474974513
ga,49,98,198000,-0.0010000000474974513,-0.0010000000474974513
ga,49,99,200000,-0.0010000000474974513,-0.0010000000474974513
random_search,0,0,2000,-4.453999996185303,-4.453999996185303
random_search,0,1,4000,-4.453999996185303,-4.453999996185303
random_search,0,2,6000,-4.453999996185303,-4.453999996185303
random_search,0,3,8000,-4.453999996185303,-4.453999996185303
random_search,0,4,10000,-4.453999996185303,-4.453999996185303
random_search,0,5,12000,-4.453999996185303,-4.453999996185303
random_search,0,6,14000,-4.453999996185303,-4.453999996185303
random_search,0,7,16000,-4.453999996185303,-4.453999996185303
random_search,0,8,18000,-4.453999996185303,-4.453999996185303
random_search,0,9,20000,-4.453999996185303,-4.453999996185303
random_search,0,10,22000,-4.453999996185303,-4.453999996185303
random_search,0,11,24000,-4.453999996185303,-4.453999996185303
random_search,0,12,26000,-4.453999996185303,-4.453999996185303
random_search,0,13,28000,-4.453999996185303,-4.453999996185303
random_search,0,14,30000,-4.453999996185303,-4.453999996185303
random_search,0,15,32000,-4.453999996185303,-4.453999996185303
random_search,0,16,34000,-4.453999996185303,-4.453999996185303
random_search,0,17,36000,-4.453999996185303,-4.453999996185303
random_search,0,18,38000,-4.453999996185303,-4.453999996185303
random_search,0,19,40000,-4.453999996185303,-4.453999996185303
random_search,0,20,42000,-2.1029999256134033,-2.1029999256134033
random_search,0,21,44000,-2.1029999256134033,-2.1029999256134033
random_search,0,22,46000,-2.1029999256134033,-2.1029999256134033
random_search,0,23,48000,-2.1029999256134033,-2.1029999256134033
random_search,0,24,50000,-2.1029999256134033,-2.1029999256134033
random_search,0,25,52000,-2.1029999256134033,-2.1029999256134033
random_search,0,26,54000,-2.1029999256134033,-2.1029999256134033
random_search,0,27,56000,-2.1029999256134033,-2.1029999256134033
random_search,0,28,58000,-2.1029999256134033,-2.1029999256134033
random_search,0,29,60000,-2.1029999256134033,-2.1029999256134033
random_search,0,30,62000,-2.1029999256134033,-2.1029999256134033
random_search,0,31,64000,-2.1029999256134033,-2.1029999256134033
random_search,0,32,66000,-2.1029999256134033,-2.1029999256134033
random_search,0,33,68000,-2.1029999256134033,-2.1029999256134033
random_search,0,34,70000,-2.1029999256134033,-2.1029999256134033
random_search,0,35,72000,-2.1029999256134033,-2.1029999256134033
random_search,0,36,74000,-2.1029999256134033,-2.1029999256134033
random_search,0,37,76000,-2.1029999256134033,-2.1029999256134033
random_search,0,38,78000,-2.1029999256134033,-2.1029999256134033
random_search,0,39,80000,-2.1029999256134033,-2.1029999256134033
random_search,0,40,82000,-2.1029999256134033,-2.1029999256134033
random_search,0,41,84000,-2.1029999256134033,-2.1029999256134033
random_search,0,42,86000,-2.1029999256134033,-2.1029999256134033
random_search,0,43,88000,-2.1029999256134033,-2.1029999256134033
random_search,0,44,90000,-2.1029999256134033,-2.1029999256134033
random_search,0,45,92000,-2.1029999256134033,-2.1029999256134033
random_search,0,46,94000,-2.1029999256134033,-2.1029999256134033
random_search,0,47,96000,-2.1029999256134033,-2.1029999256134033
random_search,0,48,98000,-2.1029999256134033,-2.1029999256134033
random_search,0,49,100000,-2.1029999256134033,-2.1029999256134033
random_search,0,50,102000,-2.1029999256134033,-2.1029999256134033
random_search,0,51,104000,-2.1029999256134033,-2.1029999256134033
random_search,0,52,106000,-2.1029999256134033,-2.1029999256134033
random_search,0,53,108000,-2.1029999256134033,-2.1029999256134033
random_search,0,54,110000,-2.1029999256134033,-2.1029999256134033
random_search,0,55,112000,-2.1029999256134033,-2.1029999256134033
random_search,0,56,114000,-2.1029999256134033,-2.1029999256134033
random_search,0,57,116000,-2.1029999256134033,-2.1029999256134033
random_search,0,58,118000,-2.1029999256134033,-2.1029999256134033
random_search,0,59,120000,-2.1029999256134033,-2.1029999256134033
random_search,0,60,122000,-2.1029999256134033,-2.1029999256134033
random_search,0,61,124000,-2.1029999256134033,-2.1029999256134033
random_search,0,62,126000,-2.1029999256134033,-2.1029999256134033
random_search,0,63,128000,-2.1029999256134033,-2.1029999256134033
random_search,0,64,130000,-2.1029999256134033,-2.1029999256134033
random_search,0,65,132000,-2.1029999256134033,-2.1029999256134033
random_search,0,66,134000,-2.1029999256134033,-2.1029999256134033
random_search,0,67,136000,-2.1029999256134033,-2.1029999256134033
random_search,0,68,138000,-2.1029999256134033,-2.1029999256134033
random_search,0,69,140000,-2.1029999256134033,-2.1029999256134033
random_search,0,70,142000,-2.1029999256134033,-2.1029999256134033
random_search,0,71,144000,-1.8550000190734863,-1.8550000190734863
random_search,0,72,146000,-1.8550000190734863,-1.8550000190734863
random_search,0,73,148000,-1.8550000190734863,-1.8550000190734863
random_search,0,74,150000,-1.8550000190734863,-1.8550000190734863
random_search,0,75,152000,-1.8550000190734863,-1.8550000190734863
random_search,0,76,154000,-1.8550000190734863,-1.8550000190734863
random_search,0,77,156000,-1.8550000190734863,-1.8550000190734863
random_search,0,78,158000,-1.8550000190734863,-1.8550000190734863
random_search,0,79,160000,-1.8550000190734863,-1.8550000190734863
random_search,0,80,162000,-1.8550000190734863,-1.8550000190734863
random_search,0,81,164000,-1.8550000190734863,-1.8550000190734863
random_search,0,82,166000,-1.8550000190734863,-1.8550000190734863
random_search,0,83,168000,-1.8550000190734863,-1.8550000190734863
random_search,0,84,170000,-1.8550000190734863,-1.8550000190734863
random_search,0,85,172000,-1.8550000190734863,-1.8550000190734863
random_search,0,86,174000,-1.8550000190734863,-1.8550000190734863
random_search,0,87,176000,-1.8550000190734863,-1.8550000190734863
random_search,0,88,178000,-1.8550000190734863,-1.8550000190734863
random_search,0,89,180000,-1.8550000190734863,-1.8550000190734863
random_search,0,90,182000,-1.8550000190734863,-1.8550000190734863
random_search,0,91,184000,-1.8550000190734863,-1.8550000190734863
random_search,0,92,186000,-1.8550000190734863,-1.8550000190734863
random_search,0,93,188000,-1.8550000190734863,-1.8550000190734863
random_search,0,94,190000,-1.8550000190734863,-1.8550000190734863
random_search,0,95,192000,-1.8550000190734863,-1.8550000190734863
random_search,0,96,194000,-1.8550000190734863,-1.8550000190734863
random_search,0,97,196000,-1.8550000190734863,-1.8550000190734863
random_search,0,98,198000,-1.8550000190734863,-1.8550000190734863
random_search,0,99,200000,-1.8550000190734863,-1.8550000190734863
random_search,1,0,2000,-7.554999828338623,-7.554999828338623
random_search,1,1,4000,-5.252999782562256,-5.252999782562256
random_search,1,2,6000,-5.252999782562256,-5.252999782562256
random_search,1,3,8000,-5.252999782562256,-5.252999782562256
random_search,1,4,10000,-5.252999782562256,-5.252999782562256
random_search,1,5,12000,-5.252999782562256,-5.252999782562256
random_search,1,6,14000,-5.252999782562256,-5.252999782562256
random_search,1,7,16000,-5.252999782562256,-5.252999782562256
random_search,1,8,18000,-5.252999782562256,-5.252999782562256
random_search,1,9,20000,-5.252999782562256,-5.252999782562256
random_search,1,10,22000,-5.252999782562256,-5.252999782562256
random_search,1,11,24000,-5.252999782562256,-5.252999782562256
random_search,1,12,26000,-3.502000093460083,-3.502000093460083
random_search,1,13,28000,-3.502000093460083,-3.502000093460083
random_search,1,14,30000,-3.502000093460083,-3.502000093460083
random_search,1,15,32000,-3.502000093460083,-3.502000093460083
random_search,1,16,34000,-3.502000093460083,-3.502000093460083
random_search,1,17,36000,-3.502000093460083,-3.502000093460083
random_search,1,18,38000,-3.502000093460083,-3.502000093460083
random_search,1,19,40000,-3.502000093460083,-3.502000093460083
random_search,1,20,42000,-3.502000093460083,-3.502000093460083
random_search,1,21,44000,-3.502000093460083,-3.502000093460083
random_search,1,22,46000,-3.502000093460083,-3.502000093460083
random_search,1,23,48000,-3.502000093460083,-3.502000093460083
random_search,1,24,50000,-2.003999948501587,-2.003999948501587
random_search,1,25,52000,-2.003999948501587,-2.003999948501587
random_search,1,26,54000,-2.003999948501587,-2.003999948501587
random_search,1,27,56000,-2.003999948501587,-2.003999948501587
random_search,1,28,58000,-2.003999948501587,-2.003999948501587
random_search,1,29,60000,-2.003999948501587,-2.003999948501587
random_search,1,30,62000,-2.003999948501587,-2.003999948501587
random_search,1,31,64000,-2.003999948501587,-2.003999948501587
random_search,1,32,66000,-2.003999948501587,-2.003999948501587
random_search,1,33,68000,-2.003999948501587,-2.003999948501587
random_search,1,34,70000,-2.003999948501587,-2.003999948501587
random_search,1,35,72000,-2.003999948501587,-2.003999948501587
random_search,1,36,74000,-2.003999948501587,-2.003999948501587
random_search,1,37,76000,-2.003999948501587,-2.003999948501587
random_search,1,38,78000,-2.003999948501587,-2.003999948501587
random_search,1,39,80000,-2.003999948501587,-2.003999948501587
random_search,1,40,82000,-2.003999948501587,-2.003999948501587
random_search,1,41,84000,-2.003999948501587,-2.003999948501587
random_search,1,42,86000,-2.003999948501587,-2.003999948501587
random_search,1,43,88000,-2.003999948501587,-2.003999948501587
random_search,1,44,90000,-2.003999948501587,-2.003999948501587
random_search,1,45,92000,-2.003999948501587,-2.003999948501587
random_search,1,46,94000,-2.003999948501587,-2.003999948501587
random_search,1,47,96000,-2.003999948501587,-2.003999948501587
random_search,1,48,98000,-2.003999948501587,-2.003999948501587
random_search,1,49,100000,-2.003999948501587,-2.003999948501587
random_search,1,50,102000,-2.003999948501587,-2.003999948501587
random_search,1,51,104000,-2.003999948501587,-2.003999948501587
random_search,1,52,106000,-2.003999948501587,-2.003999948501587
random_search,1,53,108000,-2.003999948501587,-2.003999948501587
random_search,1,54,110000,-2.003999948501587,-2.003999948501587
random_search,1,55,112000,-2.003999948501587,-2.003999948501587
random_search,1,56,114000,-2.003999948501587,-2.003999948501587
random_search,1,57,116000,-2.003999948501587,-2.003999948501587
random_search,1,58,118000,-2.003999948501587,-2.003999948501587
random_search,1,59,120000,-2.003999948501587,-2.003999948501587
random_search,1,60,122000,-2.003999948501587,-2.003999948501587
random_search,1,61,124000,-2.003999948501587,-2.003999948501587
random_search,1,62,126000,-2.003999948501587,-2.003999948501587
random_search,1,63,128000,-2.003999948501587,-2.003999948501587
random_search,1,64,130000,-2.003999948501587,-2.003999948501587
random_search,1,65,132000,-2.003999948501587,-2.003999948501587
random_search,1,66,134000,-2.003999948501587,-2.003999948501587
random_search,1,67,136000,-2.003999948501587,-2.003999948501587
random_search,1,68,138000,-2.003999948501587,-2.003999948501587
random_search,1,69,140000,-2.003999948501587,-2.003999948501587
random_search,1,70,142000,-2.003999948501587,-2.003999948501587
random_search,1,71,144000,-2.003999948501587,-2.003999948501587
random_search,1,72,146000,-2.003999948501587,-2.003999948501587
random_search,1,73,148000,-2.003999948501587,-2.003999948501587
random_search,1,74,150000,-2.003999948501587,-2.003999948501587
random_search,1,75,152000,-2.003999948501587,-2.003999948501587
random_search,1,76,154000,-2.003999948501587,-2.003999948501587
random_search,1,77,156000,-2.003999948501587,-2.003999948501587
random_search,1,78,158000,-2.003999948501587,-2.003999948501587
random_search,1,79,160000,-2.003999948501587,-2.003999948501587
random_search,1,80,162000,-2.003999948501587,-2.003999948501587
random_search,1,81,164000,-2.003999948501587,-2.003999948501587
random_search,1,82,166000,-2.003999948501587,-2.003999948501587
random_search,1,83,168000,-2.003999948501587,-2.003999948501587
random_search,1,84,170000,-2.003999948501587,-2.003999948501587
random_search,1,85,172000,-2.003999948501587,-2.003999948501587
random_search,1,86,174000,-2.003999948501587,-2.003999948501587
random_search,1,87,176000,-2.003999948501587,-2.003999948501587
random_search,1,88,178000,-2.003999948501587,-2.003999948501587
random_search,1,89,180000,-2.003999948501587,-2.003999948501587
random_search,1,90,182000,-2.003999948501587,-2.003999948501587
random_search,1,91,184000,-2.003999948501587,-2.003999948501587
random_search,1,92,186000,-2.003999948501587,-2.003999948501587
random_search,1,93,188000,-2.003999948501587,-2.003999948501587
random_search,1,94,190000,-2.003999948501587,-2.003999948501587
random_search,1,95,192000,-2.003999948501587,-2.003999948501587
random_search,1,96,194000,-2.003999948501587,-2.003999948501587
random_search,1,97,196000,-2.003999948501587,-2.003999948501587
random_search,1,98,198000,-2.003999948501587,-2.003999948501587
random_search,1,99,200000,-2.003999948501587,-2.003999948501587
random_search,2,0,2000,-7.75600004196167,-7.75600004196167
random_search,2,1,4000,-7.75600004196167,-7.75600004196167
random_search,2,2,6000,-5.302999973297119,-5.302999973297119
random_search,2,3,8000,-5.302999973297119,-5.302999973297119
random_search,2,4,10000,-5.302999973297119,-5.302999973297119
random_search,2,5,12000,-5.302000045776367,-5.302000045776367
random_search,2,6,14000,-5.302000045776367,-5.302000045776367
random_search,2,7,16000,-5.302000045776367,-5.302000045776367
random_search,2,8,18000,-5.302000045776367,-5.302000045776367
random_search,2,9,20000,-5.302000045776367,-5.302000045776367
random_search,2,10,22000,-5.302000045776367,-5.302000045776367
random_search,2,11,24000,-5.302000045776367,-5.302000045776367
random_search,2,12,26000,-5.302000045776367,-5.302000045776367
random_search,2,13,28000,-5.302000045776367,-5.302000045776367
random_search,2,14,30000,-5.302000045776367,-5.302000045776367
random_search,2,15,32000,-5.302000045776367,-5.302000045776367
random_search,2,16,34000,-5.302000045776367,-5.302000045776367
random_search,2,17,36000,-5.302000045776367,-5.302000045776367
random_search,2,18,38000,-4.853000164031982,-4.853000164031982
random_search,2,19,40000,-4.203000068664551,-4.203000068664551
random_search,2,20,42000,-4.203000068664551,-4.203000068664551
random_search,2,21,44000,-4.203000068664551,-4.203000068664551
random_search,2,22,46000,-4.203000068664551,-4.203000068664551
random_search,2,23,48000,-4.203000068664551,-4.203000068664551
random_search,2,24,50000,-4.203000068664551,-4.203000068664551
random_search,2,25,52000,-4.203000068664551,-4.203000068664551
random_search,2,26,54000,-4.203000068664551,-4.203000068664551
random_search,2,27,56000,-4.203000068664551,-4.203000068664551
random_search,2,28,58000,-4.203000068664551,-4.203000068664551
random_search,2,29,60000,-4.203000068664551,-4.203000068664551
random_search,2,30,62000,-4.203000068664551,-4.203000068664551
random_search,2,31,64000,-4.203000068664551,-4.203000068664551
random_search,2,32,66000,-4.203000068664551,-4.203000068664551
random_search,2,33,68000,-4.203000068664551,-4.203000068664551
random_search,2,34,70000,-4.203000068664551,-4.203000068664551
random_search,2,35,72000,-4.203000068664551,-4.203000068664551
random_search,2,36,74000,-4.203000068664551,-4.203000068664551
random_search,2,37,76000,-4.203000068664551,-4.203000068664551
random_search,2,38,78000,-4.203000068664551,-4.203000068664551
random_search,2,39,80000,-4.203000068664551,-4.203000068664551
random_search,2,40,82000,-4.203000068664551,-4.203000068664551
random_search,2,41,84000,-4.203000068664551,-4.203000068664551
random_search,2,42,86000,-4.203000068664551,-4.203000068664551
random_search,2,43,88000,-4.203000068664551,-4.203000068664551
random_search,2,44,90000,-4.203000068664551,-4.203000068664551
random_search,2,45,92000,-4.203000068664551,-4.203000068664551
random_search,2,46,94000,-4.203000068664551,-4.203000068664551
random_search,2,47,96000,-4.203000068664551,-4.203000068664551
random_search,2,48,98000,-4.203000068664551,-4.203000068664551
random_search,2,49,100000,-4.203000068664551,-4.203000068664551
random_search,2,50,102000,-4.203000068664551,-4.203000068664551
random_search,2,51,104000,-4.203000068664551,-4.203000068664551
random_search,2,52,106000,-4.051000118255615,-4.051000118255615
random_search,2,53,108000,-4.000999927520752,-4.000999927520752
random_search,2,54,110000,-2.1510000228881836,-2.1510000228881836
random_search,2,55,112000,-2.1510000228881836,-2.1510000228881836
random_search,2,56,114000,-2.1510000228881836,-2.1510000228881836
random_search,2,57,116000,-2.1510000228881836,-2.1510000228881836
random_search,2,58,118000,-2.1510000228881836,-2.1510000228881836
random_search,2,59,120000,-2.1510000228881836,-2.1510000228881836
random_search,2,60,122000,-2.1510000228881836,-2.1510000228881836
random_search,2,61,124000,-2.1510000228881836,-2.1510000228881836
random_search,2,62,126000,-2.1510000228881836,-2.1510000228881836
random_search,2,63,128000,-2.1510000228881836,-2.1510000228881836
random_search,2,64,130000,-2.1510000228881836,-2.1510000228881836
random_search,2,65,132000,-2.1510000228881836,-2.1510000228881836
random_search,2,66,134000,-2.1510000228881836,-2.1510000228881836
random_search,2,67,136000,-2.1510000228881836,-2.1510000228881836
random_search,2,68,138000,-2.1510000228881836,-2.1510000228881836
random_search,2,69,140000,-2.1510000228881836,-2.1510000228881836
random_search,2,70,142000,-2.1510000228881836,-2.1510000228881836
random_search,2,71,144000,-2.1510000228881836,-2.1510000228881836
random_search,2,72,146000,-2.1510000228881836,-2.1510000228881836
random_search,2,73,148000,-2.1510000228881836,-2.1510000228881836
random_search,2,74,150000,-2.1510000228881836,-2.1510000228881836
random_search,2,75,152000,-2.1510000228881836,-2.1510000228881836
random_search,2,76,154000,-2.1510000228881836,-2.1510000228881836
random_search,2,77,156000,-2.1510000228881836,-2.1510000228881836
random_search,2,78,158000,-2.1510000228881836,-2.1510000228881836
random_search,2,79,160000,-2.1510000228881836,-2.1510000228881836
random_search,2,80,162000,-2.1510000228881836,-2.1510000228881836
random_search,2,81,164000,-2.1510000228881836,-2.1510000228881836
random_search,2,82,166000,-2.1510000228881836,-2.1510000228881836
random_search,2,83,168000,-2.1510000228881836,-2.1510000228881836
random_search,2,84,170000,-2.1510000228881836,-2.1510000228881836
random_search,2,85,172000,-2.1510000228881836,-2.1510000228881836
random_search,2,86,174000,-2.1510000228881836,-2.1510000228881836
random_search,2,87,176000,-2.1510000228881836,-2.1510000228881836
random_search,2,88,178000,-2.1510000228881836,-2.1510000228881836
random_search,2,89,180000,-2.1510000228881836,-2.1510000228881836
random_search,2,90,182000,-2.1510000228881836,-2.1510000228881836
random_search,2,91,184000,-2.003000020980835,-2.003000020980835
random_search,2,92,186000,-2.003000020980835,-2.003000020980835
random_search,2,93,188000,-2.003000020980835,-2.003000020980835
random_search,2,94,190000,-2.003000020980835,-2.003000020980835
random_search,2,95,192000,-2.003000020980835,-2.003000020980835
random_search,2,96,194000,-2.003000020980835,-2.003000020980835
random_search,2,97,196000,-2.003000020980835,-2.003000020980835
random_search,2,98,198000,-2.003000020980835,-2.003000020980835
random_search,2,99,200000,-2.003000020980835,-2.003000020980835
random_search,3,0,2000,-9.503999710083008,-9.503999710083008
random_search,3,1,4000,-4.802000045776367,-4.802000045776367
random_search,3,2,6000,-2.302000045776367,-2.302000045776367
random_search,3,3,8000,-2.302000045776367,-2.302000045776367
random_search,3,4,10000,-2.302000045776367,-2.302000045776367
random_search,3,5,12000,-2.302000045776367,-2.302000045776367
random_search,3,6,14000,-2.302000045776367,-2.302000045776367
random_search,3,7,16000,-2.302000045776367,-2.302000045776367
random_search,3,8,18000,-2.302000045776367,-2.302000045776367
random_search,3,9,20000,-2.302000045776367,-2.302000045776367
random_search,3,10,22000,-2.302000045776367,-2.302000045776367
random_search,3,11,24000,-2.302000045776367,-2.302000045776367
random_search,3,12,26000,-2.302000045776367,-2.302000045776367
random_search,3,13,28000,-2.302000045776367,-2.302000045776367
random_search,3,14,30000,-2.302000045776367,-2.302000045776367
random_search,3,15,32000,-2.302000045776367,-2.302000045776367
random_search,3,16,34000,-2.302000045776367,-2.302000045776367
random_search,3,17,36000,-2.302000045776367,-2.302000045776367
random_search,3,18,38000,-2.302000045776367,-2.302000045776367
random_search,3,19,40000,-2.302000045776367,-2.302000045776367
random_search,3,20,42000,-2.302000045776367,-2.302000045776367
random_search,3,21,44000,-2.302000045776367,-2.302000045776367
random_search,3,22,46000,-2.302000045776367,-2.302000045776367
random_search,3,23,48000,-2.302000045776367,-2.302000045776367
random_search,3,24,50000,-2.302000045776367,-2.302000045776367
random_search,3,25,52000,-2.302000045776367,-2.302000045776367
random_search,3,26,54000,-2.302000045776367,-2.302000045776367
random_search,3,27,56000,-2.302000045776367,-2.302000045776367
random_search,3,28,58000,-2.302000045776367,-2.302000045776367
random_search,3,29,60000,-2.302000045776367,-2.302000045776367
random_search,3,30,62000,-2.302000045776367,-2.302000045776367
random_search,3,31,64000,-2.302000045776367,-2.302000045776367
random_search,3,32,66000,-2.302000045776367,-2.302000045776367
random_search,3,33,68000,-2.302000045776367,-2.302000045776367
random_search,3,34,70000,-2.302000045776367,-2.302000045776367
random_search,3,35,72000,-2.302000045776367,-2.302000045776367
random_search,3,36,74000,-2.302000045776367,-2.302000045776367
random_search,3,37,76000,-2.302000045776367,-2.302000045776367
random_search,3,38,78000,-2.302000045776367,-2.302000045776367
random_search,3,39,80000,-2.302000045776367,-2.302000045776367
random_search,3,40,82000,-2.302000045776367,-2.302000045776367
random_search,3,41,84000,-2.302000045776367,-2.302000045776367
random_search,3,42,86000,-2.302000045776367,-2.302000045776367
random_search,3,43,88000,-2.302000045776367,-2.302000045776367
random_search,3,44,90000,-2.302000045776367,-2.302000045776367
random_search,3,45,92000,-2.302000045776367,-2.302000045776367
random_search,3,46,94000,-2.302000045776367,-2.302000045776367
random_search,3,47,96000,-2.302000045776367,-2.302000045776367
random_search,3,48,98000,-2.302000045776367,-2.302000045776367
random_search,3,49,100000,-2.302000045776367,-2.302000045776367
random_search,3,50,102000,-2.302000045776367,-2.302000045776367
random_search,3,51,104000,-1.7009999752044678,-1.7009999752044678
random_search,3,52,106000,-1.7009999752044678,-1.7009999752044678
random_search,3,53,108000,-1.7009999752044678,-1.7009999752044678
random_search,3,54,110000,-1.7009999752044678,-1.7009999752044678
random_search,3,55,112000,-1.7009999752044678,-1.7009999752044678
random_search,3,56,114000,-1.7009999752044678,-1.7009999752044678
random_search,3,57,116000,-1.7009999752044678,-1.7009999752044678
random_search,3,58,118000,-1.7009999752044678,-1.7009999752044678
random_search,3,59,120000,-1.7009999752044678,-1.7009999752044678
random_search,3,60,122000,-1.7009999752044678,-1.7009999752044678
random_search,3,61,124000,-1.7009999752044678,-1.7009999752044678
random_search,3,62,126000,-1.7009999752044678,-1.7009999752044678
random_search,3,63,128000,-1.7009999752044678,-1.7009999752044678
random_search,3,64,130000,-1.7009999752044678,-1.7009999752044678
random_search,3,65,132000,-1.7009999752044678,-1.7009999752044678
random_search,3,66,134000,-1.7009999752044678,-1.7009999752044678
random_search,3,67,136000,-1.7009999752044678,-1.7009999752044678
random_search,3,68,138000,-1.7009999752044678,-1.7009999752044678
random_search,3,69,140000,-1.7009999752044678,-1.7009999752044678
random_search,3,70,142000,-1.7009999752044678,-1.7009999752044678
random_search,3,71,144000,-1.7009999752044678,-1.7009999752044678
random_search,3,72,146000,-1.7009999752044678,-1.7009999752044678
random_search,3,73,148000,-1.7009999752044678,-1.7009999752044678
random_search,3,74,150000,-1.7009999752044678,-1.7009999752044678
random_search,3,75,152000,-1.7009999752044678,-1.7009999752044678
random_search,3,76,154000,-1.7009999752044678,-1.7009999752044678
random_search,3,77,156000,-1.7009999752044678,-1.7009999752044678
random_search,3,78,158000,-1.7009999752044678,-1.7009999752044678
random_search,3,79,160000,-1.7009999752044678,-1.7009999752044678
random_search,3,80,162000,-1.7009999752044678,-1.7009999752044678
random_search,3,81,164000,-1.7009999752044678,-1.7009999752044678
random_search,3,82,166000,-1.7009999752044678,-1.7009999752044678
random_search,3,83,168000,-1.7009999752044678,-1.7009999752044678
random_search,3,84,170000,-1.7009999752044678,-1.7009999752044678
random_search,3,85,172000,-1.7009999752044678,-1.7009999752044678
random_search,3,86,174000,-1.7009999752044678,-1.7009999752044678
random_search,3,87,176000,-1.7009999752044678,-1.7009999752044678
random_search,3,88,178000,-1.7009999752044678,-1.7009999752044678
random_search,3,89,180000,-1.7009999752044678,-1.7009999752044678
random_search,3,90,182000,-1.7009999752044678,-1.7009999752044678
random_search,3,91,184000,-1.7009999752044678,-1.7009999752044678
random_search,3,92,186000,-1.7009999752044678,-1.7009999752044678
random_search,3,93,188000,-1.7009999752044678,-1.7009999752044678
random_search,3,94,190000,-1.7009999752044678,-1.7009999752044678
random_search,3,95,192000,-1.7009999752044678,-1.7009999752044678
random_search,3,96,194000,-1.7009999752044678,-1.7009999752044678
random_search,3,97,196000,-1.7009999752044678,-1.7009999752044678
random_search,3,98,198000,-1.7009999752044678,-1.7009999752044678
random_search,3,99,200000,-1.7009999752044678,-1.7009999752044678
random_search,4,0,2000,-5.302000045776367,-5.302000045776367
random_search,4,1,4000,-5.1020002365112305,-5.1020002365112305
random_search,4,2,6000,-5.1020002365112305,-5.1020002365112305
random_search,4,3,8000,-5.1020002365112305,-5.1020002365112305
random_search,4,4,10000,-5.1020002365112305,-5.1020002365112305
random_search,4,5,12000,-3.3010001182556152,-3.3010001182556152
random_search,4,6,14000,-3.3010001182556152,-3.3010001182556152
random_search,4,7,16000,-3.3010001182556152,-3.3010001182556152
random_search,4,8,18000,-3.3010001182556152,-3.3010001182556152
random_search,4,9,20000,-3.3010001182556152,-3.3010001182556152
random_search,4,10,22000,-3.3010001182556152,-3.3010001182556152
random_search,4,11,24000,-3.3010001182556152,-3.3010001182556152
random_search,4,12,26000,-3.3010001182556152,-3.3010001182556152
random_search,4,13,28000,-3.3010001182556152,-3.3010001182556152
random_search,4,14,30000,-3.3010001182556152,-3.3010001182556152
random_search,4,15,32000,-3.3010001182556152,-3.3010001182556152
random_search,4,16,34000,-3.3010001182556152,-3.3010001182556152
random_search,4,17,36000,-3.3010001182556152,-3.3010001182556152
random_search,4,18,38000,-3.3010001182556152,-3.3010001182556152
random_search,4,19,40000,-3.3010001182556152,-3.3010001182556152
random_search,4,20,42000,-3.3010001182556152,-3.3010001182556152
random_search,4,21,44000,-3.3010001182556152,-3.3010001182556152
random_search,4,22,46000,-3.3010001182556152,-3.3010001182556152
random_search,4,23,48000,-3.3010001182556152,-3.3010001182556152
random_search,4,24,50000,-3.3010001182556152,-3.3010001182556152
random_search,4,25,52000,-3.3010001182556152,-3.3010001182556152
random_search,4,26,54000,-3.3010001182556152,-3.3010001182556152
random_search,4,27,56000,-3.3010001182556152,-3.3010001182556152
random_search,4,28,58000,-3.3010001182556152,-3.3010001182556152
random_search,4,29,60000,-3.3010001182556152,-3.3010001182556152
random_search,4,30,62000,-3.3010001182556152,-3.3010001182556152
random_search,4,31,64000,-3.3010001182556152,-3.3010001182556152
random_search,4,32,66000,-3.3010001182556152,-3.3010001182556152
random_search,4,33,68000,-3.3010001182556152,-3.3010001182556152
random_search,4,34,70000,-3.3010001182556152,-3.3010001182556152
random_search,4,35,72000,-3.3010001182556152,-3.3010001182556152
random_search,4,36,74000,-3.3010001182556152,-3.3010001182556152
random_search,4,37,76000,-3.3010001182556152,-3.3010001182556152
random_search,4,38,78000,-3.3010001182556152,-3.3010001182556152
random_search,4,39,80000,-3.3010001182556152,-3.3010001182556152
random_search,4,40,82000,-3.2019999027252197,-3.2019999027252197
random_search,4,41,84000,-3.2019999027252197,-3.2019999027252197
random_search,4,42,86000,-3.2019999027252197,-3.2019999027252197
random_search,4,43,88000,-3.2019999027252197,-3.2019999027252197
random_search,4,44,90000,-3.2019999027252197,-3.2019999027252197
random_search,4,45,92000,-3.2019999027252197,-3.2019999027252197
random_search,4,46,94000,-3.2019999027252197,-3.2019999027252197
random_search,4,47,96000,-3.2019999027252197,-3.2019999027252197
random_search,4,48,98000,-3.2019999027252197,-3.2019999027252197
random_search,4,49,100000,-3.2019999027252197,-3.2019999027252197
random_search,4,50,102000,-3.2019999027252197,-3.2019999027252197
random_search,4,51,104000,-3.2019999027252197,-3.2019999027252197
random_search,4,52,106000,-3.2019999027252197,-3.2019999027252197
random_search,4,53,108000,-3.2019999027252197,-3.2019999027252197
random_search,4,54,110000,-3.2019999027252197,-3.2019999027252197
random_search,4,55,112000,-3.2019999027252197,-3.2019999027252197
random_search,4,56,114000,-3.2019999027252197,-3.2019999027252197
random_search,4,57,116000,-3.2019999027252197,-3.2019999027252197
random_search,4,58,118000,-3.2019999027252197,-3.2019999027252197
random_search,4,59,120000,-3.2019999027252197,-3.2019999027252197
random_search,4,60,122000,-3.2019999027252197,-3.2019999027252197
random_search,4,61,124000,-3.2019999027252197,-3.2019999027252197
random_search,4,62,126000,-3.2019999027252197,-3.2019999027252197
random_search,4,63,128000,-3.2019999027252197,-3.2019999027252197
random_search,4,64,130000,-3.2019999027252197,-3.2019999027252197
random_search,4,65,132000,-3.2019999027252197,-3.2019999027252197
random_search,4,66,134000,-3.2019999027252197,-3.2019999027252197
random_search,4,67,136000,-3.2019999027252197,-3.2019999027252197
random_search,4,68,138000,-3.2019999027252197,-3.2019999027252197
random_search,4,69,140000,-3.2019999027252197,-3.2019999027252197
random_search,4,70,142000,-3.2019999027252197,-3.2019999027252197
random_search,4,71,144000,-3.2019999027252197,-3.2019999027252197
random_search,4,72,146000,-3.2019999027252197,-3.2019999027252197
random_search,4,73,148000,-3.2019999027252197,-3.2019999027252197
random_search,4,74,150000,-3.2019999027252197,-3.2019999027252197
random_search,4,75,152000,-2.6559998989105225,-2.6559998989105225
random_search,4,76,154000,-2.6559998989105225,-2.6559998989105225
random_search,4,77,156000,-2.6559998989105225,-2.6559998989105225
random_search,4,78,158000,-2.6559998989105225,-2.6559998989105225
random_search,4,79,160000,-2.6559998989105225,-2.6559998989105225
random_search,4,80,162000,-2.6559998989105225,-2.6559998989105225
random_search,4,81,164000,-2.6559998989105225,-2.6559998989105225
random_search,4,82,166000,-2.6559998989105225,-2.6559998989105225
random_search,4,83,168000,-2.302999973297119,-2.302999973297119
random_search,4,84,170000,-2.302999973297119,-2.302999973297119
random_search,4,85,172000,-2.302999973297119,-2.302999973297119
random_search,4,86,174000,-2.302999973297119,-2.302999973297119
random_search,4,87,176000,-2.302999973297119,-2.302999973297119
random_search,4,88,178000,-2.302999973297119,-2.302999973297119
random_search,4,89,180000,-2.302999973297119,-2.302999973297119
random_search,4,90,182000,-2.302999973297119,-2.302999973297119
random_search,4,91,184000,-2.302999973297119,-2.302999973297119
random_search,4,92,186000,-2.302999973297119,-2.302999973297119
random_search,4,93,188000,-2.302999973297119,-2.302999973297119
random_search,4,94,190000,-2.302999973297119,-2.302999973297119
random_search,4,95,192000,-2.302999973297119,-2.302999973297119
random_search,4,96,194000,-2.302999973297119,-2.302999973297119
random_search,4,97,196000,-2.302999973297119,-2.302999973297119
random_search,4,98,198000,-2.302999973297119,-2.302999973297119
random_search,4,99,200000,-2.302999973297119,-2.302999973297119
random_search,5,0,2000,-7.801000118255615,-7.801000118255615
random_search,5,1,4000,-2.805000066757202,-2.805000066757202
random_search,5,2,6000,-2.805000066757202,-2.805000066757202
random_search,5,3,8000,-2.805000066757202,-2.805000066757202
random_search,5,4,10000,-2.805000066757202,-2.805000066757202
random_search,5,5,12000,-2.805000066757202,-2.805000066757202
random_search,5,6,14000,-2.805000066757202,-2.805000066757202
random_search,5,7,16000,-2.805000066757202,-2.805000066757202
random_search,5,8,18000,-2.805000066757202,-2.805000066757202
random_search,5,9,20000,-2.805000066757202,-2.805000066757202
random_search,5,10,22000,-2.6050000190734863,-2.6050000190734863
random_search,5,11,24000,-2.6050000190734863,-2.6050000190734863
random_search,5,12,26000,-2.6050000190734863,-2.6050000190734863
random_search,5,13,28000,-2.6050000190734863,-2.6050000190734863
random_search,5,14,30000,-2.6050000190734863,-2.6050000190734863
random_search,5,15,32000,-2.6050000190734863,-2.6050000190734863
random_search,5,16,34000,-2.6050000190734863,-2.6050000190734863
random_search,5,17,36000,-2.6050000190734863,-2.6050000190734863
random_search,5,18,38000,-2.6050000190734863,-2.6050000190734863
random_search,5,19,40000,-2.6050000190734863,-2.6050000190734863
random_search,5,20,42000,-2.6050000190734863,-2.6050000190734863
random_search,5,21,44000,-2.6050000190734863,-2.6050000190734863
random_search,5,22,46000,-2.6050000190734863,-2.6050000190734863
random_search,5,23,48000,-2.6050000190734863,-2.6050000190734863
random_search,5,24,50000,-2.6050000190734863,-2.6050000190734863
random_search,5,25,52000,-2.6050000190734863,-2.6050000190734863
random_search,5,26,54000,-2.6050000190734863,-2.6050000190734863
random_search,5,27,56000,-2.6050000190734863,-2.6050000190734863
random_search,5,28,58000,-2.6050000190734863,-2.6050000190734863
random_search,5,29,60000,-2.6050000190734863,-2.6050000190734863
random_search,5,30,62000,-2.6050000190734863,-2.6050000190734863
random_search,5,31,64000,-2.6050000190734863,-2.6050000190734863
random_search,5,32,66000,-2.6050000190734863,-2.6050000190734863
random_search,5,33,68000,-2.6050000190734863,-2.6050000190734863
random_search,5,34,70000,-2.6050000190734863,-2.6050000190734863
random_search,5,35,72000,-2.6050000190734863,-2.6050000190734863
random_search,5,36,74000,-2.6050000190734863,-2.6050000190734863
random_search,5,37,76000,-2.6050000190734863,-2.6050000190734863
random_search,5,38,78000,-2.6050000190734863,-2.6050000190734863
random_search,5,39,80000,-2.6050000190734863,-2.6050000190734863
random_search,5,40,82000,-2.6050000190734863,-2.6050000190734863
random_search,5,41,84000,-2.6050000190734863,-2.6050000190734863
random_search,5,42,86000,-2.6050000190734863,-2.6050000190734863
random_search,5,43,88000,-2.6050000190734863,-2.6050000190734863
random_search,5,44,90000,-2.6050000190734863,-2.6050000190734863
random_search,5,45,92000,-2.6050000190734863,-2.6050000190734863
random_search,5,46,94000,-2.6050000190734863,-2.6050000190734863
random_search,5,47,96000,-2.6050000190734863,-2.6050000190734863
random_search,5,48,98000,-2.6050000190734863,-2.6050000190734863
random_search,5,49,100000,-2.6050000190734863,-2.6050000190734863
random_search,5,50,102000,-2.6050000190734863,-2.6050000190734863
random_search,5,51,104000,-2.6050000190734863,-2.6050000190734863
random_search,5,52,106000,-2.6050000190734863,-2.6050000190734863
random_search,5,53,108000,-2.6050000190734863,-2.6050000190734863
random_search,5,54,110000,-2.6050000190734863,-2.6050000190734863
random_search,5,55,112000,-2.6050000190734863,-2.6050000190734863
random_search,5,56,114000,-2.6050000190734863,-2.6050000190734863
random_search,5,57,116000,-2.6050000190734863,-2.6050000190734863
random_search,5,58,118000,-2.6050000190734863,-2.6050000190734863
random_search,5,59,120000,-2.6050000190734863,-2.6050000190734863
random_search,5,60,122000,-2.6050000190734863,-2.6050000190734863
random_search,5,61,124000,-2.6050000190734863,-2.6050000190734863
random_search,5,62,126000,-2.6050000190734863,-2.6050000190734863
random_search,5,63,128000,-2.6050000190734863,-2.6050000190734863
random_search,5,64,130000,-2.6050000190734863,-2.6050000190734863
random_search,5,65,132000,-2.6050000190734863,-2.6050000190734863
random_search,5,66,134000,-2.6050000190734863,-2.6050000190734863
random_search,5,67,136000,-2.6050000190734863,-2.6050000190734863
random_search,5,68,138000,-2.6050000190734863,-2.6050000190734863
random_search,5,69,140000,-2.6050000190734863,-2.6050000190734863
random_search,5,70,142000,-2.3010001182556152,-2.3010001182556152
random_search,5,71,144000,-2.3010001182556152,-2.3010001182556152
random_search,5,72,146000,-2.3010001182556152,-2.3010001182556152
random_search,5,73,148000,-2.3010001182556152,-2.3010001182556152
random_search,5,74,150000,-2.3010001182556152,-2.3010001182556152
random_search,5,75,152000,-2.3010001182556152,-2.3010001182556152
random_search,5,76,154000,-2.3010001182556152,-2.3010001182556152
random_search,5,77,156000,-2.3010001182556152,-2.3010001182556152
random_search,5,78,158000,-2.3010001182556152,-2.3010001182556152
random_search,5,79,160000,-2.3010001182556152,-2.3010001182556152
random_search,5,80,162000,-2.3010001182556152,-2.3010001182556152
random_search,5,81,164000,-2.3010001182556152,-2.3010001182556152
random_search,5,82,166000,-2.3010001182556152,-2.3010001182556152
random_search,5,83,168000,-2.3010001182556152,-2.3010001182556152
random_search,5,84,170000,-2.3010001182556152,-2.3010001182556152
random_search,5,85,172000,-2.3010001182556152,-2.3010001182556152
random_search,5,86,174000,-2.3010001182556152,-2.3010001182556152
random_search,5,87,176000,-2.3010001182556152,-2.3010001182556152
random_search,5,88,178000,-2.3010001182556152,-2.3010001182556152
random_search,5,89,180000,-2.3010001182556152,-2.3010001182556152
random_search,5,90,182000,-2.3010001182556152,-2.3010001182556152
random_search,5,91,184000,-2.3010001182556152,-2.3010001182556152
random_search,5,92,186000,-2.3010001182556152,-2.3010001182556152
random_search,5,93,188000,-2.3010001182556152,-2.3010001182556152
random_search,5,94,190000,-2.3010001182556152,-2.3010001182556152
random_search,5,95,192000,-2.3010001182556152,-2.3010001182556152
random_search,5,96,194000,-2.3010001182556152,-2.3010001182556152
random_search,5,97,196000,-2.3010001182556152,-2.3010001182556152
random_search,5,98,198000,-2.3010001182556152,-2.3010001182556152
random_search,5,99,200000,-2.3010001182556152,-2.3010001182556152
random_search,6,0,2000,-3.7019999027252197,-3.7019999027252197
random_search,6,1,4000,-3.7019999027252197,-3.7019999027252197
random_search,6,2,6000,-3.7019999027252197,-3.7019999027252197
random_search,6,3,8000,-3.7019999027252197,-3.7019999027252197
random_search,6,4,10000,-3.7019999027252197,-3.7019999027252197
random_search,6,5,12000,-3.7019999027252197,-3.7019999027252197
random_search,6,6,14000,-3.7019999027252197,-3.7019999027252197
random_search,6,7,16000,-3.7019999027252197,-3.7019999027252197
random_search,6,8,18000,-3.7019999027252197,-3.7019999027252197
random_search,6,9,20000,-3.7019999027252197,-3.7019999027252197
random_search,6,10,22000,-3.7019999027252197,-3.7019999027252197
random_search,6,11,24000,-3.7019999027252197,-3.7019999027252197
random_search,6,12,26000,-3.7019999027252197,-3.7019999027252197
random_search,6,13,28000,-3.7019999027252197,-3.7019999027252197
random_search,6,14,30000,-3.7019999027252197,-3.7019999027252197
random_search,6,15,32000,-3.7019999027252197,-3.7019999027252197
random_search,6,16,34000,-3.7019999027252197,-3.7019999027252197
random_search,6,17,36000,-3.7019999027252197,-3.7019999027252197
random_search,6,18,38000,-3.7019999027252197,-3.7019999027252197
random_search,6,19,40000,-3.7019999027252197,-3.7019999027252197
random_search,6,20,42000,-3.7019999027252197,-3.7019999027252197
random_search,6,21,44000,-3.7019999027252197,-3.7019999027252197
random_search,6,22,46000,-3.7019999027252197,-3.7019999027252197
random_search,6,23,48000,-3.7019999027252197,-3.7019999027252197
random_search,6,24,50000,-3.7019999027252197,-3.7019999027252197
random_search,6,25,52000,-3.7019999027252197,-3.7019999027252197
random_search,6,26,54000,-3.7019999027252197,-3.7019999027252197
random_search,6,27,56000,-3.7019999027252197,-3.7019999027252197
random_search,6,28,58000,-3.7019999027252197,-3.7019999027252197
random_search,6,29,60000,-3.7019999027252197,-3.7019999027252197
random_search,6,30,62000,-3.7019999027252197,-3.7019999027252197
random_search,6,31,64000,-3.7019999027252197,-3.7019999027252197
random_search,6,32,66000,-3.7019999027252197,-3.7019999027252197
random_search,6,33,68000,-3.7019999027252197,-3.7019999027252197
random_search,6,34,70000,-3.7019999027252197,-3.7019999027252197
random_search,6,35,72000,-3.7019999027252197,-3.7019999027252197
random_search,6,36,74000,-3.7019999027252197,-3.7019999027252197
random_search,6,37,76000,-2.6510000228881836,-2.6510000228881836
random_search,6,38,78000,-2.6510000228881836,-2.6510000228881836
random_search,6,39,80000,-2.6510000228881836,-2.6510000228881836
random_search,6,40,82000,-2.6510000228881836,-2.6510000228881836
random_search,6,41,84000,-2.6510000228881836,-2.6510000228881836
random_search,6,42,86000,-2.6510000228881836,-2.6510000228881836
random_search,6,43,88000,-2.6510000228881836,-2.6510000228881836
random_search,6,44,90000,-2.6510000228881836,-2.6510000228881836
random_search,6,45,92000,-2.6510000228881836,-2.6510000228881836
random_search,6,46,94000,-2.6510000228881836,-2.6510000228881836
random_search,6,47,96000,-2.6510000228881836,-2.6510000228881836
random_search,6,48,98000,-2.6510000228881836,-2.6510000228881836
random_search,6,49,100000,-2.6510000228881836,-2.6510000228881836
random_search,6,50,102000,-2.6510000228881836,-2.6510000228881836
random_search,6,51,104000,-2.6510000228881836,-2.6510000228881836
random_search,6,52,106000,-2.6510000228881836,-2.6510000228881836
random_search,6,53,108000,-2.6510000228881836,-2.6510000228881836
random_search,6,54,110000,-2.6510000228881836,-2.6510000228881836
random_search,6,55,112000,-2.6510000228881836,-2.6510000228881836
random_search,6,56,114000,-2.6510000228881836,-2.6510000228881836
random_search,6,57,116000,-2.6510000228881836,-2.6510000228881836
random_search,6,58,118000,-2.6510000228881836,-2.6510000228881836
random_search,6,59,120000,-2.6510000228881836,-2.6510000228881836
random_search,6,60,122000,-2.6510000228881836,-2.6510000228881836
random_search,6,61,124000,-2.6510000228881836,-2.6510000228881836
random_search,6,62,126000,-2.6510000228881836,-2.6510000228881836
random_search,6,63,128000,-2.6510000228881836,-2.6510000228881836
random_search,6,64,130000,-2.6510000228881836,-2.6510000228881836
random_search,6,65,132000,-1.5019999742507935,-1.5019999742507935
random_search,6,66,134000,-1.5019999742507935,-1.5019999742507935
random_search,6,67,136000,-1.5019999742507935,-1.5019999742507935
random_search,6,68,138000,-1.5019999742507935,-1.5019999742507935
random_search,6,69,140000,-1.5019999742507935,-1.5019999742507935
random_search,6,70,142000,-1.5019999742507935,-1.5019999742507935
random_search,6,71,144000,-1.5019999742507935,-1.5019999742507935
random_search,6,72,146000,-1.5019999742507935,-1.5019999742507935
random_search,6,73,148000,-1.5019999742507935,-1.5019999742507935
random_search,6,74,150000,-1.5019999742507935,-1.5019999742507935
random_search,6,75,152000,-1.5019999742507935,-1.5019999742507935
random_search,6,76,154000,-1.5019999742507935,-1.5019999742507935
random_search,6,77,156000,-1.5019999742507935,-1.5019999742507935
random_search,6,78,158000,-1.5019999742507935,-1.5019999742507935
random_search,6,79,160000,-1.5019999742507935,-1.5019999742507935
random_search,6,80,162000,-1.5019999742507935,-1.5019999742507935
random_search,6,81,164000,-1.5019999742507935,-1.5019999742507935
random_search,6,82,166000,-1.5019999742507935,-1.5019999742507935
random_search,6,83,168000,-1.5019999742507935,-1.5019999742507935
random_search,6,84,170000,-1.5019999742507935,-1.5019999742507935
random_search,6,85,172000,-1.5019999742507935,-1.5019999742507935
random_search,6,86,174000,-1.5019999742507935,-1.5019999742507935
random_search,6,87,176000,-1.5019999742507935,-1.5019999742507935
random_search,6,88,178000,-1.5019999742507935,-1.5019999742507935
random_search,6,89,180000,-1.5019999742507935,-1.5019999742507935
random_search,6,90,182000,-1.5019999742507935,-1.5019999742507935
random_search,6,91,184000,-1.5019999742507935,-1.5019999742507935
random_search,6,92,186000,-1.5019999742507935,-1.5019999742507935
random_search,6,93,188000,-1.5019999742507935,-1.5019999742507935
random_search,6,94,190000,-1.5019999742507935,-1.5019999742507935
random_search,6,95,192000,-1.5019999742507935,-1.5019999742507935
random_search,6,96,194000,-1.5019999742507935,-1.5019999742507935
random_search,6,97,196000,-1.5019999742507935,-1.5019999742507935
random_search,6,98,198000,-1.5019999742507935,-1.5019999742507935
random_search,6,99,200000,-1.5019999742507935,-1.5019999742507935
random_search,7,0,2000,-6.006999969482422,-6.006999969482422
random_search,7,1,4000,-5.001999855041504,-5.001999855041504
random_search,7,2,6000,-5.001999855041504,-5.001999855041504
random_search,7,3,8000,-5.001999855041504,-5.001999855041504
random_search,7,4,10000,-5.001999855041504,-5.001999855041504
random_search,7,5,12000,-5.001999855041504,-5.001999855041504
random_search,7,6,14000,-5.001999855041504,-5.001999855041504
random_search,7,7,16000,-5.001999855041504,-5.001999855041504
random_search,7,8,18000,-5.001999855041504,-5.001999855041504
random_search,7,9,20000,-5.001999855041504,-5.001999855041504
random_search,7,10,22000,-5.001999855041504,-5.001999855041504
random_search,7,11,24000,-5.001999855041504,-5.001999855041504
random_search,7,12,26000,-5.001999855041504,-5.001999855041504
random_search,7,13,28000,-4.954999923706055,-4.954999923706055
random_search,7,14,30000,-4.954999923706055,-4.954999923706055
random_search,7,15,32000,-4.954999923706055,-4.954999923706055
random_search,7,16,34000,-4.954999923706055,-4.954999923706055
random_search,7,17,36000,-4.954999923706055,-4.954999923706055
random_search,7,18,38000,-4.954999923706055,-4.954999923706055
random_search,7,19,40000,-4.954999923706055,-4.954999923706055
random_search,7,20,42000,-4.954999923706055,-4.954999923706055
random_search,7,21,44000,-4.954999923706055,-4.954999923706055
random_search,7,22,46000,-4.954999923706055,-4.954999923706055
random_search,7,23,48000,-4.954999923706055,-4.954999923706055
random_search,7,24,50000,-4.954999923706055,-4.954999923706055
random_search,7,25,52000,-4.954999923706055,-4.954999923706055
random_search,7,26,54000,-4.954999923706055,-4.954999923706055
random_search,7,27,56000,-4.954999923706055,-4.954999923706055
random_search,7,28,58000,-4.954999923706055,-4.954999923706055
random_search,7,29,60000,-4.954999923706055,-4.954999923706055
random_search,7,30,62000,-3.3510000705718994,-3.3510000705718994
random_search,7,31,64000,-3.3510000705718994,-3.3510000705718994
random_search,7,32,66000,-3.3510000705718994,-3.3510000705718994
random_search,7,33,68000,-3.3510000705718994,-3.3510000705718994
random_search,7,34,70000,-3.3510000705718994,-3.3510000705718994
random_search,7,35,72000,-3.3510000705718994,-3.3510000705718994
random_search,7,36,74000,-3.3510000705718994,-3.3510000705718994
random_search,7,37,76000,-3.3510000705718994,-3.3510000705718994
random_search,7,38,78000,-3.3510000705718994,-3.3510000705718994
random_search,7,39,80000,-3.3510000705718994,-3.3510000705718994
random_search,7,40,82000,-3.3510000705718994,-3.3510000705718994
random_search,7,41,84000,-3.3510000705718994,-3.3510000705718994
random_search,7,42,86000,-3.3510000705718994,-3.3510000705718994
random_search,7,43,88000,-3.3510000705718994,-3.3510000705718994
random_search,7,44,90000,-3.3510000705718994,-3.3510000705718994
random_search,7,45,92000,-3.3510000705718994,-3.3510000705718994
random_search,7,46,94000,-3.3510000705718994,-3.3510000705718994
random_search,7,47,96000,-3.3510000705718994,-3.3510000705718994
random_search,7,48,98000,-3.3510000705718994,-3.3510000705718994
random_search,7,49,100000,-2.755000114440918,-2.755000114440918
random_search,7,50,102000,-2.755000114440918,-2.755000114440918
random_search,7,51,104000,-2.755000114440918,-2.755000114440918
random_search,7,52,106000,-2.755000114440918,-2.755000114440918
random_search,7,53,108000,-2.755000114440918,-2.755000114440918
random_search,7,54,110000,-2.755000114440918,-2.755000114440918
random_search,7,55,112000,-2.755000114440918,-2.755000114440918
random_search,7,56,114000,-2.755000114440918,-2.755000114440918
random_search,7,57,116000,-2.755000114440918,-2.755000114440918
random_search,7,58,118000,-2.755000114440918,-2.755000114440918
random_search,7,59,120000,-2.755000114440918,-2.755000114440918
random_search,7,60,122000,-2.755000114440918,-2.755000114440918
random_search,7,61,124000,-2.755000114440918,-2.755000114440918
random_search,7,62,126000,-2.755000114440918,-2.755000114440918
random_search,7,63,128000,-2.755000114440918,-2.755000114440918
random_search,7,64,130000,-2.755000114440918,-2.755000114440918
random_search,7,65,132000,-2.755000114440918,-2.755000114440918
random_search,7,66,134000,-2.755000114440918,-2.755000114440918
random_search,7,67,136000,-2.755000114440918,-2.755000114440918
random_search,7,68,138000,-2.755000114440918,-2.755000114440918
random_search,7,69,140000,-1.8040000200271606,-1.8040000200271606
random_search,7,70,142000,-1.8040000200271606,-1.8040000200271606
random_search,7,71,144000,-1.8040000200271606,-1.8040000200271606
random_search,7,72,146000,-1.8040000200271606,-1.8040000200271606
random_search,7,73,148000,-1.8040000200271606,-1.8040000200271606
random_search,7,74,150000,-1.8040000200271606,-1.8040000200271606
random_search,7,75,152000,-1.8040000200271606,-1.8040000200271606
random_search,7,76,154000,-1.8040000200271606,-1.8040000200271606
random_search,7,77,156000,-1.8040000200271606,-1.8040000200271606
random_search,7,78,158000,-1.8040000200271606,-1.8040000200271606
random_search,7,79,160000,-1.8040000200271606,-1.8040000200271606
random_search,7,80,162000,-1.8040000200271606,-1.8040000200271606
random_search,7,81,164000,-1.8040000200271606,-1.8040000200271606
random_search,7,82,166000,-1.8040000200271606,-1.8040000200271606
random_search,7,83,168000,-1.8040000200271606,-1.8040000200271606
random_search,7,84,170000,-1.8040000200271606,-1.8040000200271606
random_search,7,85,172000,-1.8040000200271606,-1.8040000200271606
random_search,7,86,174000,-1.8040000200271606,-1.8040000200271606
random_search,7,87,176000,-1.8040000200271606,-1.8040000200271606
random_search,7,88,178000,-1.8040000200271606,-1.8040000200271606
random_search,7,89,180000,-1.8040000200271606,-1.8040000200271606
random_search,7,90,182000,-1.8040000200271606,-1.8040000200271606
random_search,7,91,184000,-1.8040000200271606,-1.8040000200271606
random_search,7,92,186000,-1.8040000200271606,-1.8040000200271606
random_search,7,93,188000,-1.8040000200271606,-1.8040000200271606
random_search,7,94,190000,-1.8040000200271606,-1.8040000200271606
random_search,7,95,192000,-1.8040000200271606,-1.8040000200271606
random_search,7,96,194000,-1.8040000200271606,-1.8040000200271606
random_search,7,97,196000,-1.8040000200271606,-1.8040000200271606
random_search,7,98,198000,-1.8040000200271606,-1.8040000200271606
random_search,7,99,200000,-1.8040000200271606,-1.8040000200271606
random_search,8,0,2000,-7.054999828338623,-7.054999828338623
random_search,8,1,4000,-6.4039998054504395,-6.4039998054504395
random_search,8,2,6000,-6.005000114440918,-6.005000114440918
random_search,8,3,8000,-6.005000114440918,-6.005000114440918
random_search,8,4,10000,-5.605000019073486,-5.605000019073486
random_search,8,5,12000,-5.605000019073486,-5.605000019073486
random_search,8,6,14000,-5.605000019073486,-5.605000019073486
random_search,8,7,16000,-5.002999782562256,-5.002999782562256
random_search,8,8,18000,-5.002999782562256,-5.002999782562256
random_search,8,9,20000,-2.503000020980835,-2.503000020980835
random_search,8,10,22000,-2.503000020980835,-2.503000020980835
random_search,8,11,24000,-2.503000020980835,-2.503000020980835
random_search,8,12,26000,-2.503000020980835,-2.503000020980835
random_search,8,13,28000,-2.503000020980835,-2.503000020980835
random_search,8,14,30000,-2.503000020980835,-2.503000020980835
random_search,8,15,32000,-2.503000020980835,-2.503000020980835
random_search,8,16,34000,-2.503000020980835,-2.503000020980835
random_search,8,17,36000,-2.503000020980835,-2.503000020980835
random_search,8,18,38000,-2.503000020980835,-2.503000020980835
random_search,8,19,40000,-2.503000020980835,-2.503000020980835
random_search,8,20,42000,-2.503000020980835,-2.503000020980835
random_search,8,21,44000,-2.503000020980835,-2.503000020980835
random_search,8,22,46000,-2.503000020980835,-2.503000020980835
random_search,8,23,48000,-2.503000020980835,-2.503000020980835
random_search,8,24,50000,-2.503000020980835,-2.503000020980835
random_search,8,25,52000,-2.503000020980835,-2.503000020980835
random_search,8,26,54000,-2.503000020980835,-2.503000020980835
random_search,8,27,56000,-2.503000020980835,-2.503000020980835
random_search,8,28,58000,-2.503000020980835,-2.503000020980835
random_search,8,29,60000,-2.503000020980835,-2.503000020980835
random_search,8,30,62000,-2.503000020980835,-2.503000020980835
random_search,8,31,64000,-2.503000020980835,-2.503000020980835
random_search,8,32,66000,-2.503000020980835,-2.503000020980835
random_search,8,33,68000,-2.503000020980835,-2.503000020980835
random_search,8,34,70000,-2.503000020980835,-2.503000020980835
random_search,8,35,72000,-2.503000020980835,-2.503000020980835
random_search,8,36,74000,-2.503000020980835,-2.503000020980835
random_search,8,37,76000,-2.503000020980835,-2.503000020980835
random_search,8,38,78000,-2.503000020980835,-2.503000020980835
random_search,8,39,80000,-2.503000020980835,-2.503000020980835
random_search,8,40,82000,-2.503000020980835,-2.503000020980835
random_search,8,41,84000,-2.503000020980835,-2.503000020980835
random_search,8,42,86000,-2.503000020980835,-2.503000020980835
random_search,8,43,88000,-2.503000020980835,-2.503000020980835
random_search,8,44,90000,-2.503000020980835,-2.503000020980835
random_search,8,45,92000,-2.503000020980835,-2.503000020980835
random_search,8,46,94000,-2.503000020980835,-2.503000020980835
random_search,8,47,96000,-2.503000020980835,-2.503000020980835
random_search,8,48,98000,-2.503000020980835,-2.503000020980835
random_search,8,49,100000,-2.503000020980835,-2.503000020980835
random_search,8,50,102000,-2.503000020980835,-2.503000020980835
random_search,8,51,104000,-2.503000020980835,-2.503000020980835
random_search,8,52,106000,-2.503000020980835,-2.503000020980835
random_search,8,53,108000,-2.503000020980835,-2.503000020980835
random_search,8,54,110000,-2.503000020980835,-2.503000020980835
random_search,8,55,112000,-2.503000020980835,-2.503000020980835
random_search,8,56,114000,-2.503000020980835,-2.503000020980835
random_search,8,57,116000,-2.503000020980835,-2.503000020980835
random_search,8,58,118000,-2.503000020980835,-2.503000020980835
random_search,8,59,120000,-2.503000020980835,-2.503000020980835
random_search,8,60,122000,-2.503000020980835,-2.503000020980835
random_search,8,61,124000,-2.503000020980835,-2.503000020980835
random_search,8,62,126000,-2.503000020980835,-2.503000020980835
random_search,8,63,128000,-2.503000020980835,-2.503000020980835
random_search,8,64,130000,-2.503000020980835,-2.503000020980835
random_search,8,65,132000,-2.503000020980835,-2.503000020980835
random_search,8,66,134000,-2.503000020980835,-2.503000020980835
random_search,8,67,136000,-2.503000020980835,-2.503000020980835
random_search,8,68,138000,-2.503000020980835,-2.503000020980835
random_search,8,69,140000,-2.503000020980835,-2.503000020980835
random_search,8,70,142000,-2.503000020980835,-2.503000020980835
random_search,8,71,144000,-2.503000020980835,-2.503000020980835
random_search,8,72,146000,-2.503000020980835,-2.503000020980835
random_search,8,73,148000,-2.503000020980835,-2.503000020980835
random_search,8,74,150000,-2.503000020980835,-2.503000020980835
random_search,8,75,152000,-2.503000020980835,-2.503000020980835
random_search,8,76,154000,-2.503000020980835,-2.503000020980835
random_search,8,77,156000,-2.503000020980835,-2.503000020980835
random_search,8,78,158000,-2.503000020980835,-2.503000020980835
random_search,8,79,160000,-2.503000020980835,-2.503000020980835
random_search,8,80,162000,-2.503000020980835,-2.503000020980835
random_search,8,81,164000,-2.503000020980835,-2.503000020980835
random_search,8,82,166000,-2.503000020980835,-2.503000020980835
random_search,8,83,168000,-2.503000020980835,-2.503000020980835
random_search,8,84,170000,-2.503000020980835,-2.503000020980835
random_search,8,85,172000,-2.503000020980835,-2.503000020980835
random_search,8,86,174000,-2.503000020980835,-2.503000020980835
random_search,8,87,176000,-2.503000020980835,-2.503000020980835
random_search,8,88,178000,-2.503000020980835,-2.503000020980835
random_search,8,89,180000,-2.503000020980835,-2.503000020980835
random_search,8,90,182000,-2.503000020980835,-2.503000020980835
random_search,8,91,184000,-2.503000020980835,-2.503000020980835
random_search,8,92,186000,-2.503000020980835,-2.503000020980835
random_search,8,93,188000,-2.503000020980835,-2.503000020980835
random_search,8,94,190000,-2.503000020980835,-2.503000020980835
random_search,8,95,192000,-2.503000020980835,-2.503000020980835
random_search,8,96,194000,-2.503000020980835,-2.503000020980835
random_search,8,97,196000,-2.503000020980835,-2.503000020980835
random_search,8,98,198000,-2.503000020980835,-2.503000020980835
random_search,8,99,200000,-2.503000020980835,-2.503000020980835
random_search,9,0,2000,-8.604000091552734,-8.604000091552734
random_search,9,1,4000,-6.002999782562256,-6.002999782562256
random_search,9,2,6000,-4.556000232696533,-4.556000232696533
random_search,9,3,8000,-4.556000232696533,-4.556000232696533
random_search,9,4,10000,-4.556000232696533,-4.556000232696533
random_search,9,5,12000,-4.556000232696533,-4.556000232696533
random_search,9,6,14000,-4.556000232696533,-4.556000232696533
random_search,9,7,16000,-4.556000232696533,-4.556000232696533
random_search,9,8,18000,-4.556000232696533,-4.556000232696533
random_search,9,9,20000,-4.556000232696533,-4.556000232696533
random_search,9,10,22000,-4.556000232696533,-4.556000232696533
random_search,9,11,24000,-4.556000232696533,-4.556000232696533
random_search,9,12,26000,-4.556000232696533,-4.556000232696533
random_search,9,13,28000,-4.556000232696533,-4.556000232696533
random_search,9,14,30000,-4.556000232696533,-4.556000232696533
random_search,9,15,32000,-4.556000232696533,-4.556000232696533
random_search,9,16,34000,-4.556000232696533,-4.556000232696533
random_search,9,17,36000,-4.556000232696533,-4.556000232696533
random_search,9,18,38000,-4.556000232696533,-4.556000232696533
random_search,9,19,40000,-4.556000232696533,-4.556000232696533
random_search,9,20,42000,-4.556000232696533,-4.556000232696533
random_search,9,21,44000,-4.556000232696533,-4.556000232696533
random_search,9,22,46000,-4.556000232696533,-4.556000232696533
random_search,9,23,48000,-4.556000232696533,-4.556000232696533
random_search,9,24,50000,-4.556000232696533,-4.556000232696533
random_search,9,25,52000,-4.556000232696533,-4.556000232696533
random_search,9,26,54000,-4.556000232696533,-4.556000232696533
random_search,9,27,56000,-4.556000232696533,-4.556000232696533
random_search,9,28,58000,-4.556000232696533,-4.556000232696533
random_search,9,29,60000,-4.556000232696533,-4.556000232696533
random_search,9,30,62000,-4.556000232696533,-4.556000232696533
random_search,9,31,64000,-3.8510000705718994,-3.8510000705718994
random_search,9,32,66000,-3.8510000705718994,-3.8510000705718994
random_search,9,33,68000,-3.8510000705718994,-3.8510000705718994
random_search,9,34,70000,-3.8510000705718994,-3.8510000705718994
random_search,9,35,72000,-3.8510000705718994,-3.8510000705718994
random_search,9,36,74000,-3.8510000705718994,-3.8510000705718994
random_search,9,37,76000,-3.8510000705718994,-3.8510000705718994
random_search,9,38,78000,-3.8510000705718994,-3.8510000705718994
random_search,9,39,80000,-3.8510000705718994,-3.8510000705718994
random_search,9,40,82000,-3.8510000705718994,-3.8510000705718994
random_search,9,41,84000,-3.8510000705718994,-3.8510000705718994
random_search,9,42,86000,-3.8510000705718994,-3.8510000705718994
random_search,9,43,88000,-3.8510000705718994,-3.8510000705718994
random_search,9,44,90000,-3.8510000705718994,-3.8510000705718994
random_search,9,45,92000,-3.8510000705718994,-3.8510000705718994
random_search,9,46,94000,-3.8510000705718994,-3.8510000705718994
random_search,9,47,96000,-3.8510000705718994,-3.8510000705718994
random_search,9,48,98000,-3.8510000705718994,-3.8510000705718994
random_search,9,49,100000,-3.8510000705718994,-3.8510000705718994
random_search,9,50,102000,-0.953000009059906,-0.953000009059906
random_search,9,51,104000,-0.953000009059906,-0.953000009059906
random_search,9,52,106000,-0.953000009059906,-0.953000009059906
random_search,9,53,108000,-0.953000009059906,-0.953000009059906
random_search,9,54,110000,-0.953000009059906,-0.953000009059906
random_search,9,55,112000,-0.953000009059906,-0.953000009059906
random_search,9,56,114000,-0.953000009059906,-0.953000009059906
random_search,9,57,116000,-0.953000009059906,-0.953000009059906
random_search,9,58,118000,-0.953000009059906,-0.953000009059906
random_search,9,59,120000,-0.953000009059906,-0.953000009059906
random_search,9,60,122000,-0.953000009059906,-0.953000009059906
random_search,9,61,124000,-0.953000009059906,-0.953000009059906
random_search,9,62,126000,-0.953000009059906,-0.953000009059906
random_search,9,63,128000,-0.953000009059906,-0.953000009059906
random_search,9,64,130000,-0.953000009059906,-0.953000009059906
random_search,9,65,132000,-0.953000009059906,-0.953000009059906
random_search,9,66,134000,-0.953000009059906,-0.953000009059906
random_search,9,67,136000,-0.953000009059906,-0.953000009059906
random_search,9,68,138000,-0.953000009059906,-0.953000009059906
random_search,9,69,140000,-0.953000009059906,-0.953000009059906
random_search,9,70,142000,-0.953000009059906,-0.953000009059906
random_search,9,71,144000,-0.953000009059906,-0.953000009059906
random_search,9,72,146000,-0.953000009059906,-0.953000009059906
random_search,9,73,148000,-0.953000009059906,-0.953000009059906
random_search,9,74,150000,-0.953000009059906,-0.953000009059906
random_search,9,75,152000,-0.953000009059906,-0.953000009059906
random_search,9,76,154000,-0.953000009059906,-0.953000009059906
random_search,9,77,156000,-0.953000009059906,-0.953000009059906
random_search,9,78,158000,-0.953000009059906,-0.953000009059906
random_search,9,79,160000,-0.953000009059906,-0.953000009059906
random_search,9,80,162000,-0.953000009059906,-0.953000009059906
random_search,9,81,164000,-0.953000009059906,-0.953000009059906
random_search,9,82,166000,-0.953000009059906,-0.953000009059906
random_search,9,83,168000,-0.953000009059906,-0.953000009059906
random_search,9,84,170000,-0.953000009059906,-0.953000009059906
random_search,9,85,172000,-0.953000009059906,-0.953000009059906
random_search,9,86,174000,-0.953000009059906,-0.953000009059906
random_search,9,87,176000,-0.953000009059906,-0.953000009059906
random_search,9,88,178000,-0.953000009059906,-0.953000009059906
random_search,9,89,180000,-0.953000009059906,-0.953000009059906
random_search,9,90,182000,-0.953000009059906,-0.953000009059906
random_search,9,91,184000,-0.953000009059906,-0.953000009059906
random_search,9,92,186000,-0.953000009059906,-0.953000009059906
random_search,9,93,188000,-0.953000009059906,-0.953000009059906
random_search,9,94,190000,-0.953000009059906,-0.953000009059906
random_search,9,95,192000,-0.953000009059906,-0.953000009059906
random_search,9,96,194000,-0.953000009059906,-0.953000009059906
random_search,9,97,196000,-0.953000009059906,-0.953000009059906
random_search,9,98,198000,-0.953000009059906,-0.953000009059906
random_search,9,99,200000,-0.953000009059906,-0.953000009059906
random_search,10,0,2000,-6.002999782562256,-6.002999782562256
random_search,10,1,4000,-6.002999782562256,-6.002999782562256
random_search,10,2,6000,-5.104000091552734,-5.104000091552734
random_search,10,3,8000,-5.104000091552734,-5.104000091552734
random_search,10,4,10000,-5.104000091552734,-5.104000091552734
random_search,10,5,12000,-5.104000091552734,-5.104000091552734
random_search,10,6,14000,-5.104000091552734,-5.104000091552734
random_search,10,7,16000,-5.104000091552734,-5.104000091552734
random_search,10,8,18000,-5.104000091552734,-5.104000091552734
random_search,10,9,20000,-5.104000091552734,-5.104000091552734
random_search,10,10,22000,-2.8540000915527344,-2.8540000915527344
random_search,10,11,24000,-2.8540000915527344,-2.8540000915527344
random_search,10,12,26000,-2.8540000915527344,-2.8540000915527344
random_search,10,13,28000,-2.8540000915527344,-2.8540000915527344
random_search,10,14,30000,-2.8540000915527344,-2.8540000915527344
random_search,10,15,32000,-2.8540000915527344,-2.8540000915527344
random_search,10,16,34000,-2.8540000915527344,-2.8540000915527344
random_search,10,17,36000,-2.8540000915527344,-2.8540000915527344
random_search,10,18,38000,-2.8540000915527344,-2.8540000915527344
random_search,10,19,40000,-2.8540000915527344,-2.8540000915527344
random_search,10,20,42000,-2.8540000915527344,-2.8540000915527344
random_search,10,21,44000,-2.8540000915527344,-2.8540000915527344
random_search,10,22,46000,-2.8540000915527344,-2.8540000915527344
random_search,10,23,48000,-2.8540000915527344,-2.8540000915527344
random_search,10,24,50000,-2.8540000915527344,-2.8540000915527344
random_search,10,25,52000,-2.8540000915527344,-2.8540000915527344
random_search,10,26,54000,-2.8540000915527344,-2.8540000915527344
random_search,10,27,56000,-2.8540000915527344,-2.8540000915527344
random_search,10,28,58000,-2.8540000915527344,-2.8540000915527344
random_search,10,29,60000,-2.8540000915527344,-2.8540000915527344
random_search,10,30,62000,-2.8540000915527344,-2.8540000915527344
random_search,10,31,64000,-2.8540000915527344,-2.8540000915527344
random_search,10,32,66000,-2.8540000915527344,-2.8540000915527344
random_search,10,33,68000,-2.8540000915527344,-2.8540000915527344
random_search,10,34,70000,-2.802999973297119,-2.802999973297119
random_search,10,35,72000,-2.802999973297119,-2.802999973297119
random_search,10,36,74000,-2.802999973297119,-2.802999973297119
random_search,10,37,76000,-2.802999973297119,-2.802999973297119
random_search,10,38,78000,-2.802999973297119,-2.802999973297119
random_search,10,39,80000,-2.802999973297119,-2.802999973297119
random_search,10,40,82000,-2.802999973297119,-2.802999973297119
random_search,10,41,84000,-2.802999973297119,-2.802999973297119
random_search,10,42,86000,-2.802999973297119,-2.802999973297119
random_search,10,43,88000,-2.802999973297119,-2.802999973297119
random_search,10,44,90000,-2.802999973297119,-2.802999973297119
random_search,10,45,92000,-2.802999973297119,-2.802999973297119
random_search,10,46,94000,-2.802999973297119,-2.802999973297119
random_search,10,47,96000,-2.802999973297119,-2.802999973297119
random_search,10,48,98000,-2.802999973297119,-2.802999973297119
random_search,10,49,100000,-2.802999973297119,-2.802999973297119
random_search,10,50,102000,-2.802999973297119,-2.802999973297119
random_search,10,51,104000,-2.802999973297119,-2.802999973297119
random_search,10,52,106000,-2.802999973297119,-2.802999973297119
random_search,10,53,108000,-2.802999973297119,-2.802999973297119
random_search,10,54,110000,-2.802999973297119,-2.802999973297119
random_search,10,55,112000,-2.802999973297119,-2.802999973297119
random_search,10,56,114000,-2.802999973297119,-2.802999973297119
random_search,10,57,116000,-2.802999973297119,-2.802999973297119
random_search,10,58,118000,-2.802999973297119,-2.802999973297119
random_search,10,59,120000,-2.802999973297119,-2.802999973297119
random_search,10,60,122000,-2.802999973297119,-2.802999973297119
random_search,10,61,124000,-2.802999973297119,-2.802999973297119
random_search,10,62,126000,-2.802999973297119,-2.802999973297119
random_search,10,63,128000,-2.802999973297119,-2.802999973297119
random_search,10,64,130000,-2.802999973297119,-2.802999973297119
random_search,10,65,132000,-2.802999973297119,-2.802999973297119
random_search,10,66,134000,-2.802999973297119,-2.802999973297119
random_search,10,67,136000,-2.802999973297119,-2.802999973297119
random_search,10,68,138000,-2.802999973297119,-2.802999973297119
random_search,10,69,140000,-2.802999973297119,-2.802999973297119
random_search,10,70,142000,-2.802999973297119,-2.802999973297119
random_search,10,71,144000,-2.802999973297119,-2.802999973297119
random_search,10,72,146000,-2.802999973297119,-2.802999973297119
random_search,10,73,148000,-2.802999973297119,-2.802999973297119
random_search,10,74,150000,-2.802999973297119,-2.802999973297119
random_search,10,75,152000,-2.802999973297119,-2.802999973297119
random_search,10,76,154000,-2.802999973297119,-2.802999973297119
random_search,10,77,156000,-2.802999973297119,-2.802999973297119
random_search,10,78,158000,-2.802999973297119,-2.802999973297119
random_search,10,79,160000,-2.802999973297119,-2.802999973297119
random_search,10,80,162000,-2.802999973297119,-2.802999973297119
random_search,10,81,164000,-2.802999973297119,-2.802999973297119
random_search,10,82,166000,-2.802999973297119,-2.802999973297119
random_search,10,83,168000,-2.802999973297119,-2.802999973297119
random_search,10,84,170000,-2.802999973297119,-2.802999973297119
random_search,10,85,172000,-2.802999973297119,-2.802999973297119
random_search,10,86,174000,-2.802999973297119,-2.802999973297119
random_search,10,87,176000,-2.802999973297119,-2.802999973297119
random_search,10,88,178000,-2.802999973297119,-2.802999973297119
random_search,10,89,180000,-2.802999973297119,-2.802999973297119
random_search,10,90,182000,-2.802999973297119,-2.802999973297119
random_search,10,91,184000,-2.802999973297119,-2.802999973297119
random_search,10,92,186000,-2.802999973297119,-2.802999973297119
random_search,10,93,188000,-2.802999973297119,-2.802999973297119
random_search,10,94,190000,-2.802999973297119,-2.802999973297119
random_search,10,95,192000,-2.802999973297119,-2.802999973297119
random_search,10,96,194000,-2.802999973297119,-2.802999973297119
random_search,10,97,196000,-2.802999973297119,-2.802999973297119
random_search,10,98,198000,-2.802999973297119,-2.802999973297119
random_search,10,99,200000,-2.802999973297119,-2.802999973297119
random_search,11,0,2000,-8.057999610900879,-8.057999610900879
random_search,11,1,4000,-6.502999782562256,-6.502999782562256
random_search,11,2,6000,-6.502999782562256,-6.502999782562256
random_search,11,3,8000,-6.502999782562256,-6.502999782562256
random_search,11,4,10000,-6.502999782562256,-6.502999782562256
random_search,11,5,12000,-6.502999782562256,-6.502999782562256
random_search,11,6,14000,-6.502999782562256,-6.502999782562256
random_search,11,7,16000,-6.502999782562256,-6.502999782562256
random_search,11,8,18000,-6.001999855041504,-6.001999855041504
random_search,11,9,20000,-5.1020002365112305,-5.1020002365112305
random_search,11,10,22000,-5.1020002365112305,-5.1020002365112305
random_search,11,11,24000,-5.1020002365112305,-5.1020002365112305
random_search,11,12,26000,-5.1020002365112305,-5.1020002365112305
random_search,11,13,28000,-5.1020002365112305,-5.1020002365112305
random_search,11,14,30000,-4.703000068664551,-4.703000068664551
random_search,11,15,32000,-4.703000068664551,-4.703000068664551
random_search,11,16,34000,-4.703000068664551,-4.703000068664551
random_search,11,17,36000,-4.703000068664551,-4.703000068664551
random_search,11,18,38000,-4.703000068664551,-4.703000068664551
random_search,11,19,40000,-4.703000068664551,-4.703000068664551
random_search,11,20,42000,-4.703000068664551,-4.703000068664551
random_search,11,21,44000,-4.703000068664551,-4.703000068664551
random_search,11,22,46000,-4.703000068664551,-4.703000068664551
random_search,11,23,48000,-4.703000068664551,-4.703000068664551
random_search,11,24,50000,-4.703000068664551,-4.703000068664551
random_search,11,25,52000,-4.703000068664551,-4.703000068664551
random_search,11,26,54000,-4.703000068664551,-4.703000068664551
random_search,11,27,56000,-4.703000068664551,-4.703000068664551
random_search,11,28,58000,-1.5010000467300415,-1.5010000467300415
random_search,11,29,60000,-1.5010000467300415,-1.5010000467300415
random_search,11,30,62000,-1.5010000467300415,-1.5010000467300415
random_search,11,31,64000,-1.5010000467300415,-1.5010000467300415
random_search,11,32,66000,-1.5010000467300415,-1.5010000467300415
random_search,11,33,68000,-1.5010000467300415,-1.5010000467300415
random_search,11,34,70000,-1.5010000467300415,-1.5010000467300415
random_search,11,35,72000,-1.5010000467300415,-1.5010000467300415
random_search,11,36,74000,-1.5010000467300415,-1.5010000467300415
random_search,11,37,76000,-1.5010000467300415,-1.5010000467300415
random_search,11,38,78000,-1.5010000467300415,-1.5010000467300415
random_search,11,39,80000,-1.5010000467300415,-1.5010000467300415
random_search,11,40,82000,-1.5010000467300415,-1.5010000467300415
random_search,11,41,84000,-1.5010000467300415,-1.5010000467300415
random_search,11,42,86000,-1.5010000467300415,-1.5010000467300415
random_search,11,43,88000,-1.5010000467300415,-1.5010000467300415
random_search,11,44,90000,-1.5010000467300415,-1.5010000467300415
random_search,11,45,92000,-1.5010000467300415,-1.5010000467300415
random_search,11,46,94000,-1.5010000467300415,-1.5010000467300415
random_search,11,47,96000,-1.5010000467300415,-1.5010000467300415
random_search,11,48,98000,-1.5010000467300415,-1.5010000467300415
random_search,11,49,100000,-1.5010000467300415,-1.5010000467300415
random_search,11,50,102000,-1.5010000467300415,-1.5010000467300415
random_search,11,51,104000,-1.5010000467300415,-1.5010000467300415
random_search,11,52,106000,-1.5010000467300415,-1.5010000467300415
random_search,11,53,108000,-1.5010000467300415,-1.5010000467300415
random_search,11,54,110000,-1.5010000467300415,-1.5010000467300415
random_search,11,55,112000,-1.5010000467300415,-1.5010000467300415
random_search,11,56,114000,-1.5010000467300415,-1.5010000467300415
random_search,11,57,116000,-1.5010000467300415,-1.5010000467300415
random_search,11,58,118000,-1.5010000467300415,-1.5010000467300415
random_search,11,59,120000,-1.5010000467300415,-1.5010000467300415
random_search,11,60,122000,-1.5010000467300415,-1.5010000467300415
random_search,11,61,124000,-1.5010000467300415,-1.5010000467300415
random_search,11,62,126000,-1.5010000467300415,-1.5010000467300415
random_search,11,63,128000,-1.5010000467300415,-1.5010000467300415
random_search,11,64,130000,-1.5010000467300415,-1.5010000467300415
random_search,11,65,132000,-1.5010000467300415,-1.5010000467300415
random_search,11,66,134000,-1.5010000467300415,-1.5010000467300415
random_search,11,67,136000,-1.5010000467300415,-1.5010000467300415
random_search,11,68,138000,-1.5010000467300415,-1.5010000467300415
random_search,11,69,140000,-1.5010000467300415,-1.5010000467300415
random_search,11,70,142000,-1.5010000467300415,-1.5010000467300415
random_search,11,71,144000,-1.5010000467300415,-1.5010000467300415
random_search,11,72,146000,-1.5010000467300415,-1.5010000467300415
random_search,11,73,148000,-1.5010000467300415,-1.5010000467300415
random_search,11,74,150000,-1.5010000467300415,-1.5010000467300415
random_search,11,75,152000,-1.5010000467300415,-1.5010000467300415
random_search,11,76,154000,-1.5010000467300415,-1.5010000467300415
random_search,11,77,156000,-1.5010000467300415,-1.5010000467300415
random_search,11,78,158000,-1.5010000467300415,-1.5010000467300415
random_search,11,79,160000,-1.5010000467300415,-1.5010000467300415
random_search,11,80,162000,-1.5010000467300415,-1.5010000467300415
random_search,11,81,164000,-1.5010000467300415,-1.5010000467300415
random_search,11,82,166000,-1.5010000467300415,-1.5010000467300415
random_search,11,83,168000,-1.5010000467300415,-1.5010000467300415
random_search,11,84,170000,-1.5010000467300415,-1.5010000467300415
random_search,11,85,172000,-1.5010000467300415,-1.5010000467300415
random_search,11,86,174000,-1.5010000467300415,-1.5010000467300415
random_search,11,87,176000,-1.5010000467300415,-1.5010000467300415
random_search,11,88,178000,-1.5010000467300415,-1.5010000467300415
random_search,11,89,180000,-1.5010000467300415,-1.5010000467300415
random_search,11,90,182000,-1.5010000467300415,-1.5010000467300415
random_search,11,91,184000,-1.5010000467300415,-1.5010000467300415
random_search,11,92,186000,-1.5010000467300415,-1.5010000467300415
random_search,11,93,188000,-1.5010000467300415,-1.5010000467300415
random_search,11,94,190000,-1.5010000467300415,-1.5010000467300415
random_search,11,95,192000,-1.5010000467300415,-1.5010000467300415
random_search,11,96,194000,-1.5010000467300415,-1.5010000467300415
random_search,11,97,196000,-1.5010000467300415,-1.5010000467300415
random_search,11,98,198000,-1.5010000467300415,-1.5010000467300415
random_search,11,99,200000,-1.5010000467300415,-1.5010000467300415
random_search,12,0,2000,-5.302000045776367,-5.302000045776367
random_search,12,1,4000,-2.9539999961853027,-2.9539999961853027
random_search,12,2,6000,-2.9539999961853027,-2.9539999961853027
random_search,12,3,8000,-2.9539999961853027,-2.9539999961853027
random_search,12,4,10000,-2.9539999961853027,-2.9539999961853027
random_search,12,5,12000,-2.9539999961853027,-2.9539999961853027
random_search,12,6,14000,-2.9539999961853027,-2.9539999961853027
random_search,12,7,16000,-2.9539999961853027,-2.9539999961853027
random_search,12,8,18000,-2.9539999961853027,-2.9539999961853027
random_search,12,9,20000,-2.9539999961853027,-2.9539999961853027
random_search,12,10,22000,-2.9539999961853027,-2.9539999961853027
random_search,12,11,24000,-2.9539999961853027,-2.9539999961853027
random_search,12,12,26000,-2.9539999961853027,-2.9539999961853027
random_search,12,13,28000,-2.9539999961853027,-2.9539999961853027
random_search,12,14,30000,-2.9539999961853027,-2.9539999961853027
random_search,12,15,32000,-2.9539999961853027,-2.9539999961853027
random_search,12,16,34000,-2.9539999961853027,-2.9539999961853027
random_search,12,17,36000,-2.9539999961853027,-2.9539999961853027
random_search,12,18,38000,-2.9539999961853027,-2.9539999961853027
random_search,12,19,40000,-2.9539999961853027,-2.9539999961853027
random_search,12,20,42000,-2.9539999961853027,-2.9539999961853027
random_search,12,21,44000,-2.9539999961853027,-2.9539999961853027
random_search,12,22,46000,-2.9539999961853027,-2.9539999961853027
random_search,12,23,48000,-2.9539999961853027,-2.9539999961853027
random_search,12,24,50000,-2.9539999961853027,-2.9539999961853027
random_search,12,25,52000,-2.9539999961853027,-2.9539999961853027
random_search,12,26,54000,-2.9539999961853027,-2.9539999961853027
random_search,12,27,56000,-2.9539999961853027,-2.9539999961853027
random_search,12,28,58000,-2.9539999961853027,-2.9539999961853027
random_search,12,29,60000,-2.9539999961853027,-2.9539999961853027
random_search,12,30,62000,-2.9539999961853027,-2.9539999961853027
random_search,12,31,64000,-2.802000045776367,-2.802000045776367
random_search,12,32,66000,-2.802000045776367,-2.802000045776367
random_search,12,33,68000,-2.802000045776367,-2.802000045776367
random_search,12,34,70000,-2.802000045776367,-2.802000045776367
random_search,12,35,72000,-2.802000045776367,-2.802000045776367
random_search,12,36,74000,-2.802000045776367,-2.802000045776367
random_search,12,37,76000,-2.802000045776367,-2.802000045776367
random_search,12,38,78000,-2.802000045776367,-2.802000045776367
random_search,12,39,80000,-2.802000045776367,-2.802000045776367
random_search,12,40,82000,-2.802000045776367,-2.802000045776367
random_search,12,41,84000,-2.802000045776367,-2.802000045776367
random_search,12,42,86000,-2.802000045776367,-2.802000045776367
random_search,12,43,88000,-2.802000045776367,-2.802000045776367
random_search,12,44,90000,-2.802000045776367,-2.802000045776367
random_search,12,45,92000,-2.802000045776367,-2.802000045776367
random_search,12,46,94000,-2.802000045776367,-2.802000045776367
random_search,12,47,96000,-2.802000045776367,-2.802000045776367
random_search,12,48,98000,-2.802000045776367,-2.802000045776367
random_search,12,49,100000,-2.802000045776367,-2.802000045776367
random_search,12,50,102000,-1.8020000457763672,-1.8020000457763672
random_search,12,51,104000,-1.8020000457763672,-1.8020000457763672
random_search,12,52,106000,-1.8020000457763672,-1.8020000457763672
random_search,12,53,108000,-1.8020000457763672,-1.8020000457763672
random_search,12,54,110000,-1.8020000457763672,-1.8020000457763672
random_search,12,55,112000,-1.8020000457763672,-1.8020000457763672
random_search,12,56,114000,-1.8020000457763672,-1.8020000457763672
random_search,12,57,116000,-1.8020000457763672,-1.8020000457763672
random_search,12,58,118000,-1.8020000457763672,-1.8020000457763672
random_search,12,59,120000,-1.8020000457763672,-1.8020000457763672
random_search,12,60,122000,-1.8020000457763672,-1.8020000457763672
random_search,12,61,124000,-1.8020000457763672,-1.8020000457763672
random_search,12,62,126000,-1.8020000457763672,-1.8020000457763672
random_search,12,63,128000,-1.8020000457763672,-1.8020000457763672
random_search,12,64,130000,-1.8020000457763672,-1.8020000457763672
random_search,12,65,132000,-1.8020000457763672,-1.8020000457763672
random_search,12,66,134000,-1.8020000457763672,-1.8020000457763672
random_search,12,67,136000,-1.8020000457763672,-1.8020000457763672
random_search,12,68,138000,-1.8020000457763672,-1.8020000457763672
random_search,12,69,140000,-1.8020000457763672,-1.8020000457763672
random_search,12,70,142000,-1.8020000457763672,-1.8020000457763672
random_search,12,71,144000,-1.8020000457763672,-1.8020000457763672
random_search,12,72,146000,-1.8020000457763672,-1.8020000457763672
random_search,12,73,148000,-1.8020000457763672,-1.8020000457763672
random_search,12,74,150000,-1.8020000457763672,-1.8020000457763672
random_search,12,75,152000,-1.8020000457763672,-1.8020000457763672
random_search,12,76,154000,-1.8020000457763672,-1.8020000457763672
random_search,12,77,156000,-1.8020000457763672,-1.8020000457763672
random_search,12,78,158000,-1.8020000457763672,-1.8020000457763672
random_search,12,79,160000,-1.8020000457763672,-1.8020000457763672
random_search,12,80,162000,-1.8020000457763672,-1.8020000457763672
random_search,12,81,164000,-1.8020000457763672,-1.8020000457763672
random_search,12,82,166000,-1.8020000457763672,-1.8020000457763672
random_search,12,83,168000,-1.8020000457763672,-1.8020000457763672
random_search,12,84,170000,-1.8020000457763672,-1.8020000457763672
random_search,12,85,172000,-1.8020000457763672,-1.8020000457763672
random_search,12,86,174000,-1.8020000457763672,-1.8020000457763672
random_search,12,87,176000,-1.8020000457763672,-1.8020000457763672
random_search,12,88,178000,-1.8020000457763672,-1.8020000457763672
random_search,12,89,180000,-1.8020000457763672,-1.8020000457763672
random_search,12,90,182000,-1.8020000457763672,-1.8020000457763672
random_search,12,91,184000,-1.8020000457763672,-1.8020000457763672
random_search,12,92,186000,-1.8020000457763672,-1.8020000457763672
random_search,12,93,188000,-1.8020000457763672,-1.8020000457763672
random_search,12,94,190000,-1.8020000457763672,-1.8020000457763672
random_search,12,95,192000,-1.8020000457763672,-1.8020000457763672
random_search,12,96,194000,-1.8020000457763672,-1.8020000457763672
random_search,12,97,196000,-1.8020000457763672,-1.8020000457763672
random_search,12,98,198000,-1.8020000457763672,-1.8020000457763672
random_search,12,99,200000,-1.8020000457763672,-1.8020000457763672
random_search,13,0,2000,-7.8520002365112305,-7.8520002365112305
random_search,13,1,4000,-7.8520002365112305,-7.8520002365112305
random_search,13,2,6000,-7.8520002365112305,-7.8520002365112305
random_search,13,3,8000,-7.8520002365112305,-7.8520002365112305
random_search,13,4,10000,-3.4059998989105225,-3.4059998989105225
random_search,13,5,12000,-3.4059998989105225,-3.4059998989105225
random_search,13,6,14000,-3.4059998989105225,-3.4059998989105225
random_search,13,7,16000,-3.4059998989105225,-3.4059998989105225
random_search,13,8,18000,-3.4059998989105225,-3.4059998989105225
random_search,13,9,20000,-3.4059998989105225,-3.4059998989105225
random_search,13,10,22000,-3.4059998989105225,-3.4059998989105225
random_search,13,11,24000,-3.4059998989105225,-3.4059998989105225
random_search,13,12,26000,-3.4059998989105225,-3.4059998989105225
random_search,13,13,28000,-3.4059998989105225,-3.4059998989105225
random_search,13,14,30000,-3.4059998989105225,-3.4059998989105225
random_search,13,15,32000,-3.4059998989105225,-3.4059998989105225
random_search,13,16,34000,-3.4059998989105225,-3.4059998989105225
random_search,13,17,36000,-3.4059998989105225,-3.4059998989105225
random_search,13,18,38000,-3.4059998989105225,-3.4059998989105225
random_search,13,19,40000,-3.4059998989105225,-3.4059998989105225
random_search,13,20,42000,-3.4059998989105225,-3.4059998989105225
random_search,13,21,44000,-3.4059998989105225,-3.4059998989105225
random_search,13,22,46000,-3.4059998989105225,-3.4059998989105225
random_search,13,23,48000,-3.4059998989105225,-3.4059998989105225
random_search,13,24,50000,-3.4059998989105225,-3.4059998989105225
random_search,13,25,52000,-3.4059998989105225,-3.4059998989105225
random_search,13,26,54000,-3.4059998989105225,-3.4059998989105225
random_search,13,27,56000,-3.4059998989105225,-3.4059998989105225
random_search,13,28,58000,-3.4059998989105225,-3.4059998989105225
random_search,13,29,60000,-3.4059998989105225,-3.4059998989105225
random_search,13,30,62000,-3.4059998989105225,-3.4059998989105225
random_search,13,31,64000,-3.4059998989105225,-3.4059998989105225
random_search,13,32,66000,-3.4059998989105225,-3.4059998989105225
random_search,13,33,68000,-3.4059998989105225,-3.4059998989105225
random_search,13,34,70000,-3.4059998989105225,-3.4059998989105225
random_search,13,35,72000,-3.4059998989105225,-3.4059998989105225
random_search,13,36,74000,-3.4059998989105225,-3.4059998989105225
random_search,13,37,76000,-3.4059998989105225,-3.4059998989105225
random_search,13,38,78000,-3.4059998989105225,-3.4059998989105225
random_search,13,39,80000,-3.4059998989105225,-3.4059998989105225
random_search,13,40,82000,-3.4059998989105225,-3.4059998989105225
random_search,13,41,84000,-2.953000068664551,-2.953000068664551
random_search,13,42,86000,-2.953000068664551,-2.953000068664551
random_search,13,43,88000,-2.953000068664551,-2.953000068664551
random_search,13,44,90000,-2.953000068664551,-2.953000068664551
random_search,13,45,92000,-2.953000068664551,-2.953000068664551
random_search,13,46,94000,-2.953000068664551,-2.953000068664551
random_search,13,47,96000,-2.953000068664551,-2.953000068664551
random_search,13,48,98000,-2.953000068664551,-2.953000068664551
random_search,13,49,100000,-2.953000068664551,-2.953000068664551
random_search,13,50,102000,-2.953000068664551,-2.953000068664551
random_search,13,51,104000,-2.953000068664551,-2.953000068664551
random_search,13,52,106000,-2.953000068664551,-2.953000068664551
random_search,13,53,108000,-2.953000068664551,-2.953000068664551
random_search,13,54,110000,-2.953000068664551,-2.953000068664551
random_search,13,55,112000,-2.953000068664551,-2.953000068664551
random_search,13,56,114000,-2.953000068664551,-2.953000068664551
random_search,13,57,116000,-2.953000068664551,-2.953000068664551
random_search,13,58,118000,-2.953000068664551,-2.953000068664551
random_search,13,59,120000,-2.953000068664551,-2.953000068664551
random_search,13,60,122000,-2.953000068664551,-2.953000068664551
random_search,13,61,124000,-2.753999948501587,-2.753999948501587
random_search,13,62,126000,-2.753999948501587,-2.753999948501587
random_search,13,63,128000,-2.753999948501587,-2.753999948501587
random_search,13,64,130000,-2.753999948501587,-2.753999948501587
random_search,13,65,132000,-2.753999948501587,-2.753999948501587
random_search,13,66,134000,-2.753999948501587,-2.753999948501587
random_search,13,67,136000,-2.753999948501587,-2.753999948501587
random_search,13,68,138000,-2.753999948501587,-2.753999948501587
random_search,13,69,140000,-2.753999948501587,-2.753999948501587
random_search,13,70,142000,-2.753999948501587,-2.753999948501587
random_search,13,71,144000,-2.753999948501587,-2.753999948501587
random_search,13,72,146000,-2.753999948501587,-2.753999948501587
random_search,13,73,148000,-2.753999948501587,-2.753999948501587
random_search,13,74,150000,-2.753999948501587,-2.753999948501587
random_search,13,75,152000,-2.753999948501587,-2.753999948501587
random_search,13,76,154000,-2.753999948501587,-2.753999948501587
random_search,13,77,156000,-2.753999948501587,-2.753999948501587
random_search,13,78,158000,-2.753999948501587,-2.753999948501587
random_search,13,79,160000,-2.753999948501587,-2.753999948501587
random_search,13,80,162000,-2.753999948501587,-2.753999948501587
random_search,13,81,164000,-2.753999948501587,-2.753999948501587
random_search,13,82,166000,-2.753999948501587,-2.753999948501587
random_search,13,83,168000,-2.753999948501587,-2.753999948501587
random_search,13,84,170000,-2.753999948501587,-2.753999948501587
random_search,13,85,172000,-2.753999948501587,-2.753999948501587
random_search,13,86,174000,-2.753999948501587,-2.753999948501587
random_search,13,87,176000,-2.753999948501587,-2.753999948501587
random_search,13,88,178000,-2.753999948501587,-2.753999948501587
random_search,13,89,180000,-2.753999948501587,-2.753999948501587
random_search,13,90,182000,-2.753999948501587,-2.753999948501587
random_search,13,91,184000,-2.753999948501587,-2.753999948501587
random_search,13,92,186000,-2.753999948501587,-2.753999948501587
random_search,13,93,188000,-2.753999948501587,-2.753999948501587
random_search,13,94,190000,-2.753999948501587,-2.753999948501587
random_search,13,95,192000,-2.753999948501587,-2.753999948501587
random_search,13,96,194000,-2.753999948501587,-2.753999948501587
random_search,13,97,196000,-2.753999948501587,-2.753999948501587
random_search,13,98,198000,-2.753999948501587,-2.753999948501587
random_search,13,99,200000,-2.753999948501587,-2.753999948501587
random_search,14,0,2000,-7.906000137329102,-7.906000137329102
random_search,14,1,4000,-7.502999782562256,-7.502999782562256
random_search,14,2,6000,-7.502999782562256,-7.502999782562256
random_search,14,3,8000,-6.504000186920166,-6.504000186920166
random_search,14,4,10000,-4.453000068664551,-4.453000068664551
random_search,14,5,12000,-4.453000068664551,-4.453000068664551
random_search,14,6,14000,-4.453000068664551,-4.453000068664551
random_search,14,7,16000,-4.453000068664551,-4.453000068664551
random_search,14,8,18000,-4.453000068664551,-4.453000068664551
random_search,14,9,20000,-3.502000093460083,-3.502000093460083
random_search,14,10,22000,-3.502000093460083,-3.502000093460083
random_search,14,11,24000,-3.502000093460083,-3.502000093460083
random_search,14,12,26000,-3.502000093460083,-3.502000093460083
random_search,14,13,28000,-3.502000093460083,-3.502000093460083
random_search,14,14,30000,-3.502000093460083,-3.502000093460083
random_search,14,15,32000,-3.502000093460083,-3.502000093460083
random_search,14,16,34000,-3.502000093460083,-3.502000093460083
random_search,14,17,36000,-3.502000093460083,-3.502000093460083
random_search,14,18,38000,-3.502000093460083,-3.502000093460083
random_search,14,19,40000,-3.502000093460083,-3.502000093460083
random_search,14,20,42000,-3.502000093460083,-3.502000093460083
random_search,14,21,44000,-3.502000093460083,-3.502000093460083
random_search,14,22,46000,-3.502000093460083,-3.502000093460083
random_search,14,23,48000,-3.502000093460083,-3.502000093460083
random_search,14,24,50000,-3.502000093460083,-3.502000093460083
random_search,14,25,52000,-3.502000093460083,-3.502000093460083
random_search,14,26,54000,-3.502000093460083,-3.502000093460083
random_search,14,27,56000,-3.502000093460083,-3.502000093460083
random_search,14,28,58000,-3.502000093460083,-3.502000093460083
random_search,14,29,60000,-3.502000093460083,-3.502000093460083
random_search,14,30,62000,-3.502000093460083,-3.502000093460083
random_search,14,31,64000,-3.502000093460083,-3.502000093460083
random_search,14,32,66000,-3.502000093460083,-3.502000093460083
random_search,14,33,68000,-3.502000093460083,-3.502000093460083
random_search,14,34,70000,-3.502000093460083,-3.502000093460083
random_search,14,35,72000,-3.502000093460083,-3.502000093460083
random_search,14,36,74000,-3.502000093460083,-3.502000093460083
random_search,14,37,76000,-3.502000093460083,-3.502000093460083
random_search,14,38,78000,-3.502000093460083,-3.502000093460083
random_search,14,39,80000,-3.502000093460083,-3.502000093460083
random_search,14,40,82000,-3.502000093460083,-3.502000093460083
random_search,14,41,84000,-3.502000093460083,-3.502000093460083
random_search,14,42,86000,-3.502000093460083,-3.502000093460083
random_search,14,43,88000,-3.502000093460083,-3.502000093460083
random_search,14,44,90000,-3.000999927520752,-3.000999927520752
random_search,14,45,92000,-3.000999927520752,-3.000999927520752
random_search,14,46,94000,-3.000999927520752,-3.000999927520752
random_search,14,47,96000,-3.000999927520752,-3.000999927520752
random_search,14,48,98000,-3.000999927520752,-3.000999927520752
random_search,14,49,100000,-3.000999927520752,-3.000999927520752
random_search,14,50,102000,-3.000999927520752,-3.000999927520752
random_search,14,51,104000,-3.000999927520752,-3.000999927520752
random_search,14,52,106000,-3.000999927520752,-3.000999927520752
random_search,14,53,108000,-3.000999927520752,-3.000999927520752
random_search,14,54,110000,-3.000999927520752,-3.000999927520752
random_search,14,55,112000,-3.000999927520752,-3.000999927520752
random_search,14,56,114000,-3.000999927520752,-3.000999927520752
random_search,14,57,116000,-3.000999927520752,-3.000999927520752
random_search,14,58,118000,-2.803999900817871,-2.803999900817871
random_search,14,59,120000,-2.803999900817871,-2.803999900817871
random_search,14,60,122000,-2.803999900817871,-2.803999900817871
random_search,14,61,124000,-2.803999900817871,-2.803999900817871
random_search,14,62,126000,-2.803999900817871,-2.803999900817871
random_search,14,63,128000,-2.803999900817871,-2.803999900817871
random_search,14,64,130000,-2.803999900817871,-2.803999900817871
random_search,14,65,132000,-2.803999900817871,-2.803999900817871
random_search,14,66,134000,-2.803999900817871,-2.803999900817871
random_search,14,67,136000,-2.803999900817871,-2.803999900817871
random_search,14,68,138000,-2.803999900817871,-2.803999900817871
random_search,14,69,140000,-2.803999900817871,-2.803999900817871
random_search,14,70,142000,-2.803999900817871,-2.803999900817871
random_search,14,71,144000,-2.803999900817871,-2.803999900817871
random_search,14,72,146000,-2.803999900817871,-2.803999900817871
random_search,14,73,148000,-2.803999900817871,-2.803999900817871
random_search,14,74,150000,-2.803999900817871,-2.803999900817871
random_search,14,75,152000,-2.803999900817871,-2.803999900817871
random_search,14,76,154000,-2.803999900817871,-2.803999900817871
random_search,14,77,156000,-2.803999900817871,-2.803999900817871
random_search,14,78,158000,-2.803999900817871,-2.803999900817871
random_search,14,79,160000,-2.803999900817871,-2.803999900817871
random_search,14,80,162000,-2.803999900817871,-2.803999900817871
random_search,14,81,164000,-2.803999900817871,-2.803999900817871
random_search,14,82,166000,-2.803999900817871,-2.803999900817871
random_search,14,83,168000,-2.803999900817871,-2.803999900817871
random_search,14,84,170000,-2.803999900817871,-2.803999900817871
random_search,14,85,172000,-2.803999900817871,-2.803999900817871
random_search,14,86,174000,-2.803999900817871,-2.803999900817871
random_search,14,87,176000,-2.803999900817871,-2.803999900817871
random_search,14,88,178000,-2.803999900817871,-2.803999900817871
random_search,14,89,180000,-2.803999900817871,-2.803999900817871
random_search,14,90,182000,-2.803999900817871,-2.803999900817871
random_search,14,91,184000,-2.803999900817871,-2.803999900817871
random_search,14,92,186000,-2.803999900817871,-2.803999900817871
random_search,14,93,188000,-2.803999900817871,-2.803999900817871
random_search,14,94,190000,-2.803999900817871,-2.803999900817871
random_search,14,95,192000,-2.803999900817871,-2.803999900817871
random_search,14,96,194000,-2.803999900817871,-2.803999900817871
random_search,14,97,196000,-2.803999900817871,-2.803999900817871
random_search,14,98,198000,-2.803999900817871,-2.803999900817871
random_search,14,99,200000,-2.803999900817871,-2.803999900817871
random_search,15,0,2000,-9.454000473022461,-9.454000473022461
random_search,15,1,4000,-5.302999973297119,-5.302999973297119
random_search,15,2,6000,-5.302999973297119,-5.302999973297119
random_search,15,3,8000,-5.302999973297119,-5.302999973297119
random_search,15,4,10000,-5.302999973297119,-5.302999973297119
random_search,15,5,12000,-5.302999973297119,-5.302999973297119
random_search,15,6,14000,-5.302999973297119,-5.302999973297119
random_search,15,7,16000,-5.302999973297119,-5.302999973297119
random_search,15,8,18000,-3.1010000705718994,-3.1010000705718994
random_search,15,9,20000,-3.1010000705718994,-3.1010000705718994
random_search,15,10,22000,-3.1010000705718994,-3.1010000705718994
random_search,15,11,24000,-3.1010000705718994,-3.1010000705718994
random_search,15,12,26000,-3.1010000705718994,-3.1010000705718994
random_search,15,13,28000,-3.1010000705718994,-3.1010000705718994
random_search,15,14,30000,-3.1010000705718994,-3.1010000705718994
random_search,15,15,32000,-3.1010000705718994,-3.1010000705718994
random_search,15,16,34000,-3.1010000705718994,-3.1010000705718994
random_search,15,17,36000,-3.1010000705718994,-3.1010000705718994
random_search,15,18,38000,-3.1010000705718994,-3.1010000705718994
random_search,15,19,40000,-3.1010000705718994,-3.1010000705718994
random_search,15,20,42000,-3.1010000705718994,-3.1010000705718994
random_search,15,21,44000,-3.1010000705718994,-3.1010000705718994
random_search,15,22,46000,-3.1010000705718994,-3.1010000705718994
random_search,15,23,48000,-3.1010000705718994,-3.1010000705718994
random_search,15,24,50000,-3.1010000705718994,-3.1010000705718994
random_search,15,25,52000,-3.1010000705718994,-3.1010000705718994
random_search,15,26,54000,-3.1010000705718994,-3.1010000705718994
random_search,15,27,56000,-3.1010000705718994,-3.1010000705718994
random_search,15,28,58000,-3.1010000705718994,-3.1010000705718994
random_search,15,29,60000,-3.1010000705718994,-3.1010000705718994
random_search,15,30,62000,-3.1010000705718994,-3.1010000705718994
random_search,15,31,64000,-3.1010000705718994,-3.1010000705718994
random_search,15,32,66000,-3.1010000705718994,-3.1010000705718994
random_search,15,33,68000,-3.1010000705718994,-3.1010000705718994
random_search,15,34,70000,-3.1010000705718994,-3.1010000705718994
random_search,15,35,72000,-3.1010000705718994,-3.1010000705718994
random_search,15,36,74000,-2.802999973297119,-2.802999973297119
random_search,15,37,76000,-2.802999973297119,-2.802999973297119
random_search,15,38,78000,-2.802999973297119,-2.802999973297119
random_search,15,39,80000,-2.802999973297119,-2.802999973297119
random_search,15,40,82000,-2.802999973297119,-2.802999973297119
random_search,15,41,84000,-2.802999973297119,-2.802999973297119
random_search,15,42,86000,-2.802999973297119,-2.802999973297119
random_search,15,43,88000,-2.802999973297119,-2.802999973297119
random_search,15,44,90000,-2.802999973297119,-2.802999973297119
random_search,15,45,92000,-2.802999973297119,-2.802999973297119
random_search,15,46,94000,-2.802999973297119,-2.802999973297119
random_search,15,47,96000,-2.802999973297119,-2.802999973297119
random_search,15,48,98000,-2.802999973297119,-2.802999973297119
random_search,15,49,100000,-2.802999973297119,-2.802999973297119
random_search,15,50,102000,-2.802999973297119,-2.802999973297119
random_search,15,51,104000,-2.802999973297119,-2.802999973297119
random_search,15,52,106000,-2.802999973297119,-2.802999973297119
random_search,15,53,108000,-2.802999973297119,-2.802999973297119
random_search,15,54,110000,-2.802999973297119,-2.802999973297119
random_search,15,55,112000,-2.802999973297119,-2.802999973297119
random_search,15,56,114000,-2.802999973297119,-2.802999973297119
random_search,15,57,116000,-2.802999973297119,-2.802999973297119
random_search,15,58,118000,-2.802999973297119,-2.802999973297119
random_search,15,59,120000,-2.802999973297119,-2.802999973297119
random_search,15,60,122000,-2.802999973297119,-2.802999973297119
random_search,15,61,124000,-2.802999973297119,-2.802999973297119
random_search,15,62,126000,-2.802999973297119,-2.802999973297119
random_search,15,63,128000,-2.802999973297119,-2.802999973297119
random_search,15,64,130000,-2.802999973297119,-2.802999973297119
random_search,15,65,132000,-2.802999973297119,-2.802999973297119
random_search,15,66,134000,-2.802999973297119,-2.802999973297119
random_search,15,67,136000,-2.802999973297119,-2.802999973297119
random_search,15,68,138000,-2.802999973297119,-2.802999973297119
random_search,15,69,140000,-2.502000093460083,-2.502000093460083
random_search,15,70,142000,-2.502000093460083,-2.502000093460083
random_search,15,71,144000,-2.502000093460083,-2.502000093460083
random_search,15,72,146000,-2.502000093460083,-2.502000093460083
random_search,15,73,148000,-2.502000093460083,-2.502000093460083
random_search,15,74,150000,-2.502000093460083,-2.502000093460083
random_search,15,75,152000,-2.502000093460083,-2.502000093460083
random_search,15,76,154000,-2.502000093460083,-2.502000093460083
random_search,15,77,156000,-2.502000093460083,-2.502000093460083
random_search,15,78,158000,-2.502000093460083,-2.502000093460083
random_search,15,79,160000,-2.502000093460083,-2.502000093460083
random_search,15,80,162000,-2.502000093460083,-2.502000093460083
random_search,15,81,164000,-2.502000093460083,-2.502000093460083
random_search,15,82,166000,-2.502000093460083,-2.502000093460083
random_search,15,83,168000,-2.502000093460083,-2.502000093460083
random_search,15,84,170000,-2.502000093460083,-2.502000093460083
random_search,15,85,172000,-2.502000093460083,-2.502000093460083
random_search,15,86,174000,-2.253000020980835,-2.253000020980835
random_search,15,87,176000,-2.253000020980835,-2.253000020980835
random_search,15,88,178000,-2.253000020980835,-2.253000020980835
random_search,15,89,180000,-2.253000020980835,-2.253000020980835
random_search,15,90,182000,-2.253000020980835,-2.253000020980835
random_search,15,91,184000,-2.253000020980835,-2.253000020980835
random_search,15,92,186000,-2.253000020980835,-2.253000020980835
random_search,15,93,188000,-2.253000020980835,-2.253000020980835
random_search,15,94,190000,-2.253000020980835,-2.253000020980835
random_search,15,95,192000,-2.253000020980835,-2.253000020980835
random_search,15,96,194000,-2.253000020980835,-2.253000020980835
random_search,15,97,196000,-2.253000020980835,-2.253000020980835
random_search,15,98,198000,-2.253000020980835,-2.253000020980835
random_search,15,99,200000,-2.253000020980835,-2.253000020980835
random_search,16,0,2000,-8.60200023651123,-8.60200023651123
random_search,16,1,4000,-4.500999927520752,-4.500999927520752
random_search,16,2,6000,-4.500999927520752,-4.500999927520752
random_search,16,3,8000,-4.500999927520752,-4.500999927520752
random_search,16,4,10000,-4.500999927520752,-4.500999927520752
random_search,16,5,12000,-4.500999927520752,-4.500999927520752
random_search,16,6,14000,-4.500999927520752,-4.500999927520752
random_search,16,7,16000,-4.500999927520752,-4.500999927520752
random_search,16,8,18000,-4.500999927520752,-4.500999927520752
random_search,16,9,20000,-4.500999927520752,-4.500999927520752
random_search,16,10,22000,-4.500999927520752,-4.500999927520752
random_search,16,11,24000,-4.500999927520752,-4.500999927520752
random_search,16,12,26000,-4.500999927520752,-4.500999927520752
random_search,16,13,28000,-4.500999927520752,-4.500999927520752
random_search,16,14,30000,-4.500999927520752,-4.500999927520752
random_search,16,15,32000,-4.500999927520752,-4.500999927520752
random_search,16,16,34000,-4.201000213623047,-4.201000213623047
random_search,16,17,36000,-4.201000213623047,-4.201000213623047
random_search,16,18,38000,-4.201000213623047,-4.201000213623047
random_search,16,19,40000,-4.201000213623047,-4.201000213623047
random_search,16,20,42000,-4.201000213623047,-4.201000213623047
random_search,16,21,44000,-4.201000213623047,-4.201000213623047
random_search,16,22,46000,-4.201000213623047,-4.201000213623047
random_search,16,23,48000,-4.057000160217285,-4.057000160217285
random_search,16,24,50000,-4.057000160217285,-4.057000160217285
random_search,16,25,52000,-2.1029999256134033,-2.1029999256134033
random_search,16,26,54000,-2.1029999256134033,-2.1029999256134033
random_search,16,27,56000,-2.1029999256134033,-2.1029999256134033
random_search,16,28,58000,-2.1029999256134033,-2.1029999256134033
random_search,16,29,60000,-2.1029999256134033,-2.1029999256134033
random_search,16,30,62000,-2.1029999256134033,-2.1029999256134033
random_search,16,31,64000,-2.1029999256134033,-2.1029999256134033
random_search,16,32,66000,-2.1029999256134033,-2.1029999256134033
random_search,16,33,68000,-2.1029999256134033,-2.1029999256134033
random_search,16,34,70000,-2.1029999256134033,-2.1029999256134033
random_search,16,35,72000,-2.1029999256134033,-2.1029999256134033
random_search,16,36,74000,-2.1029999256134033,-2.1029999256134033
random_search,16,37,76000,-2.1029999256134033,-2.1029999256134033
random_search,16,38,78000,-2.1029999256134033,-2.1029999256134033
random_search,16,39,80000,-2.1029999256134033,-2.1029999256134033
random_search,16,40,82000,-2.1029999256134033,-2.1029999256134033
random_search,16,41,84000,-2.1029999256134033,-2.1029999256134033
random_search,16,42,86000,-2.1029999256134033,-2.1029999256134033
random_search,16,43,88000,-2.1029999256134033,-2.1029999256134033
random_search,16,44,90000,-2.1029999256134033,-2.1029999256134033
random_search,16,45,92000,-2.1029999256134033,-2.1029999256134033
random_search,16,46,94000,-2.1029999256134033,-2.1029999256134033
random_search,16,47,96000,-2.1029999256134033,-2.1029999256134033
random_search,16,48,98000,-2.1029999256134033,-2.1029999256134033
random_search,16,49,100000,-2.1029999256134033,-2.1029999256134033
random_search,16,50,102000,-2.1029999256134033,-2.1029999256134033
random_search,16,51,104000,-2.1029999256134033,-2.1029999256134033
random_search,16,52,106000,-2.1029999256134033,-2.1029999256134033
random_search,16,53,108000,-2.1029999256134033,-2.1029999256134033
random_search,16,54,110000,-2.1029999256134033,-2.1029999256134033
random_search,16,55,112000,-2.1029999256134033,-2.1029999256134033
random_search,16,56,114000,-2.1029999256134033,-2.1029999256134033
random_search,16,57,116000,-2.1029999256134033,-2.1029999256134033
random_search,16,58,118000,-2.1029999256134033,-2.1029999256134033
random_search,16,59,120000,-2.1029999256134033,-2.1029999256134033
random_search,16,60,122000,-2.1029999256134033,-2.1029999256134033
random_search,16,61,124000,-2.1029999256134033,-2.1029999256134033
random_search,16,62,126000,-2.1029999256134033,-2.1029999256134033
random_search,16,63,128000,-2.1029999256134033,-2.1029999256134033
random_search,16,64,130000,-2.1029999256134033,-2.1029999256134033
random_search,16,65,132000,-2.1029999256134033,-2.1029999256134033
random_search,16,66,134000,-2.1029999256134033,-2.1029999256134033
random_search,16,67,136000,-2.1029999256134033,-2.1029999256134033
random_search,16,68,138000,-2.1029999256134033,-2.1029999256134033
random_search,16,69,140000,-2.1029999256134033,-2.1029999256134033
random_search,16,70,142000,-2.1029999256134033,-2.1029999256134033
random_search,16,71,144000,-2.1029999256134033,-2.1029999256134033
random_search,16,72,146000,-2.1029999256134033,-2.1029999256134033
random_search,16,73,148000,-2.1029999256134033,-2.1029999256134033
random_search,16,74,150000,-2.1029999256134033,-2.1029999256134033
random_search,16,75,152000,-2.1029999256134033,-2.1029999256134033
random_search,16,76,154000,-2.1029999256134033,-2.1029999256134033
random_search,16,77,156000,-2.1029999256134033,-2.1029999256134033
random_search,16,78,158000,-2.1029999256134033,-2.1029999256134033
random_search,16,79,160000,-2.1029999256134033,-2.1029999256134033
random_search,16,80,162000,-2.1029999256134033,-2.1029999256134033
random_search,16,81,164000,-2.1029999256134033,-2.1029999256134033
random_search,16,82,166000,-2.1029999256134033,-2.1029999256134033
random_search,16,83,168000,-2.1029999256134033,-2.1029999256134033
random_search,16,84,170000,-2.1029999256134033,-2.1029999256134033
random_search,16,85,172000,-2.1029999256134033,-2.1029999256134033
random_search,16,86,174000,-2.1029999256134033,-2.1029999256134033
random_search,16,87,176000,-2.1029999256134033,-2.1029999256134033
random_search,16,88,178000,-2.1029999256134033,-2.1029999256134033
random_search,16,89,180000,-2.1029999256134033,-2.1029999256134033
random_search,16,90,182000,-2.1029999256134033,-2.1029999256134033
random_search,16,91,184000,-2.1029999256134033,-2.1029999256134033
random_search,16,92,186000,-2.1029999256134033,-2.1029999256134033
random_search,16,93,188000,-2.1029999256134033,-2.1029999256134033
random_search,16,94,190000,-2.1029999256134033,-2.1029999256134033
random_search,16,95,192000,-2.1029999256134033,-2.1029999256134033
random_search,16,96,194000,-2.1029999256134033,-2.1029999256134033
random_search,16,97,196000,-2.1029999256134033,-2.1029999256134033
random_search,16,98,198000,-2.1029999256134033,-2.1029999256134033
random_search,16,99,200000,-2.1029999256134033,-2.1029999256134033
random_search,17,0,2000,-5.1020002365112305,-5.1020002365112305
random_search,17,1,4000,-5.1020002365112305,-5.1020002365112305
random_search,17,2,6000,-5.1020002365112305,-5.1020002365112305
random_search,17,3,8000,-5.1020002365112305,-5.1020002365112305
random_search,17,4,10000,-5.1020002365112305,-5.1020002365112305
random_search,17,5,12000,-5.1020002365112305,-5.1020002365112305
random_search,17,6,14000,-5.1020002365112305,-5.1020002365112305
random_search,17,7,16000,-5.1020002365112305,-5.1020002365112305
random_search,17,8,18000,-5.1020002365112305,-5.1020002365112305
random_search,17,9,20000,-5.1020002365112305,-5.1020002365112305
random_search,17,10,22000,-5.1020002365112305,-5.1020002365112305
random_search,17,11,24000,-5.1020002365112305,-5.1020002365112305
random_search,17,12,26000,-4.60099983215332,-4.60099983215332
random_search,17,13,28000,-4.353000164031982,-4.353000164031982
random_search,17,14,30000,-4.353000164031982,-4.353000164031982
random_search,17,15,32000,-4.353000164031982,-4.353000164031982
random_search,17,16,34000,-4.353000164031982,-4.353000164031982
random_search,17,17,36000,-4.353000164031982,-4.353000164031982
random_search,17,18,38000,-4.353000164031982,-4.353000164031982
random_search,17,19,40000,-4.353000164031982,-4.353000164031982
random_search,17,20,42000,-4.353000164031982,-4.353000164031982
random_search,17,21,44000,-4.353000164031982,-4.353000164031982
random_search,17,22,46000,-4.353000164031982,-4.353000164031982
random_search,17,23,48000,-4.353000164031982,-4.353000164031982
random_search,17,24,50000,-4.353000164031982,-4.353000164031982
random_search,17,25,52000,-4.353000164031982,-4.353000164031982
random_search,17,26,54000,-4.353000164031982,-4.353000164031982
random_search,17,27,56000,-4.353000164031982,-4.353000164031982
random_search,17,28,58000,-4.201000213623047,-4.201000213623047
random_search,17,29,60000,-4.201000213623047,-4.201000213623047
random_search,17,30,62000,-4.201000213623047,-4.201000213623047
random_search,17,31,64000,-4.201000213623047,-4.201000213623047
random_search,17,32,66000,-4.201000213623047,-4.201000213623047
random_search,17,33,68000,-4.201000213623047,-4.201000213623047
random_search,17,34,70000,-4.201000213623047,-4.201000213623047
random_search,17,35,72000,-4.201000213623047,-4.201000213623047
random_search,17,36,74000,-4.201000213623047,-4.201000213623047
random_search,17,37,76000,-3.703000068664551,-3.703000068664551
random_search,17,38,78000,-3.703000068664551,-3.703000068664551
random_search,17,39,80000,-3.703000068664551,-3.703000068664551
random_search,17,40,82000,-3.703000068664551,-3.703000068664551
random_search,17,41,84000,-3.703000068664551,-3.703000068664551
random_search,17,42,86000,-3.703000068664551,-3.703000068664551
random_search,17,43,88000,-3.703000068664551,-3.703000068664551
random_search,17,44,90000,-3.703000068664551,-3.703000068664551
random_search,17,45,92000,-3.703000068664551,-3.703000068664551
random_search,17,46,94000,-3.703000068664551,-3.703000068664551
random_search,17,47,96000,-3.703000068664551,-3.703000068664551
random_search,17,48,98000,-3.703000068664551,-3.703000068664551
random_search,17,49,100000,-3.703000068664551,-3.703000068664551
random_search,17,50,102000,-3.703000068664551,-3.703000068664551
random_search,17,51,104000,-3.703000068664551,-3.703000068664551
random_search,17,52,106000,-3.703000068664551,-3.703000068664551
random_search,17,53,108000,-3.703000068664551,-3.703000068664551
random_search,17,54,110000,-3.703000068664551,-3.703000068664551
random_search,17,55,112000,-3.703000068664551,-3.703000068664551
random_search,17,56,114000,-3.703000068664551,-3.703000068664551
random_search,17,57,116000,-3.703000068664551,-3.703000068664551
random_search,17,58,118000,-3.703000068664551,-3.703000068664551
random_search,17,59,120000,-3.703000068664551,-3.703000068664551
random_search,17,60,122000,-3.703000068664551,-3.703000068664551
random_search,17,61,124000,-3.703000068664551,-3.703000068664551
random_search,17,62,126000,-3.703000068664551,-3.703000068664551
random_search,17,63,128000,-3.703000068664551,-3.703000068664551
random_search,17,64,130000,-3.703000068664551,-3.703000068664551
random_search,17,65,132000,-3.703000068664551,-3.703000068664551
random_search,17,66,134000,-3.703000068664551,-3.703000068664551
random_search,17,67,136000,-3.703000068664551,-3.703000068664551
random_search,17,68,138000,-3.703000068664551,-3.703000068664551
random_search,17,69,140000,-2.6010000705718994,-2.6010000705718994
random_search,17,70,142000,-2.6010000705718994,-2.6010000705718994
random_search,17,71,144000,-2.6010000705718994,-2.6010000705718994
random_search,17,72,146000,-2.6010000705718994,-2.6010000705718994
random_search,17,73,148000,-2.6010000705718994,-2.6010000705718994
random_search,17,74,150000,-2.6010000705718994,-2.6010000705718994
random_search,17,75,152000,-2.6010000705718994,-2.6010000705718994
random_search,17,76,154000,-2.6010000705718994,-2.6010000705718994
random_search,17,77,156000,-2.6010000705718994,-2.6010000705718994
random_search,17,78,158000,-2.6010000705718994,-2.6010000705718994
random_search,17,79,160000,-2.6010000705718994,-2.6010000705718994
random_search,17,80,162000,-2.6010000705718994,-2.6010000705718994
random_search,17,81,164000,-2.6010000705718994,-2.6010000705718994
random_search,17,82,166000,-2.6010000705718994,-2.6010000705718994
random_search,17,83,168000,-2.6010000705718994,-2.6010000705718994
random_search,17,84,170000,-2.6010000705718994,-2.6010000705718994
random_search,17,85,172000,-2.6010000705718994,-2.6010000705718994
random_search,17,86,174000,-2.6010000705718994,-2.6010000705718994
random_search,17,87,176000,-2.6010000705718994,-2.6010000705718994
random_search,17,88,178000,-2.6010000705718994,-2.6010000705718994
random_search,17,89,180000,-2.6010000705718994,-2.6010000705718994
random_search,17,90,182000,-2.6010000705718994,-2.6010000705718994
random_search,17,91,184000,-2.6010000705718994,-2.6010000705718994
random_search,17,92,186000,-2.6010000705718994,-2.6010000705718994
random_search,17,93,188000,-2.6010000705718994,-2.6010000705718994
random_search,17,94,190000,-2.6010000705718994,-2.6010000705718994
random_search,17,95,192000,-2.6010000705718994,-2.6010000705718994
random_search,17,96,194000,-2.6010000705718994,-2.6010000705718994
random_search,17,97,196000,-2.6010000705718994,-2.6010000705718994
random_search,17,98,198000,-2.6010000705718994,-2.6010000705718994
random_search,17,99,200000,-2.6010000705718994,-2.6010000705718994
random_search,18,0,2000,-4.6020002365112305,-4.6020002365112305
random_search,18,1,4000,-4.6020002365112305,-4.6020002365112305
random_search,18,2,6000,-4.6020002365112305,-4.6020002365112305
random_search,18,3,8000,-4.6020002365112305,-4.6020002365112305
random_search,18,4,10000,-4.6020002365112305,-4.6020002365112305
random_search,18,5,12000,-4.6020002365112305,-4.6020002365112305
random_search,18,6,14000,-4.6020002365112305,-4.6020002365112305
random_search,18,7,16000,-2.7039999961853027,-2.7039999961853027
random_search,18,8,18000,-2.7039999961853027,-2.7039999961853027
random_search,18,9,20000,-2.7039999961853027,-2.7039999961853027
random_search,18,10,22000,-2.7039999961853027,-2.7039999961853027
random_search,18,11,24000,-2.7039999961853027,-2.7039999961853027
random_search,18,12,26000,-2.7039999961853027,-2.7039999961853027
random_search,18,13,28000,-2.7039999961853027,-2.7039999961853027
random_search,18,14,30000,-2.7039999961853027,-2.7039999961853027
random_search,18,15,32000,-2.7039999961853027,-2.7039999961853027
random_search,18,16,34000,-2.7039999961853027,-2.7039999961853027
random_search,18,17,36000,-2.7039999961853027,-2.7039999961853027
random_search,18,18,38000,-2.7039999961853027,-2.7039999961853027
random_search,18,19,40000,-2.7039999961853027,-2.7039999961853027
random_search,18,20,42000,-2.7039999961853027,-2.7039999961853027
random_search,18,21,44000,-2.7039999961853027,-2.7039999961853027
random_search,18,22,46000,-2.7039999961853027,-2.7039999961853027
random_search,18,23,48000,-2.7039999961853027,-2.7039999961853027
random_search,18,24,50000,-2.7039999961853027,-2.7039999961853027
random_search,18,25,52000,-0.5040000081062317,-0.5040000081062317
random_search,18,26,54000,-0.5040000081062317,-0.5040000081062317
random_search,18,27,56000,-0.5040000081062317,-0.5040000081062317
random_search,18,28,58000,-0.5040000081062317,-0.5040000081062317
random_search,18,29,60000,-0.5040000081062317,-0.5040000081062317
random_search,18,30,62000,-0.5040000081062317,-0.5040000081062317
random_search,18,31,64000,-0.5040000081062317,-0.5040000081062317
random_search,18,32,66000,-0.5040000081062317,-0.5040000081062317
random_search,18,33,68000,-0.5040000081062317,-0.5040000081062317
random_search,18,34,70000,-0.5040000081062317,-0.5040000081062317
random_search,18,35,72000,-0.5040000081062317,-0.5040000081062317
random_search,18,36,74000,-0.5040000081062317,-0.5040000081062317
random_search,18,37,76000,-0.5040000081062317,-0.5040000081062317
random_search,18,38,78000,-0.5040000081062317,-0.5040000081062317
random_search,18,39,80000,-0.5040000081062317,-0.5040000081062317
random_search,18,40,82000,-0.5040000081062317,-0.5040000081062317
random_search,18,41,84000,-0.5040000081062317,-0.5040000081062317
random_search,18,42,86000,-0.5040000081062317,-0.5040000081062317
random_search,18,43,88000,-0.5040000081062317,-0.5040000081062317
random_search,18,44,90000,-0.5040000081062317,-0.5040000081062317
random_search,18,45,92000,-0.5040000081062317,-0.5040000081062317
random_search,18,46,94000,-0.5040000081062317,-0.5040000081062317
random_search,18,47,96000,-0.5040000081062317,-0.5040000081062317
random_search,18,48,98000,-0.5040000081062317,-0.5040000081062317
random_search,18,49,100000,-0.5040000081062317,-0.5040000081062317
random_search,18,50,102000,-0.5040000081062317,-0.5040000081062317
random_search,18,51,104000,-0.5040000081062317,-0.5040000081062317
random_search,18,52,106000,-0.5040000081062317,-0.5040000081062317
random_search,18,53,108000,-0.5040000081062317,-0.5040000081062317
random_search,18,54,110000,-0.5040000081062317,-0.5040000081062317
random_search,18,55,112000,-0.5040000081062317,-0.5040000081062317
random_search,18,56,114000,-0.5040000081062317,-0.5040000081062317
random_search,18,57,116000,-0.5040000081062317,-0.5040000081062317
random_search,18,58,118000,-0.5040000081062317,-0.5040000081062317
random_search,18,59,120000,-0.5040000081062317,-0.5040000081062317
random_search,18,60,122000,-0.5040000081062317,-0.5040000081062317
random_search,18,61,124000,-0.5040000081062317,-0.5040000081062317
random_search,18,62,126000,-0.5040000081062317,-0.5040000081062317
random_search,18,63,128000,-0.5040000081062317,-0.5040000081062317
random_search,18,64,130000,-0.5040000081062317,-0.5040000081062317
random_search,18,65,132000,-0.5040000081062317,-0.5040000081062317
random_search,18,66,134000,-0.5040000081062317,-0.5040000081062317
random_search,18,67,136000,-0.5040000081062317,-0.5040000081062317
random_search,18,68,138000,-0.5040000081062317,-0.5040000081062317
random_search,18,69,140000,-0.5040000081062317,-0.5040000081062317
random_search,18,70,142000,-0.5040000081062317,-0.5040000081062317
random_search,18,71,144000,-0.5040000081062317,-0.5040000081062317
random_search,18,72,146000,-0.5040000081062317,-0.5040000081062317
random_search,18,73,148000,-0.5040000081062317,-0.5040000081062317
random_search,18,74,150000,-0.5040000081062317,-0.5040000081062317
random_search,18,75,152000,-0.5040000081062317,-0.5040000081062317
random_search,18,76,154000,-0.5040000081062317,-0.5040000081062317
random_search,18,77,156000,-0.5040000081062317,-0.5040000081062317
random_search,18,78,158000,-0.5040000081062317,-0.5040000081062317
random_search,18,79,160000,-0.5040000081062317,-0.5040000081062317
random_search,18,80,162000,-0.5040000081062317,-0.5040000081062317
random_search,18,81,164000,-0.5040000081062317,-0.5040000081062317
random_search,18,82,166000,-0.5040000081062317,-0.5040000081062317
random_search,18,83,168000,-0.5040000081062317,-0.5040000081062317
random_search,18,84,170000,-0.5040000081062317,-0.5040000081062317
random_search,18,85,172000,-0.5040000081062317,-0.5040000081062317
random_search,18,86,174000,-0.5040000081062317,-0.5040000081062317
random_search,18,87,176000,-0.5040000081062317,-0.5040000081062317
random_search,18,88,178000,-0.5040000081062317,-0.5040000081062317
random_search,18,89,180000,-0.5040000081062317,-0.5040000081062317
random_search,18,90,182000,-0.5040000081062317,-0.5040000081062317
random_search,18,91,184000,-0.5040000081062317,-0.5040000081062317
random_search,18,92,186000,-0.5040000081062317,-0.5040000081062317
random_search,18,93,188000,-0.5040000081062317,-0.5040000081062317
random_search,18,94,190000,-0.5040000081062317,-0.5040000081062317
random_search,18,95,192000,-0.5040000081062317,-0.5040000081062317
random_search,18,96,194000,-0.5040000081062317,-0.5040000081062317
random_search,18,97,196000,-0.5040000081062317,-0.5040000081062317
random_search,18,98,198000,-0.5040000081062317,-0.5040000081062317
random_search,18,99,200000,-0.5040000081062317,-0.5040000081062317
random_search,19,0,2000,-7.802999973297119,-7.802999973297119
random_search,19,1,4000,-7.802999973297119,-7.802999973297119
random_search,19,2,6000,-7.802999973297119,-7.802999973297119
random_search,19,3,8000,-7.802999973297119,-7.802999973297119
random_search,19,4,10000,-6.504000186920166,-6.504000186920166
random_search,19,5,12000,-5.603000164031982,-5.603000164031982
random_search,19,6,14000,-5.603000164031982,-5.603000164031982
random_search,19,7,16000,-5.603000164031982,-5.603000164031982
random_search,19,8,18000,-5.302000045776367,-5.302000045776367
random_search,19,9,20000,-5.302000045776367,-5.302000045776367
random_search,19,10,22000,-5.302000045776367,-5.302000045776367
random_search,19,11,24000,-5.302000045776367,-5.302000045776367
random_search,19,12,26000,-5.001999855041504,-5.001999855041504
random_search,19,13,28000,-4.952000141143799,-4.952000141143799
random_search,19,14,30000,-4.952000141143799,-4.952000141143799
random_search,19,15,32000,-4.952000141143799,-4.952000141143799
random_search,19,16,34000,-4.952000141143799,-4.952000141143799
random_search,19,17,36000,-4.952000141143799,-4.952000141143799
random_search,19,18,38000,-4.952000141143799,-4.952000141143799
random_search,19,19,40000,-4.952000141143799,-4.952000141143799
random_search,19,20,42000,-4.952000141143799,-4.952000141143799
random_search,19,21,44000,-4.952000141143799,-4.952000141143799
random_search,19,22,46000,-4.952000141143799,-4.952000141143799
random_search,19,23,48000,-4.952000141143799,-4.952000141143799
random_search,19,24,50000,-4.952000141143799,-4.952000141143799
random_search,19,25,52000,-4.952000141143799,-4.952000141143799
random_search,19,26,54000,-4.952000141143799,-4.952000141143799
random_search,19,27,56000,-4.952000141143799,-4.952000141143799
random_search,19,28,58000,-4.952000141143799,-4.952000141143799
random_search,19,29,60000,-4.952000141143799,-4.952000141143799
random_search,19,30,62000,-4.952000141143799,-4.952000141143799
random_search,19,31,64000,-4.952000141143799,-4.952000141143799
random_search,19,32,66000,-4.952000141143799,-4.952000141143799
random_search,19,33,68000,-3.6019999980926514,-3.6019999980926514
random_search,19,34,70000,-3.6019999980926514,-3.6019999980926514
random_search,19,35,72000,-3.6019999980926514,-3.6019999980926514
random_search,19,36,74000,-3.6019999980926514,-3.6019999980926514
random_search,19,37,76000,-3.6019999980926514,-3.6019999980926514
random_search,19,38,78000,-3.6019999980926514,-3.6019999980926514
random_search,19,39,80000,-3.6019999980926514,-3.6019999980926514
random_search,19,40,82000,-3.6019999980926514,-3.6019999980926514
random_search,19,41,84000,-3.6019999980926514,-3.6019999980926514
random_search,19,42,86000,-3.6019999980926514,-3.6019999980926514
random_search,19,43,88000,-3.6019999980926514,-3.6019999980926514
random_search,19,44,90000,-3.6019999980926514,-3.6019999980926514
random_search,19,45,92000,-3.6019999980926514,-3.6019999980926514
random_search,19,46,94000,-3.6019999980926514,-3.6019999980926514
random_search,19,47,96000,-3.6019999980926514,-3.6019999980926514
random_search,19,48,98000,-3.6019999980926514,-3.6019999980926514
random_search,19,49,100000,-3.6019999980926514,-3.6019999980926514
random_search,19,50,102000,-3.6019999980926514,-3.6019999980926514
random_search,19,51,104000,-3.6019999980926514,-3.6019999980926514
random_search,19,52,106000,-3.6019999980926514,-3.6019999980926514
random_search,19,53,108000,-3.6019999980926514,-3.6019999980926514
random_search,19,54,110000,-3.6019999980926514,-3.6019999980926514
random_search,19,55,112000,-3.6019999980926514,-3.6019999980926514
random_search,19,56,114000,-3.6019999980926514,-3.6019999980926514
random_search,19,57,116000,-3.6019999980926514,-3.6019999980926514
random_search,19,58,118000,-3.6019999980926514,-3.6019999980926514
random_search,19,59,120000,-3.6019999980926514,-3.6019999980926514
random_search,19,60,122000,-3.6019999980926514,-3.6019999980926514
random_search,19,61,124000,-3.6019999980926514,-3.6019999980926514
random_search,19,62,126000,-3.6019999980926514,-3.6019999980926514
random_search,19,63,128000,-3.6019999980926514,-3.6019999980926514
random_search,19,64,130000,-3.6019999980926514,-3.6019999980926514
random_search,19,65,132000,-3.6019999980926514,-3.6019999980926514
random_search,19,66,134000,-3.6019999980926514,-3.6019999980926514
random_search,19,67,136000,-3.6019999980926514,-3.6019999980926514
random_search,19,68,138000,-3.6019999980926514,-3.6019999980926514
random_search,19,69,140000,-3.6019999980926514,-3.6019999980926514
random_search,19,70,142000,-3.6019999980926514,-3.6019999980926514
random_search,19,71,144000,-3.6019999980926514,-3.6019999980926514
random_search,19,72,146000,-3.6019999980926514,-3.6019999980926514
random_search,19,73,148000,-3.6019999980926514,-3.6019999980926514
random_search,19,74,150000,-3.6019999980926514,-3.6019999980926514
random_search,19,75,152000,-3.6019999980926514,-3.6019999980926514
random_search,19,76,154000,-3.6019999980926514,-3.6019999980926514
random_search,19,77,156000,-3.6019999980926514,-3.6019999980926514
random_search,19,78,158000,-3.6019999980926514,-3.6019999980926514
random_search,19,79,160000,-3.6019999980926514,-3.6019999980926514
random_search,19,80,162000,-3.6019999980926514,-3.6019999980926514
random_search,19,81,164000,-3.6019999980926514,-3.6019999980926514
random_search,19,82,166000,-3.6019999980926514,-3.6019999980926514
random_search,19,83,168000,-3.6019999980926514,-3.6019999980926514
random_search,19,84,170000,-3.6019999980926514,-3.6019999980926514
random_search,19,85,172000,-3.6019999980926514,-3.6019999980926514
random_search,19,86,174000,-3.6019999980926514,-3.6019999980926514
random_search,19,87,176000,-3.6019999980926514,-3.6019999980926514
random_search,19,88,178000,-3.6019999980926514,-3.6019999980926514
random_search,19,89,180000,-3.6019999980926514,-3.6019999980926514
random_search,19,90,182000,-2.502000093460083,-2.502000093460083
random_search,19,91,184000,-2.502000093460083,-2.502000093460083
random_search,19,92,186000,-2.502000093460083,-2.502000093460083
random_search,19,93,188000,-2.502000093460083,-2.502000093460083
random_search,19,94,190000,-2.502000093460083,-2.502000093460083
random_search,19,95,192000,-2.502000093460083,-2.502000093460083
random_search,19,96,194000,-2.502000093460083,-2.502000093460083
random_search,19,97,196000,-2.502000093460083,-2.502000093460083
random_search,19,98,198000,-2.502000093460083,-2.502000093460083
random_search,19,99,200000,-2.502000093460083,-2.502000093460083
random_search,20,0,2000,-5.4039998054504395,-5.4039998054504395
random_search,20,1,4000,-5.4039998054504395,-5.4039998054504395
random_search,20,2,6000,-5.4039998054504395,-5.4039998054504395
random_search,20,3,8000,-5.4039998054504395,-5.4039998054504395
random_search,20,4,10000,-4.401000022888184,-4.401000022888184
random_search,20,5,12000,-4.401000022888184,-4.401000022888184
random_search,20,6,14000,-4.401000022888184,-4.401000022888184
random_search,20,7,16000,-4.401000022888184,-4.401000022888184
random_search,20,8,18000,-4.401000022888184,-4.401000022888184
random_search,20,9,20000,-4.401000022888184,-4.401000022888184
random_search,20,10,22000,-4.401000022888184,-4.401000022888184
random_search,20,11,24000,-4.401000022888184,-4.401000022888184
random_search,20,12,26000,-4.401000022888184,-4.401000022888184
random_search,20,13,28000,-3.8529999256134033,-3.8529999256134033
random_search,20,14,30000,-3.8529999256134033,-3.8529999256134033
random_search,20,15,32000,-3.8529999256134033,-3.8529999256134033
random_search,20,16,34000,-3.8529999256134033,-3.8529999256134033
random_search,20,17,36000,-3.8529999256134033,-3.8529999256134033
random_search,20,18,38000,-3.8529999256134033,-3.8529999256134033
random_search,20,19,40000,-3.8529999256134033,-3.8529999256134033
random_search,20,20,42000,-3.8529999256134033,-3.8529999256134033
random_search,20,21,44000,-3.8529999256134033,-3.8529999256134033
random_search,20,22,46000,-2.3010001182556152,-2.3010001182556152
random_search,20,23,48000,-2.3010001182556152,-2.3010001182556152
random_search,20,24,50000,-2.3010001182556152,-2.3010001182556152
random_search,20,25,52000,-2.3010001182556152,-2.3010001182556152
random_search,20,26,54000,-2.3010001182556152,-2.3010001182556152
random_search,20,27,56000,-2.3010001182556152,-2.3010001182556152
random_search,20,28,58000,-2.3010001182556152,-2.3010001182556152
random_search,20,29,60000,-2.3010001182556152,-2.3010001182556152
random_search,20,30,62000,-2.3010001182556152,-2.3010001182556152
random_search,20,31,64000,-2.3010001182556152,-2.3010001182556152
random_search,20,32,66000,-2.3010001182556152,-2.3010001182556152
random_search,20,33,68000,-2.3010001182556152,-2.3010001182556152
random_search,20,34,70000,-2.3010001182556152,-2.3010001182556152
random_search,20,35,72000,-2.3010001182556152,-2.3010001182556152
random_search,20,36,74000,-2.3010001182556152,-2.3010001182556152
random_search,20,37,76000,-2.3010001182556152,-2.3010001182556152
random_search,20,38,78000,-2.3010001182556152,-2.3010001182556152
random_search,20,39,80000,-2.3010001182556152,-2.3010001182556152
random_search,20,40,82000,-2.3010001182556152,-2.3010001182556152
random_search,20,41,84000,-2.3010001182556152,-2.3010001182556152
random_search,20,42,86000,-2.3010001182556152,-2.3010001182556152
random_search,20,43,88000,-2.3010001182556152,-2.3010001182556152
random_search,20,44,90000,-2.3010001182556152,-2.3010001182556152
random_search,20,45,92000,-2.3010001182556152,-2.3010001182556152
random_search,20,46,94000,-2.3010001182556152,-2.3010001182556152
random_search,20,47,96000,-2.3010001182556152,-2.3010001182556152
random_search,20,48,98000,-2.3010001182556152,-2.3010001182556152
random_search,20,49,100000,-2.3010001182556152,-2.3010001182556152
random_search,20,50,102000,-2.3010001182556152,-2.3010001182556152
random_search,20,51,104000,-2.3010001182556152,-2.3010001182556152
random_search,20,52,106000,-2.3010001182556152,-2.3010001182556152
random_search,20,53,108000,-2.3010001182556152,-2.3010001182556152
random_search,20,54,110000,-2.3010001182556152,-2.3010001182556152
random_search,20,55,112000,-2.3010001182556152,-2.3010001182556152
random_search,20,56,114000,-2.3010001182556152,-2.3010001182556152
random_search,20,57,116000,-2.3010001182556152,-2.3010001182556152
random_search,20,58,118000,-2.3010001182556152,-2.3010001182556152
random_search,20,59,120000,-2.3010001182556152,-2.3010001182556152
random_search,20,60,122000,-2.3010001182556152,-2.3010001182556152
random_search,20,61,124000,-2.3010001182556152,-2.3010001182556152
random_search,20,62,126000,-2.3010001182556152,-2.3010001182556152
random_search,20,63,128000,-2.3010001182556152,-2.3010001182556152
random_search,20,64,130000,-2.3010001182556152,-2.3010001182556152
random_search,20,65,132000,-2.3010001182556152,-2.3010001182556152
random_search,20,66,134000,-2.3010001182556152,-2.3010001182556152
random_search,20,67,136000,-2.3010001182556152,-2.3010001182556152
random_search,20,68,138000,-2.3010001182556152,-2.3010001182556152
random_search,20,69,140000,-2.3010001182556152,-2.3010001182556152
random_search,20,70,142000,-2.3010001182556152,-2.3010001182556152
random_search,20,71,144000,-2.3010001182556152,-2.3010001182556152
random_search,20,72,146000,-2.3010001182556152,-2.3010001182556152
random_search,20,73,148000,-2.3010001182556152,-2.3010001182556152
random_search,20,74,150000,-2.3010001182556152,-2.3010001182556152
random_search,20,75,152000,-2.3010001182556152,-2.3010001182556152
random_search,20,76,154000,-2.3010001182556152,-2.3010001182556152
random_search,20,77,156000,-2.3010001182556152,-2.3010001182556152
random_search,20,78,158000,-2.3010001182556152,-2.3010001182556152
random_search,20,79,160000,-2.3010001182556152,-2.3010001182556152
random_search,20,80,162000,-2.3010001182556152,-2.3010001182556152
random_search,20,81,164000,-2.3010001182556152,-2.3010001182556152
random_search,20,82,166000,-2.3010001182556152,-2.3010001182556152
random_search,20,83,168000,-2.3010001182556152,-2.3010001182556152
random_search,20,84,170000,-2.3010001182556152,-2.3010001182556152
random_search,20,85,172000,-2.3010001182556152,-2.3010001182556152
random_search,20,86,174000,-2.3010001182556152,-2.3010001182556152
random_search,20,87,176000,-2.3010001182556152,-2.3010001182556152
random_search,20,88,178000,-2.3010001182556152,-2.3010001182556152
random_search,20,89,180000,-2.3010001182556152,-2.3010001182556152
random_search,20,90,182000,-2.3010001182556152,-2.3010001182556152
random_search,20,91,184000,-2.3010001182556152,-2.3010001182556152
random_search,20,92,186000,-2.3010001182556152,-2.3010001182556152
random_search,20,93,188000,-2.3010001182556152,-2.3010001182556152
random_search,20,94,190000,-2.3010001182556152,-2.3010001182556152
random_search,20,95,192000,-2.3010001182556152,-2.3010001182556152
random_search,20,96,194000,-2.3010001182556152,-2.3010001182556152
random_search,20,97,196000,-2.3010001182556152,-2.3010001182556152
random_search,20,98,198000,-2.3010001182556152,-2.3010001182556152
random_search,20,99,200000,-2.3010001182556152,-2.3010001182556152
random_search,21,0,2000,-5.104000091552734,-5.104000091552734
random_search,21,1,4000,-5.104000091552734,-5.104000091552734
random_search,21,2,6000,-5.104000091552734,-5.104000091552734
random_search,21,3,8000,-5.104000091552734,-5.104000091552734
random_search,21,4,10000,-5.104000091552734,-5.104000091552734
random_search,21,5,12000,-5.104000091552734,-5.104000091552734
random_search,21,6,14000,-5.104000091552734,-5.104000091552734
random_search,21,7,16000,-5.104000091552734,-5.104000091552734
random_search,21,8,18000,-5.104000091552734,-5.104000091552734
random_search,21,9,20000,-5.104000091552734,-5.104000091552734
random_search,21,10,22000,-5.104000091552734,-5.104000091552734
random_search,21,11,24000,-5.103000164031982,-5.103000164031982
random_search,21,12,26000,-5.1020002365112305,-5.1020002365112305
random_search,21,13,28000,-5.1020002365112305,-5.1020002365112305
random_search,21,14,30000,-5.1020002365112305,-5.1020002365112305
random_search,21,15,32000,-4.6529998779296875,-4.6529998779296875
random_search,21,16,34000,-4.6529998779296875,-4.6529998779296875
random_search,21,17,36000,-4.6529998779296875,-4.6529998779296875
random_search,21,18,38000,-4.6529998779296875,-4.6529998779296875
random_search,21,19,40000,-2.6040000915527344,-2.6040000915527344
random_search,21,20,42000,-2.6040000915527344,-2.6040000915527344
random_search,21,21,44000,-2.6040000915527344,-2.6040000915527344
random_search,21,22,46000,-2.6040000915527344,-2.6040000915527344
random_search,21,23,48000,-2.6040000915527344,-2.6040000915527344
random_search,21,24,50000,-2.6040000915527344,-2.6040000915527344
random_search,21,25,52000,-2.6040000915527344,-2.6040000915527344
random_search,21,26,54000,-2.6040000915527344,-2.6040000915527344
random_search,21,27,56000,-2.6040000915527344,-2.6040000915527344
random_search,21,28,58000,-2.1510000228881836,-2.1510000228881836
random_search,21,29,60000,-2.1510000228881836,-2.1510000228881836
random_search,21,30,62000,-2.1510000228881836,-2.1510000228881836
random_search,21,31,64000,-2.1510000228881836,-2.1510000228881836
random_search,21,32,66000,-2.1510000228881836,-2.1510000228881836
random_search,21,33,68000,-2.1510000228881836,-2.1510000228881836
random_search,21,34,70000,-2.1510000228881836,-2.1510000228881836
random_search,21,35,72000,-2.1510000228881836,-2.1510000228881836
random_search,21,36,74000,-2.1510000228881836,-2.1510000228881836
random_search,21,37,76000,-2.1510000228881836,-2.1510000228881836
random_search,21,38,78000,-2.1510000228881836,-2.1510000228881836
random_search,21,39,80000,-2.1510000228881836,-2.1510000228881836
random_search,21,40,82000,-2.1510000228881836,-2.1510000228881836
random_search,21,41,84000,-2.1510000228881836,-2.1510000228881836
random_search,21,42,86000,-2.1510000228881836,-2.1510000228881836
random_search,21,43,88000,-2.1510000228881836,-2.1510000228881836
random_search,21,44,90000,-2.1510000228881836,-2.1510000228881836
random_search,21,45,92000,-2.1510000228881836,-2.1510000228881836
random_search,21,46,94000,-2.1510000228881836,-2.1510000228881836
random_search,21,47,96000,-2.1510000228881836,-2.1510000228881836
random_search,21,48,98000,-2.1510000228881836,-2.1510000228881836
random_search,21,49,100000,-2.1510000228881836,-2.1510000228881836
random_search,21,50,102000,-2.1510000228881836,-2.1510000228881836
random_search,21,51,104000,-2.1510000228881836,-2.1510000228881836
random_search,21,52,106000,-2.1510000228881836,-2.1510000228881836
random_search,21,53,108000,-2.1510000228881836,-2.1510000228881836
random_search,21,54,110000,-2.1510000228881836,-2.1510000228881836
random_search,21,55,112000,-2.1510000228881836,-2.1510000228881836
random_search,21,56,114000,-2.1510000228881836,-2.1510000228881836
random_search,21,57,116000,-2.1510000228881836,-2.1510000228881836
random_search,21,58,118000,-2.1510000228881836,-2.1510000228881836
random_search,21,59,120000,-2.1510000228881836,-2.1510000228881836
random_search,21,60,122000,-2.1510000228881836,-2.1510000228881836
random_search,21,61,124000,-2.1510000228881836,-2.1510000228881836
random_search,21,62,126000,-2.1510000228881836,-2.1510000228881836
random_search,21,63,128000,-2.1510000228881836,-2.1510000228881836
random_search,21,64,130000,-2.1510000228881836,-2.1510000228881836
random_search,21,65,132000,-2.1510000228881836,-2.1510000228881836
random_search,21,66,134000,-2.1510000228881836,-2.1510000228881836
random_search,21,67,136000,-2.1510000228881836,-2.1510000228881836
random_search,21,68,138000,-2.1510000228881836,-2.1510000228881836
random_search,21,69,140000,-2.1510000228881836,-2.1510000228881836
random_search,21,70,142000,-2.1510000228881836,-2.1510000228881836
random_search,21,71,144000,-2.1510000228881836,-2.1510000228881836
random_search,21,72,146000,-2.1510000228881836,-2.1510000228881836
random_search,21,73,148000,-2.1510000228881836,-2.1510000228881836
random_search,21,74,150000,-2.1510000228881836,-2.1510000228881836
random_search,21,75,152000,-2.1510000228881836,-2.1510000228881836
random_search,21,76,154000,-2.1510000228881836,-2.1510000228881836
random_search,21,77,156000,-2.1510000228881836,-2.1510000228881836
random_search,21,78,158000,-2.1510000228881836,-2.1510000228881836
random_search,21,79,160000,-2.1510000228881836,-2.1510000228881836
random_search,21,80,162000,-2.1510000228881836,-2.1510000228881836
random_search,21,81,164000,-2.1510000228881836,-2.1510000228881836
random_search,21,82,166000,-2.1510000228881836,-2.1510000228881836
random_search,21,83,168000,-2.1510000228881836,-2.1510000228881836
random_search,21,84,170000,-2.1510000228881836,-2.1510000228881836
random_search,21,85,172000,-2.1510000228881836,-2.1510000228881836
random_search,21,86,174000,-2.1510000228881836,-2.1510000228881836
random_search,21,87,176000,-2.1510000228881836,-2.1510000228881836
random_search,21,88,178000,-2.1510000228881836,-2.1510000228881836
random_search,21,89,180000,-2.1510000228881836,-2.1510000228881836
random_search,21,90,182000,-2.1510000228881836,-2.1510000228881836
random_search,21,91,184000,-2.1510000228881836,-2.1510000228881836
random_search,21,92,186000,-2.1510000228881836,-2.1510000228881836
random_search,21,93,188000,-2.1510000228881836,-2.1510000228881836
random_search,21,94,190000,-2.1510000228881836,-2.1510000228881836
random_search,21,95,192000,-2.1510000228881836,-2.1510000228881836
random_search,21,96,194000,-2.1510000228881836,-2.1510000228881836
random_search,21,97,196000,-2.1510000228881836,-2.1510000228881836
random_search,21,98,198000,-2.1510000228881836,-2.1510000228881836
random_search,21,99,200000,-2.1510000228881836,-2.1510000228881836
random_search,22,0,2000,-8.852999687194824,-8.852999687194824
random_search,22,1,4000,-8.60200023651123,-8.60200023651123
random_search,22,2,6000,-7.603000164031982,-7.603000164031982
random_search,22,3,8000,-7.001999855041504,-7.001999855041504
random_search,22,4,10000,-7.001999855041504,-7.001999855041504
random_search,22,5,12000,-7.001999855041504,-7.001999855041504
random_search,22,6,14000,-2.6019999980926514,-2.6019999980926514
random_search,22,7,16000,-2.6019999980926514,-2.6019999980926514
random_search,22,8,18000,-2.6019999980926514,-2.6019999980926514
random_search,22,9,20000,-2.6019999980926514,-2.6019999980926514
random_search,22,10,22000,-2.6019999980926514,-2.6019999980926514
random_search,22,11,24000,-2.6019999980926514,-2.6019999980926514
random_search,22,12,26000,-2.6019999980926514,-2.6019999980926514
random_search,22,13,28000,-2.6019999980926514,-2.6019999980926514
random_search,22,14,30000,-2.6019999980926514,-2.6019999980926514
random_search,22,15,32000,-2.6019999980926514,-2.6019999980926514
random_search,22,16,34000,-2.6019999980926514,-2.6019999980926514
random_search,22,17,36000,-2.6019999980926514,-2.6019999980926514
random_search,22,18,38000,-2.6019999980926514,-2.6019999980926514
random_search,22,19,40000,-2.6019999980926514,-2.6019999980926514
random_search,22,20,42000,-2.6019999980926514,-2.6019999980926514
random_search,22,21,44000,-2.6019999980926514,-2.6019999980926514
random_search,22,22,46000,-2.6019999980926514,-2.6019999980926514
random_search,22,23,48000,-2.6019999980926514,-2.6019999980926514
random_search,22,24,50000,-2.6019999980926514,-2.6019999980926514
random_search,22,25,52000,-2.6019999980926514,-2.6019999980926514
random_search,22,26,54000,-2.6019999980926514,-2.6019999980926514
random_search,22,27,56000,-2.6019999980926514,-2.6019999980926514
random_search,22,28,58000,-2.6019999980926514,-2.6019999980926514
random_search,22,29,60000,-2.6019999980926514,-2.6019999980926514
random_search,22,30,62000,-2.6019999980926514,-2.6019999980926514
random_search,22,31,64000,-2.6019999980926514,-2.6019999980926514
random_search,22,32,66000,-2.6019999980926514,-2.6019999980926514
random_search,22,33,68000,-2.6019999980926514,-2.6019999980926514
random_search,22,34,70000,-2.6019999980926514,-2.6019999980926514
random_search,22,35,72000,-2.6019999980926514,-2.6019999980926514
random_search,22,36,74000,-2.6019999980926514,-2.6019999980926514
random_search,22,37,76000,-2.6019999980926514,-2.6019999980926514
random_search,22,38,78000,-2.6019999980926514,-2.6019999980926514
random_search,22,39,80000,-2.6019999980926514,-2.6019999980926514
random_search,22,40,82000,-2.6019999980926514,-2.6019999980926514
random_search,22,41,84000,-2.6019999980926514,-2.6019999980926514
random_search,22,42,86000,-2.6019999980926514,-2.6019999980926514
random_search,22,43,88000,-2.6019999980926514,-2.6019999980926514
random_search,22,44,90000,-2.6019999980926514,-2.6019999980926514
random_search,22,45,92000,-2.6019999980926514,-2.6019999980926514
random_search,22,46,94000,-2.6019999980926514,-2.6019999980926514
random_search,22,47,96000,-2.6019999980926514,-2.6019999980926514
random_search,22,48,98000,-2.6019999980926514,-2.6019999980926514
random_search,22,49,100000,-2.6019999980926514,-2.6019999980926514
random_search,22,50,102000,-2.6019999980926514,-2.6019999980926514
random_search,22,51,104000,-2.6019999980926514,-2.6019999980926514
random_search,22,52,106000,-2.6019999980926514,-2.6019999980926514
random_search,22,53,108000,-2.6019999980926514,-2.6019999980926514
random_search,22,54,110000,-2.6019999980926514,-2.6019999980926514
random_search,22,55,112000,-2.6019999980926514,-2.6019999980926514
random_search,22,56,114000,-2.6019999980926514,-2.6019999980926514
random_search,22,57,116000,-1.2009999752044678,-1.2009999752044678
random_search,22,58,118000,-1.2009999752044678,-1.2009999752044678
random_search,22,59,120000,-1.2009999752044678,-1.2009999752044678
random_search,22,60,122000,-1.2009999752044678,-1.2009999752044678
random_search,22,61,124000,-1.2009999752044678,-1.2009999752044678
random_search,22,62,126000,-1.2009999752044678,-1.2009999752044678
random_search,22,63,128000,-1.2009999752044678,-1.2009999752044678
random_search,22,64,130000,-1.2009999752044678,-1.2009999752044678
random_search,22,65,132000,-1.2009999752044678,-1.2009999752044678
random_search,22,66,134000,-1.2009999752044678,-1.2009999752044678
random_search,22,67,136000,-1.2009999752044678,-1.2009999752044678
random_search,22,68,138000,-1.2009999752044678,-1.2009999752044678
random_search,22,69,140000,-1.2009999752044678,-1.2009999752044678
random_search,22,70,142000,-1.2009999752044678,-1.2009999752044678
random_search,22,71,144000,-1.2009999752044678,-1.2009999752044678
random_search,22,72,146000,-1.2009999752044678,-1.2009999752044678
random_search,22,73,148000,-1.2009999752044678,-1.2009999752044678
random_search,22,74,150000,-1.2009999752044678,-1.2009999752044678
random_search,22,75,152000,-1.2009999752044678,-1.2009999752044678
random_search,22,76,154000,-1.2009999752044678,-1.2009999752044678
random_search,22,77,156000,-1.2009999752044678,-1.2009999752044678
random_search,22,78,158000,-1.2009999752044678,-1.2009999752044678
random_search,22,79,160000,-1.2009999752044678,-1.2009999752044678
random_search,22,80,162000,-1.2009999752044678,-1.2009999752044678
random_search,22,81,164000,-1.2009999752044678,-1.2009999752044678
random_search,22,82,166000,-1.2009999752044678,-1.2009999752044678
random_search,22,83,168000,-1.2009999752044678,-1.2009999752044678
random_search,22,84,170000,-1.2009999752044678,-1.2009999752044678
random_search,22,85,172000,-1.2009999752044678,-1.2009999752044678
random_search,22,86,174000,-1.2009999752044678,-1.2009999752044678
random_search,22,87,176000,-1.2009999752044678,-1.2009999752044678
random_search,22,88,178000,-1.2009999752044678,-1.2009999752044678
random_search,22,89,180000,-1.2009999752044678,-1.2009999752044678
random_search,22,90,182000,-1.2009999752044678,-1.2009999752044678
random_search,22,91,184000,-1.2009999752044678,-1.2009999752044678
random_search,22,92,186000,-1.2009999752044678,-1.2009999752044678
random_search,22,93,188000,-1.2009999752044678,-1.2009999752044678
random_search,22,94,190000,-1.2009999752044678,-1.2009999752044678
random_search,22,95,192000,-1.2009999752044678,-1.2009999752044678
random_search,22,96,194000,-1.2009999752044678,-1.2009999752044678
random_search,22,97,196000,-1.2009999752044678,-1.2009999752044678
random_search,22,98,198000,-1.2009999752044678,-1.2009999752044678
random_search,22,99,200000,-1.2009999752044678,-1.2009999752044678
random_search,23,0,2000,-7.9019999504089355,-7.9019999504089355
random_search,23,1,4000,-5.304999828338623,-5.304999828338623
random_search,23,2,6000,-5.103000164031982,-5.103000164031982
random_search,23,3,8000,-5.103000164031982,-5.103000164031982
random_search,23,4,10000,-5.103000164031982,-5.103000164031982
random_search,23,5,12000,-4.303999900817871,-4.303999900817871
random_search,23,6,14000,-4.303999900817871,-4.303999900817871
random_search,23,7,16000,-4.303999900817871,-4.303999900817871
random_search,23,8,18000,-4.303999900817871,-4.303999900817871
random_search,23,9,20000,-4.303999900817871,-4.303999900817871
random_search,23,10,22000,-4.303999900817871,-4.303999900817871
random_search,23,11,24000,-4.303999900817871,-4.303999900817871
random_search,23,12,26000,-4.303999900817871,-4.303999900817871
random_search,23,13,28000,-4.303999900817871,-4.303999900817871
random_search,23,14,30000,-3.303999900817871,-3.303999900817871
random_search,23,15,32000,-3.303999900817871,-3.303999900817871
random_search,23,16,34000,-3.303999900817871,-3.303999900817871
random_search,23,17,36000,-3.303999900817871,-3.303999900817871
random_search,23,18,38000,-3.303999900817871,-3.303999900817871
random_search,23,19,40000,-3.303999900817871,-3.303999900817871
random_search,23,20,42000,-2.6029999256134033,-2.6029999256134033
random_search,23,21,44000,-2.6029999256134033,-2.6029999256134033
random_search,23,22,46000,-1.9520000219345093,-1.9520000219345093
random_search,23,23,48000,-1.9520000219345093,-1.9520000219345093
random_search,23,24,50000,-1.9520000219345093,-1.9520000219345093
random_search,23,25,52000,-1.9520000219345093,-1.9520000219345093
random_search,23,26,54000,-1.9520000219345093,-1.9520000219345093
random_search,23,27,56000,-1.9520000219345093,-1.9520000219345093
random_search,23,28,58000,-1.9520000219345093,-1.9520000219345093
random_search,23,29,60000,-1.9520000219345093,-1.9520000219345093
random_search,23,30,62000,-1.9520000219345093,-1.9520000219345093
random_search,23,31,64000,-1.9520000219345093,-1.9520000219345093
random_search,23,32,66000,-1.9520000219345093,-1.9520000219345093
random_search,23,33,68000,-1.9520000219345093,-1.9520000219345093
random_search,23,34,70000,-1.9520000219345093,-1.9520000219345093
random_search,23,35,72000,-1.9520000219345093,-1.9520000219345093
random_search,23,36,74000,-1.9520000219345093,-1.9520000219345093
random_search,23,37,76000,-1.9520000219345093,-1.9520000219345093
random_search,23,38,78000,-1.9520000219345093,-1.9520000219345093
random_search,23,39,80000,-1.9520000219345093,-1.9520000219345093
random_search,23,40,82000,-1.9520000219345093,-1.9520000219345093
random_search,23,41,84000,-1.9520000219345093,-1.9520000219345093
random_search,23,42,86000,-1.9520000219345093,-1.9520000219345093
random_search,23,43,88000,-1.9520000219345093,-1.9520000219345093
random_search,23,44,90000,-1.9520000219345093,-1.9520000219345093
random_search,23,45,92000,-1.9520000219345093,-1.9520000219345093
random_search,23,46,94000,-1.9520000219345093,-1.9520000219345093
random_search,23,47,96000,-1.9520000219345093,-1.9520000219345093
random_search,23,48,98000,-1.9520000219345093,-1.9520000219345093
random_search,23,49,100000,-1.9520000219345093,-1.9520000219345093
random_search,23,50,102000,-1.9520000219345093,-1.9520000219345093
random_search,23,51,104000,-1.9520000219345093,-1.9520000219345093
random_search,23,52,106000,-1.9520000219345093,-1.9520000219345093
random_search,23,53,108000,-1.9520000219345093,-1.9520000219345093
random_search,23,54,110000,-1.9520000219345093,-1.9520000219345093
random_search,23,55,112000,-1.9520000219345093,-1.9520000219345093
random_search,23,56,114000,-1.9520000219345093,-1.9520000219345093
random_search,23,57,116000,-1.9520000219345093,-1.9520000219345093
random_search,23,58,118000,-1.9520000219345093,-1.9520000219345093
random_search,23,59,120000,-1.9520000219345093,-1.9520000219345093
random_search,23,60,122000,-1.9520000219345093,-1.9520000219345093
random_search,23,61,124000,-1.9520000219345093,-1.9520000219345093
random_search,23,62,126000,-1.9520000219345093,-1.9520000219345093
random_search,23,63,128000,-1.9520000219345093,-1.9520000219345093
random_search,23,64,130000,-1.9520000219345093,-1.9520000219345093
random_search,23,65,132000,-1.9520000219345093,-1.9520000219345093
random_search,23,66,134000,-1.9520000219345093,-1.9520000219345093
random_search,23,67,136000,-1.9520000219345093,-1.9520000219345093
random_search,23,68,138000,-1.9520000219345093,-1.9520000219345093
random_search,23,69,140000,-1.9520000219345093,-1.9520000219345093
random_search,23,70,142000,-1.9520000219345093,-1.9520000219345093
random_search,23,71,144000,-1.9520000219345093,-1.9520000219345093
random_search,23,72,146000,-1.9520000219345093,-1.9520000219345093
random_search,23,73,148000,-1.9520000219345093,-1.9520000219345093
random_search,23,74,150000,-1.9520000219345093,-1.9520000219345093
random_search,23,75,152000,-1.9520000219345093,-1.9520000219345093
random_search,23,76,154000,-1.9520000219345093,-1.9520000219345093
random_search,23,77,156000,-1.9520000219345093,-1.9520000219345093
random_search,23,78,158000,-1.9520000219345093,-1.9520000219345093
random_search,23,79,160000,-1.9520000219345093,-1.9520000219345093
random_search,23,80,162000,-1.9520000219345093,-1.9520000219345093
random_search,23,81,164000,-1.8519999980926514,-1.8519999980926514
random_search,23,82,166000,-1.8519999980926514,-1.8519999980926514
random_search,23,83,168000,-1.8519999980926514,-1.8519999980926514
random_search,23,84,170000,-1.8519999980926514,-1.8519999980926514
random_search,23,85,172000,-1.8519999980926514,-1.8519999980926514
random_search,23,86,174000,-1.8519999980926514,-1.8519999980926514
random_search,23,87,176000,-1.8519999980926514,-1.8519999980926514
random_search,23,88,178000,-1.8519999980926514,-1.8519999980926514
random_search,23,89,180000,-1.8519999980926514,-1.8519999980926514
random_search,23,90,182000,-1.8519999980926514,-1.8519999980926514
random_search,23,91,184000,-1.8519999980926514,-1.8519999980926514
random_search,23,92,186000,-1.8519999980926514,-1.8519999980926514
random_search,23,93,188000,-1.8519999980926514,-1.8519999980926514
random_search,23,94,190000,-1.8519999980926514,-1.8519999980926514
random_search,23,95,192000,-1.8519999980926514,-1.8519999980926514
random_search,23,96,194000,-1.8519999980926514,-1.8519999980926514
random_search,23,97,196000,-1.8519999980926514,-1.8519999980926514
random_search,23,98,198000,-1.8519999980926514,-1.8519999980926514
random_search,23,99,200000,-1.8519999980926514,-1.8519999980926514
random_search,24,0,2000,-7.802999973297119,-7.802999973297119
random_search,24,1,4000,-6.001999855041504,-6.001999855041504
random_search,24,2,6000,-5.1020002365112305,-5.1020002365112305
random_search,24,3,8000,-4.703000068664551,-4.703000068664551
random_search,24,4,10000,-4.703000068664551,-4.703000068664551
random_search,24,5,12000,-4.703000068664551,-4.703000068664551
random_search,24,6,14000,-4.703000068664551,-4.703000068664551
random_search,24,7,16000,-4.703000068664551,-4.703000068664551
random_search,24,8,18000,-4.703000068664551,-4.703000068664551
random_search,24,9,20000,-4.703000068664551,-4.703000068664551
random_search,24,10,22000,-4.703000068664551,-4.703000068664551
random_search,24,11,24000,-4.703000068664551,-4.703000068664551
random_search,24,12,26000,-4.703000068664551,-4.703000068664551
random_search,24,13,28000,-4.703000068664551,-4.703000068664551
random_search,24,14,30000,-4.703000068664551,-4.703000068664551
random_search,24,15,32000,-4.703000068664551,-4.703000068664551
random_search,24,16,34000,-4.703000068664551,-4.703000068664551
random_search,24,17,36000,-4.703000068664551,-4.703000068664551
random_search,24,18,38000,-4.703000068664551,-4.703000068664551
random_search,24,19,40000,-4.703000068664551,-4.703000068664551
random_search,24,20,42000,-4.703000068664551,-4.703000068664551
random_search,24,21,44000,-4.703000068664551,-4.703000068664551
random_search,24,22,46000,-3.750999927520752,-3.750999927520752
random_search,24,23,48000,-3.750999927520752,-3.750999927520752
random_search,24,24,50000,-3.750999927520752,-3.750999927520752
random_search,24,25,52000,-3.750999927520752,-3.750999927520752
random_search,24,26,54000,-3.3529999256134033,-3.3529999256134033
random_search,24,27,56000,-3.3529999256134033,-3.3529999256134033
random_search,24,28,58000,-3.3529999256134033,-3.3529999256134033
random_search,24,29,60000,-3.3529999256134033,-3.3529999256134033
random_search,24,30,62000,-3.3529999256134033,-3.3529999256134033
random_search,24,31,64000,-3.3529999256134033,-3.3529999256134033
random_search,24,32,66000,-3.3529999256134033,-3.3529999256134033
random_search,24,33,68000,-3.1029999256134033,-3.1029999256134033
random_search,24,34,70000,-3.1029999256134033,-3.1029999256134033
random_search,24,35,72000,-3.1029999256134033,-3.1029999256134033
random_search,24,36,74000,-3.1029999256134033,-3.1029999256134033
random_search,24,37,76000,-3.1029999256134033,-3.1029999256134033
random_search,24,38,78000,-3.1029999256134033,-3.1029999256134033
random_search,24,39,80000,-3.1029999256134033,-3.1029999256134033
random_search,24,40,82000,-3.005000114440918,-3.005000114440918
random_search,24,41,84000,-3.005000114440918,-3.005000114440918
random_search,24,42,86000,-3.005000114440918,-3.005000114440918
random_search,24,43,88000,-3.005000114440918,-3.005000114440918
random_search,24,44,90000,-3.005000114440918,-3.005000114440918
random_search,24,45,92000,-3.005000114440918,-3.005000114440918
random_search,24,46,94000,-3.005000114440918,-3.005000114440918
random_search,24,47,96000,-3.005000114440918,-3.005000114440918
random_search,24,48,98000,-3.005000114440918,-3.005000114440918
random_search,24,49,100000,-3.005000114440918,-3.005000114440918
random_search,24,50,102000,-3.005000114440918,-3.005000114440918
random_search,24,51,104000,-3.005000114440918,-3.005000114440918
random_search,24,52,106000,-3.005000114440918,-3.005000114440918
random_search,24,53,108000,-3.005000114440918,-3.005000114440918
random_search,24,54,110000,-3.005000114440918,-3.005000114440918
random_search,24,55,112000,-3.005000114440918,-3.005000114440918
random_search,24,56,114000,-3.005000114440918,-3.005000114440918
random_search,24,57,116000,-3.005000114440918,-3.005000114440918
random_search,24,58,118000,-3.005000114440918,-3.005000114440918
random_search,24,59,120000,-3.005000114440918,-3.005000114440918
random_search,24,60,122000,-3.005000114440918,-3.005000114440918
random_search,24,61,124000,-3.005000114440918,-3.005000114440918
random_search,24,62,126000,-3.005000114440918,-3.005000114440918
random_search,24,63,128000,-3.005000114440918,-3.005000114440918
random_search,24,64,130000,-3.005000114440918,-3.005000114440918
random_search,24,65,132000,-3.005000114440918,-3.005000114440918
random_search,24,66,134000,-2.802999973297119,-2.802999973297119
random_search,24,67,136000,-2.802999973297119,-2.802999973297119
random_search,24,68,138000,-2.802999973297119,-2.802999973297119
random_search,24,69,140000,-2.802999973297119,-2.802999973297119
random_search,24,70,142000,-2.802999973297119,-2.802999973297119
random_search,24,71,144000,-2.802999973297119,-2.802999973297119
random_search,24,72,146000,-2.802999973297119,-2.802999973297119
random_search,24,73,148000,-2.802999973297119,-2.802999973297119
random_search,24,74,150000,-2.802999973297119,-2.802999973297119
random_search,24,75,152000,-2.802999973297119,-2.802999973297119
random_search,24,76,154000,-2.802999973297119,-2.802999973297119
random_search,24,77,156000,-2.802999973297119,-2.802999973297119
random_search,24,78,158000,-2.802999973297119,-2.802999973297119
random_search,24,79,160000,-2.802999973297119,-2.802999973297119
random_search,24,80,162000,-2.802999973297119,-2.802999973297119
random_search,24,81,164000,-2.802999973297119,-2.802999973297119
random_search,24,82,166000,-2.802999973297119,-2.802999973297119
random_search,24,83,168000,-2.802999973297119,-2.802999973297119
random_search,24,84,170000,-2.802999973297119,-2.802999973297119
random_search,24,85,172000,-2.802999973297119,-2.802999973297119
random_search,24,86,174000,-2.302000045776367,-2.302000045776367
random_search,24,87,176000,-2.302000045776367,-2.302000045776367
random_search,24,88,178000,-2.302000045776367,-2.302000045776367
random_search,24,89,180000,-2.302000045776367,-2.302000045776367
random_search,24,90,182000,-2.302000045776367,-2.302000045776367
random_search,24,91,184000,-2.302000045776367,-2.302000045776367
random_search,24,92,186000,-2.302000045776367,-2.302000045776367
random_search,24,93,188000,-2.302000045776367,-2.302000045776367
random_search,24,94,190000,-2.302000045776367,-2.302000045776367
random_search,24,95,192000,-2.302000045776367,-2.302000045776367
random_search,24,96,194000,-2.302000045776367,-2.302000045776367
random_search,24,97,196000,-2.302000045776367,-2.302000045776367
random_search,24,98,198000,-2.302000045776367,-2.302000045776367
random_search,24,99,200000,-2.302000045776367,-2.302000045776367
random_search,25,0,2000,-5.603000164031982,-5.603000164031982
random_search,25,1,4000,-5.603000164031982,-5.603000164031982
random_search,25,2,6000,-5.603000164031982,-5.603000164031982
random_search,25,3,8000,-5.002999782562256,-5.002999782562256
random_search,25,4,10000,-5.002999782562256,-5.002999782562256
random_search,25,5,12000,-5.002999782562256,-5.002999782562256
random_search,25,6,14000,-5.002999782562256,-5.002999782562256
random_search,25,7,16000,-5.002999782562256,-5.002999782562256
random_search,25,8,18000,-5.002999782562256,-5.002999782562256
random_search,25,9,20000,-5.002999782562256,-5.002999782562256
random_search,25,10,22000,-5.002999782562256,-5.002999782562256
random_search,25,11,24000,-5.002999782562256,-5.002999782562256
random_search,25,12,26000,-5.002999782562256,-5.002999782562256
random_search,25,13,28000,-5.002999782562256,-5.002999782562256
random_search,25,14,30000,-5.002999782562256,-5.002999782562256
random_search,25,15,32000,-5.002999782562256,-5.002999782562256
random_search,25,16,34000,-5.002999782562256,-5.002999782562256
random_search,25,17,36000,-5.002999782562256,-5.002999782562256
random_search,25,18,38000,-5.002999782562256,-5.002999782562256
random_search,25,19,40000,-5.002999782562256,-5.002999782562256
random_search,25,20,42000,-5.002999782562256,-5.002999782562256
random_search,25,21,44000,-5.002999782562256,-5.002999782562256
random_search,25,22,46000,-5.002999782562256,-5.002999782562256
random_search,25,23,48000,-5.002999782562256,-5.002999782562256
random_search,25,24,50000,-5.002999782562256,-5.002999782562256
random_search,25,25,52000,-5.002999782562256,-5.002999782562256
random_search,25,26,54000,-5.002999782562256,-5.002999782562256
random_search,25,27,56000,-5.002999782562256,-5.002999782562256
random_search,25,28,58000,-5.002999782562256,-5.002999782562256
random_search,25,29,60000,-5.001999855041504,-5.001999855041504
random_search,25,30,62000,-5.001999855041504,-5.001999855041504
random_search,25,31,64000,-5.001999855041504,-5.001999855041504
random_search,25,32,66000,-4.703999996185303,-4.703999996185303
random_search,25,33,68000,-4.703999996185303,-4.703999996185303
random_search,25,34,70000,-4.703999996185303,-4.703999996185303
random_search,25,35,72000,-4.703999996185303,-4.703999996185303
random_search,25,36,74000,-4.703999996185303,-4.703999996185303
random_search,25,37,76000,-4.703999996185303,-4.703999996185303
random_search,25,38,78000,-4.703999996185303,-4.703999996185303
random_search,25,39,80000,-4.703999996185303,-4.703999996185303
random_search,25,40,82000,-4.703999996185303,-4.703999996185303
random_search,25,41,84000,-4.703999996185303,-4.703999996185303
random_search,25,42,86000,-4.703999996185303,-4.703999996185303
random_search,25,43,88000,-4.703999996185303,-4.703999996185303
random_search,25,44,90000,-4.703999996185303,-4.703999996185303
random_search,25,45,92000,-4.703999996185303,-4.703999996185303
random_search,25,46,94000,-4.703999996185303,-4.703999996185303
random_search,25,47,96000,-4.703999996185303,-4.703999996185303
random_search,25,48,98000,-4.703999996185303,-4.703999996185303
random_search,25,49,100000,-4.703999996185303,-4.703999996185303
random_search,25,50,102000,-4.451000213623047,-4.451000213623047
random_search,25,51,104000,-4.451000213623047,-4.451000213623047
random_search,25,52,106000,-4.451000213623047,-4.451000213623047
random_search,25,53,108000,-4.451000213623047,-4.451000213623047
random_search,25,54,110000,-4.451000213623047,-4.451000213623047
random_search,25,55,112000,-4.451000213623047,-4.451000213623047
random_search,25,56,114000,-4.451000213623047,-4.451000213623047
random_search,25,57,116000,-4.451000213623047,-4.451000213623047
random_search,25,58,118000,-4.201000213623047,-4.201000213623047
random_search,25,59,120000,-3.7009999752044678,-3.7009999752044678
random_search,25,60,122000,-3.7009999752044678,-3.7009999752044678
random_search,25,61,124000,-3.7009999752044678,-3.7009999752044678
random_search,25,62,126000,-3.7009999752044678,-3.7009999752044678
random_search,25,63,128000,-3.7009999752044678,-3.7009999752044678
random_search,25,64,130000,-3.7009999752044678,-3.7009999752044678
random_search,25,65,132000,-3.7009999752044678,-3.7009999752044678
random_search,25,66,134000,-2.9010000228881836,-2.9010000228881836
random_search,25,67,136000,-2.9010000228881836,-2.9010000228881836
random_search,25,68,138000,-2.9010000228881836,-2.9010000228881836
random_search,25,69,140000,-2.9010000228881836,-2.9010000228881836
random_search,25,70,142000,-2.9010000228881836,-2.9010000228881836
random_search,25,71,144000,-2.9010000228881836,-2.9010000228881836
random_search,25,72,146000,-2.9010000228881836,-2.9010000228881836
random_search,25,73,148000,-2.9010000228881836,-2.9010000228881836
random_search,25,74,150000,-2.9010000228881836,-2.9010000228881836
random_search,25,75,152000,-2.9010000228881836,-2.9010000228881836
random_search,25,76,154000,-2.9010000228881836,-2.9010000228881836
random_search,25,77,156000,-2.9010000228881836,-2.9010000228881836
random_search,25,78,158000,-2.9010000228881836,-2.9010000228881836
random_search,25,79,160000,-2.9010000228881836,-2.9010000228881836
random_search,25,80,162000,-2.9010000228881836,-2.9010000228881836
random_search,25,81,164000,-2.9010000228881836,-2.9010000228881836
random_search,25,82,166000,-2.9010000228881836,-2.9010000228881836
random_search,25,83,168000,-2.9010000228881836,-2.9010000228881836
random_search,25,84,170000,-2.9010000228881836,-2.9010000228881836
random_search,25,85,172000,-2.9010000228881836,-2.9010000228881836
random_search,25,86,174000,-2.9010000228881836,-2.9010000228881836
random_search,25,87,176000,-2.9010000228881836,-2.9010000228881836
random_search,25,88,178000,-2.9010000228881836,-2.9010000228881836
random_search,25,89,180000,-2.9010000228881836,-2.9010000228881836
random_search,25,90,182000,-2.553999900817871,-2.553999900817871
random_search,25,91,184000,-2.553999900817871,-2.553999900817871
random_search,25,92,186000,-2.553999900817871,-2.553999900817871
random_search,25,93,188000,-2.553999900817871,-2.553999900817871
random_search,25,94,190000,-2.553999900817871,-2.553999900817871
random_search,25,95,192000,-2.553999900817871,-2.553999900817871
random_search,25,96,194000,-2.553999900817871,-2.553999900817871
random_search,25,97,196000,-2.553999900817871,-2.553999900817871
random_search,25,98,198000,-2.553999900817871,-2.553999900817871
random_search,25,99,200000,-2.553999900817871,-2.553999900817871
random_search,26,0,2000,-7.103000164031982,-7.103000164031982
random_search,26,1,4000,-7.103000164031982,-7.103000164031982
random_search,26,2,6000,-7.103000164031982,-7.103000164031982
random_search,26,3,8000,-4.052000045776367,-4.052000045776367
random_search,26,4,10000,-4.052000045776367,-4.052000045776367
random_search,26,5,12000,-4.052000045776367,-4.052000045776367
random_search,26,6,14000,-4.052000045776367,-4.052000045776367
random_search,26,7,16000,-4.052000045776367,-4.052000045776367
random_search,26,8,18000,-4.052000045776367,-4.052000045776367
random_search,26,9,20000,-4.052000045776367,-4.052000045776367
random_search,26,10,22000,-4.052000045776367,-4.052000045776367
random_search,26,11,24000,-4.052000045776367,-4.052000045776367
random_search,26,12,26000,-4.052000045776367,-4.052000045776367
random_search,26,13,28000,-4.052000045776367,-4.052000045776367
random_search,26,14,30000,-4.052000045776367,-4.052000045776367
random_search,26,15,32000,-4.052000045776367,-4.052000045776367
random_search,26,16,34000,-4.052000045776367,-4.052000045776367
random_search,26,17,36000,-4.052000045776367,-4.052000045776367
random_search,26,18,38000,-4.052000045776367,-4.052000045776367
random_search,26,19,40000,-4.052000045776367,-4.052000045776367
random_search,26,20,42000,-4.052000045776367,-4.052000045776367
random_search,26,21,44000,-4.052000045776367,-4.052000045776367
random_search,26,22,46000,-4.052000045776367,-4.052000045776367
random_search,26,23,48000,-4.052000045776367,-4.052000045776367
random_search,26,24,50000,-4.052000045776367,-4.052000045776367
random_search,26,25,52000,-3.502000093460083,-3.502000093460083
random_search,26,26,54000,-3.502000093460083,-3.502000093460083
random_search,26,27,56000,-3.502000093460083,-3.502000093460083
random_search,26,28,58000,-3.502000093460083,-3.502000093460083
random_search,26,29,60000,-3.502000093460083,-3.502000093460083
random_search,26,30,62000,-3.502000093460083,-3.502000093460083
random_search,26,31,64000,-3.502000093460083,-3.502000093460083
random_search,26,32,66000,-3.502000093460083,-3.502000093460083
random_search,26,33,68000,-3.502000093460083,-3.502000093460083
random_search,26,34,70000,-3.502000093460083,-3.502000093460083
random_search,26,35,72000,-3.502000093460083,-3.502000093460083
random_search,26,36,74000,-3.502000093460083,-3.502000093460083
random_search,26,37,76000,-3.502000093460083,-3.502000093460083
random_search,26,38,78000,-3.502000093460083,-3.502000093460083
random_search,26,39,80000,-3.502000093460083,-3.502000093460083
random_search,26,40,82000,-3.502000093460083,-3.502000093460083
random_search,26,41,84000,-3.502000093460083,-3.502000093460083
random_search,26,42,86000,-3.502000093460083,-3.502000093460083
random_search,26,43,88000,-3.502000093460083,-3.502000093460083
random_search,26,44,90000,-3.502000093460083,-3.502000093460083
random_search,26,45,92000,-3.502000093460083,-3.502000093460083
random_search,26,46,94000,-3.502000093460083,-3.502000093460083
random_search,26,47,96000,-3.502000093460083,-3.502000093460083
random_search,26,48,98000,-3.502000093460083,-3.502000093460083
random_search,26,49,100000,-3.502000093460083,-3.502000093460083
random_search,26,50,102000,-3.502000093460083,-3.502000093460083
random_search,26,51,104000,-3.502000093460083,-3.502000093460083
random_search,26,52,106000,-3.502000093460083,-3.502000093460083
random_search,26,53,108000,-3.502000093460083,-3.502000093460083
random_search,26,54,110000,-3.502000093460083,-3.502000093460083
random_search,26,55,112000,-3.502000093460083,-3.502000093460083
random_search,26,56,114000,-3.502000093460083,-3.502000093460083
random_search,26,57,116000,-3.502000093460083,-3.502000093460083
random_search,26,58,118000,-3.502000093460083,-3.502000093460083
random_search,26,59,120000,-3.502000093460083,-3.502000093460083
random_search,26,60,122000,-2.803999900817871,-2.803999900817871
random_search,26,61,124000,-2.803999900817871,-2.803999900817871
random_search,26,62,126000,-2.803999900817871,-2.803999900817871
random_search,26,63,128000,-2.803999900817871,-2.803999900817871
random_search,26,64,130000,-2.803999900817871,-2.803999900817871
random_search,26,65,132000,-2.803999900817871,-2.803999900817871
random_search,26,66,134000,-2.803999900817871,-2.803999900817871
random_search,26,67,136000,-2.803999900817871,-2.803999900817871
random_search,26,68,138000,-2.803999900817871,-2.803999900817871
random_search,26,69,140000,-2.803999900817871,-2.803999900817871
random_search,26,70,142000,-2.803999900817871,-2.803999900817871
random_search,26,71,144000,-2.803999900817871,-2.803999900817871
random_search,26,72,146000,-2.803999900817871,-2.803999900817871
random_search,26,73,148000,-2.803999900817871,-2.803999900817871
random_search,26,74,150000,-2.803999900817871,-2.803999900817871
random_search,26,75,152000,-2.803999900817871,-2.803999900817871
random_search,26,76,154000,-2.803999900817871,-2.803999900817871
random_search,26,77,156000,-2.803999900817871,-2.803999900817871
random_search,26,78,158000,-2.803999900817871,-2.803999900817871
random_search,26,79,160000,-2.803999900817871,-2.803999900817871
random_search,26,80,162000,-2.803999900817871,-2.803999900817871
random_search,26,81,164000,-2.803999900817871,-2.803999900817871
random_search,26,82,166000,-2.803999900817871,-2.803999900817871
random_search,26,83,168000,-2.803999900817871,-2.803999900817871
random_search,26,84,170000,-2.803999900817871,-2.803999900817871
random_search,26,85,172000,-2.803999900817871,-2.803999900817871
random_search,26,86,174000,-2.803999900817871,-2.803999900817871
random_search,26,87,176000,-2.803999900817871,-2.803999900817871
random_search,26,88,178000,-2.803999900817871,-2.803999900817871
random_search,26,89,180000,-2.803999900817871,-2.803999900817871
random_search,26,90,182000,-2.803999900817871,-2.803999900817871
random_search,26,91,184000,-2.803999900817871,-2.803999900817871
random_search,26,92,186000,-2.803999900817871,-2.803999900817871
random_search,26,93,188000,-2.803999900817871,-2.803999900817871
random_search,26,94,190000,-2.803999900817871,-2.803999900817871
random_search,26,95,192000,-2.803999900817871,-2.803999900817871
random_search,26,96,194000,-2.803999900817871,-2.803999900817871
random_search,26,97,196000,-2.803999900817871,-2.803999900817871
random_search,26,98,198000,-2.803999900817871,-2.803999900817871
random_search,26,99,200000,-2.803999900817871,-2.803999900817871
random_search,27,0,2000,-1.5529999732971191,-1.5529999732971191
random_search,27,1,4000,-1.5529999732971191,-1.5529999732971191
random_search,27,2,6000,-1.5529999732971191,-1.5529999732971191
random_search,27,3,8000,-1.5529999732971191,-1.5529999732971191
random_search,27,4,10000,-1.5529999732971191,-1.5529999732971191
random_search,27,5,12000,-1.5529999732971191,-1.5529999732971191
random_search,27,6,14000,-1.5529999732971191,-1.5529999732971191
random_search,27,7,16000,-1.5529999732971191,-1.5529999732971191
random_search,27,8,18000,-1.5529999732971191,-1.5529999732971191
random_search,27,9,20000,-1.5529999732971191,-1.5529999732971191
random_search,27,10,22000,-1.5529999732971191,-1.5529999732971191
random_search,27,11,24000,-1.5529999732971191,-1.5529999732971191
random_search,27,12,26000,-1.5529999732971191,-1.5529999732971191
random_search,27,13,28000,-1.5529999732971191,-1.5529999732971191
random_search,27,14,30000,-1.5529999732971191,-1.5529999732971191
random_search,27,15,32000,-1.5529999732971191,-1.5529999732971191
random_search,27,16,34000,-1.5529999732971191,-1.5529999732971191
random_search,27,17,36000,-1.5529999732971191,-1.5529999732971191
random_search,27,18,38000,-1.5529999732971191,-1.5529999732971191
random_search,27,19,40000,-1.5529999732971191,-1.5529999732971191
random_search,27,20,42000,-1.5529999732971191,-1.5529999732971191
random_search,27,21,44000,-1.5529999732971191,-1.5529999732971191
random_search,27,22,46000,-1.5529999732971191,-1.5529999732971191
random_search,27,23,48000,-1.5529999732971191,-1.5529999732971191
random_search,27,24,50000,-1.5529999732971191,-1.5529999732971191
random_search,27,25,52000,-1.5529999732971191,-1.5529999732971191
random_search,27,26,54000,-1.5529999732971191,-1.5529999732971191
random_search,27,27,56000,-1.5529999732971191,-1.5529999732971191
random_search,27,28,58000,-1.5529999732971191,-1.5529999732971191
random_search,27,29,60000,-1.5529999732971191,-1.5529999732971191
random_search,27,30,62000,-1.5529999732971191,-1.5529999732971191
random_search,27,31,64000,-1.5529999732971191,-1.5529999732971191
random_search,27,32,66000,-1.5529999732971191,-1.5529999732971191
random_search,27,33,68000,-1.5529999732971191,-1.5529999732971191
random_search,27,34,70000,-1.5529999732971191,-1.5529999732971191
random_search,27,35,72000,-1.5529999732971191,-1.5529999732971191
random_search,27,36,74000,-1.5529999732971191,-1.5529999732971191
random_search,27,37,76000,-1.5529999732971191,-1.5529999732971191
random_search,27,38,78000,-1.5529999732971191,-1.5529999732971191
random_search,27,39,80000,-1.5529999732971191,-1.5529999732971191
random_search,27,40,82000,-1.5529999732971191,-1.5529999732971191
random_search,27,41,84000,-1.5529999732971191,-1.5529999732971191
random_search,27,42,86000,-1.5529999732971191,-1.5529999732971191
random_search,27,43,88000,-1.5529999732971191,-1.5529999732971191
random_search,27,44,90000,-1.5529999732971191,-1.5529999732971191
random_search,27,45,92000,-1.5529999732971191,-1.5529999732971191
random_search,27,46,94000,-1.5529999732971191,-1.5529999732971191
random_search,27,47,96000,-1.5529999732971191,-1.5529999732971191
random_search,27,48,98000,-1.5529999732971191,-1.5529999732971191
random_search,27,49,100000,-1.5529999732971191,-1.5529999732971191
random_search,27,50,102000,-1.5529999732971191,-1.5529999732971191
random_search,27,51,104000,-1.5529999732971191,-1.5529999732971191
random_search,27,52,106000,-1.5529999732971191,-1.5529999732971191
random_search,27,53,108000,-1.5529999732971191,-1.5529999732971191
random_search,27,54,110000,-1.5529999732971191,-1.5529999732971191
random_search,27,55,112000,-1.5529999732971191,-1.5529999732971191
random_search,27,56,114000,-1.5529999732971191,-1.5529999732971191
random_search,27,57,116000,-1.5529999732971191,-1.5529999732971191
random_search,27,58,118000,-1.5529999732971191,-1.5529999732971191
random_search,27,59,120000,-1.5529999732971191,-1.5529999732971191
random_search,27,60,122000,-1.5529999732971191,-1.5529999732971191
random_search,27,61,124000,-1.5529999732971191,-1.5529999732971191
random_search,27,62,126000,-1.5529999732971191,-1.5529999732971191
random_search,27,63,128000,-1.5529999732971191,-1.5529999732971191
random_search,27,64,130000,-1.5529999732971191,-1.5529999732971191
random_search,27,65,132000,-1.5529999732971191,-1.5529999732971191
random_search,27,66,134000,-1.5529999732971191,-1.5529999732971191
random_search,27,67,136000,-1.5529999732971191,-1.5529999732971191
random_search,27,68,138000,-1.5529999732971191,-1.5529999732971191
random_search,27,69,140000,-1.5529999732971191,-1.5529999732971191
random_search,27,70,142000,-1.5529999732971191,-1.5529999732971191
random_search,27,71,144000,-1.5529999732971191,-1.5529999732971191
random_search,27,72,146000,-1.5529999732971191,-1.5529999732971191
random_search,27,73,148000,-1.5529999732971191,-1.5529999732971191
random_search,27,74,150000,-1.5529999732971191,-1.5529999732971191
random_search,27,75,152000,-1.5529999732971191,-1.5529999732971191
random_search,27,76,154000,-1.5529999732971191,-1.5529999732971191
random_search,27,77,156000,-1.5529999732971191,-1.5529999732971191
random_search,27,78,158000,-1.5529999732971191,-1.5529999732971191
random_search,27,79,160000,-1.5529999732971191,-1.5529999732971191
random_search,27,80,162000,-1.5529999732971191,-1.5529999732971191
random_search,27,81,164000,-1.5529999732971191,-1.5529999732971191
random_search,27,82,166000,-1.5529999732971191,-1.5529999732971191
random_search,27,83,168000,-1.5529999732971191,-1.5529999732971191
random_search,27,84,170000,-1.5529999732971191,-1.5529999732971191
random_search,27,85,172000,-1.5529999732971191,-1.5529999732971191
random_search,27,86,174000,-1.5529999732971191,-1.5529999732971191
random_search,27,87,176000,-1.5529999732971191,-1.5529999732971191
random_search,27,88,178000,-1.5529999732971191,-1.5529999732971191
random_search,27,89,180000,-1.5529999732971191,-1.5529999732971191
random_search,27,90,182000,-1.5529999732971191,-1.5529999732971191
random_search,27,91,184000,-1.5529999732971191,-1.5529999732971191
random_search,27,92,186000,-1.5529999732971191,-1.5529999732971191
random_search,27,93,188000,-1.5529999732971191,-1.5529999732971191
random_search,27,94,190000,-1.5529999732971191,-1.5529999732971191
random_search,27,95,192000,-1.5529999732971191,-1.5529999732971191
random_search,27,96,194000,-1.5529999732971191,-1.5529999732971191
random_search,27,97,196000,-1.5529999732971191,-1.5529999732971191
random_search,27,98,198000,-1.5529999732971191,-1.5529999732971191
random_search,27,99,200000,-1.5529999732971191,-1.5529999732971191
random_search,28,0,2000,-8.352999687194824,-8.352999687194824
random_search,28,1,4000,-7.001999855041504,-7.001999855041504
random_search,28,2,6000,-7.001999855041504,-7.001999855041504
random_search,28,3,8000,-5.4019999504089355,-5.4019999504089355
random_search,28,4,10000,-5.4019999504089355,-5.4019999504089355
random_search,28,5,12000,-3.6540000438690186,-3.6540000438690186
random_search,28,6,14000,-3.6540000438690186,-3.6540000438690186
random_search,28,7,16000,-3.6540000438690186,-3.6540000438690186
random_search,28,8,18000,-3.6540000438690186,-3.6540000438690186
random_search,28,9,20000,-3.6540000438690186,-3.6540000438690186
random_search,28,10,22000,-3.6540000438690186,-3.6540000438690186
random_search,28,11,24000,-3.6540000438690186,-3.6540000438690186
random_search,28,12,26000,-3.6540000438690186,-3.6540000438690186
random_search,28,13,28000,-3.6540000438690186,-3.6540000438690186
random_search,28,14,30000,-3.6540000438690186,-3.6540000438690186
random_search,28,15,32000,-3.6540000438690186,-3.6540000438690186
random_search,28,16,34000,-3.6540000438690186,-3.6540000438690186
random_search,28,17,36000,-3.6540000438690186,-3.6540000438690186
random_search,28,18,38000,-3.6540000438690186,-3.6540000438690186
random_search,28,19,40000,-3.6540000438690186,-3.6540000438690186
random_search,28,20,42000,-3.6540000438690186,-3.6540000438690186
random_search,28,21,44000,-3.6540000438690186,-3.6540000438690186
random_search,28,22,46000,-3.6540000438690186,-3.6540000438690186
random_search,28,23,48000,-3.6540000438690186,-3.6540000438690186
random_search,28,24,50000,-3.6540000438690186,-3.6540000438690186
random_search,28,25,52000,-3.6540000438690186,-3.6540000438690186
random_search,28,26,54000,-3.6540000438690186,-3.6540000438690186
random_search,28,27,56000,-3.6540000438690186,-3.6540000438690186
random_search,28,28,58000,-3.6540000438690186,-3.6540000438690186
random_search,28,29,60000,-3.6540000438690186,-3.6540000438690186
random_search,28,30,62000,-3.6540000438690186,-3.6540000438690186
random_search,28,31,64000,-3.6540000438690186,-3.6540000438690186
random_search,28,32,66000,-3.6540000438690186,-3.6540000438690186
random_search,28,33,68000,-3.6540000438690186,-3.6540000438690186
random_search,28,34,70000,-3.6540000438690186,-3.6540000438690186
random_search,28,35,72000,-3.6540000438690186,-3.6540000438690186
random_search,28,36,74000,-3.6540000438690186,-3.6540000438690186
random_search,28,37,76000,-3.6540000438690186,-3.6540000438690186
random_search,28,38,78000,-3.6540000438690186,-3.6540000438690186
random_search,28,39,80000,-3.6540000438690186,-3.6540000438690186
random_search,28,40,82000,-3.6540000438690186,-3.6540000438690186
random_search,28,41,84000,-3.6540000438690186,-3.6540000438690186
random_search,28,42,86000,-3.6540000438690186,-3.6540000438690186
random_search,28,43,88000,-3.6540000438690186,-3.6540000438690186
random_search,28,44,90000,-3.6540000438690186,-3.6540000438690186
random_search,28,45,92000,-3.6540000438690186,-3.6540000438690186
random_search,28,46,94000,-3.6540000438690186,-3.6540000438690186
random_search,28,47,96000,-3.6540000438690186,-3.6540000438690186
random_search,28,48,98000,-2.802999973297119,-2.802999973297119
random_search,28,49,100000,-2.802999973297119,-2.802999973297119
random_search,28,50,102000,-2.802999973297119,-2.802999973297119
random_search,28,51,104000,-2.802999973297119,-2.802999973297119
random_search,28,52,106000,-2.802999973297119,-2.802999973297119
random_search,28,53,108000,-2.802999973297119,-2.802999973297119
random_search,28,54,110000,-2.802999973297119,-2.802999973297119
random_search,28,55,112000,-2.802999973297119,-2.802999973297119
random_search,28,56,114000,-2.802999973297119,-2.802999973297119
random_search,28,57,116000,-2.802999973297119,-2.802999973297119
random_search,28,58,118000,-2.802999973297119,-2.802999973297119
random_search,28,59,120000,-2.802999973297119,-2.802999973297119
random_search,28,60,122000,-2.802999973297119,-2.802999973297119
random_search,28,61,124000,-2.802999973297119,-2.802999973297119
random_search,28,62,126000,-2.802999973297119,-2.802999973297119
random_search,28,63,128000,-2.802999973297119,-2.802999973297119
random_search,28,64,130000,-2.802999973297119,-2.802999973297119
random_search,28,65,132000,-2.802999973297119,-2.802999973297119
random_search,28,66,134000,-2.802999973297119,-2.802999973297119
random_search,28,67,136000,-2.802999973297119,-2.802999973297119
random_search,28,68,138000,-2.802999973297119,-2.802999973297119
random_search,28,69,140000,-2.802999973297119,-2.802999973297119
random_search,28,70,142000,-2.802999973297119,-2.802999973297119
random_search,28,71,144000,-2.802999973297119,-2.802999973297119
random_search,28,72,146000,-2.802999973297119,-2.802999973297119
random_search,28,73,148000,-2.802999973297119,-2.802999973297119
random_search,28,74,150000,-2.802999973297119,-2.802999973297119
random_search,28,75,152000,-2.802999973297119,-2.802999973297119
random_search,28,76,154000,-2.802999973297119,-2.802999973297119
random_search,28,77,156000,-2.802999973297119,-2.802999973297119
random_search,28,78,158000,-2.802999973297119,-2.802999973297119
random_search,28,79,160000,-2.802999973297119,-2.802999973297119
random_search,28,80,162000,-2.802999973297119,-2.802999973297119
random_search,28,81,164000,-2.802999973297119,-2.802999973297119
random_search,28,82,166000,-2.802999973297119,-2.802999973297119
random_search,28,83,168000,-2.802999973297119,-2.802999973297119
random_search,28,84,170000,-2.802999973297119,-2.802999973297119
random_search,28,85,172000,-2.802999973297119,-2.802999973297119
random_search,28,86,174000,-2.752000093460083,-2.752000093460083
random_search,28,87,176000,-2.752000093460083,-2.752000093460083
random_search,28,88,178000,-2.752000093460083,-2.752000093460083
random_search,28,89,180000,-2.752000093460083,-2.752000093460083
random_search,28,90,182000,-2.752000093460083,-2.752000093460083
random_search,28,91,184000,-2.752000093460083,-2.752000093460083
random_search,28,92,186000,-2.752000093460083,-2.752000093460083
random_search,28,93,188000,-2.752000093460083,-2.752000093460083
random_search,28,94,190000,-2.752000093460083,-2.752000093460083
random_search,28,95,192000,-2.752000093460083,-2.752000093460083
random_search,28,96,194000,-2.752000093460083,-2.752000093460083
random_search,28,97,196000,-2.752000093460083,-2.752000093460083
random_search,28,98,198000,-2.752000093460083,-2.752000093460083
random_search,28,99,200000,-2.752000093460083,-2.752000093460083
random_search,29,0,2000,-6.504000186920166,-6.504000186920166
random_search,29,1,4000,-6.504000186920166,-6.504000186920166
random_search,29,2,6000,-6.504000186920166,-6.504000186920166
random_search,29,3,8000,-6.303999900817871,-6.303999900817871
random_search,29,4,10000,-6.303999900817871,-6.303999900817871
random_search,29,5,12000,-6.002999782562256,-6.002999782562256
random_search,29,6,14000,-6.002999782562256,-6.002999782562256
random_search,29,7,16000,-6.002999782562256,-6.002999782562256
random_search,29,8,18000,-6.002999782562256,-6.002999782562256
random_search,29,9,20000,-3.00600004196167,-3.00600004196167
random_search,29,10,22000,-3.00600004196167,-3.00600004196167
random_search,29,11,24000,-3.00600004196167,-3.00600004196167
random_search,29,12,26000,-3.00600004196167,-3.00600004196167
random_search,29,13,28000,-3.00600004196167,-3.00600004196167
random_search,29,14,30000,-3.00600004196167,-3.00600004196167
random_search,29,15,32000,-3.00600004196167,-3.00600004196167
random_search,29,16,34000,-3.00600004196167,-3.00600004196167
random_search,29,17,36000,-3.00600004196167,-3.00600004196167
random_search,29,18,38000,-3.00600004196167,-3.00600004196167
random_search,29,19,40000,-3.00600004196167,-3.00600004196167
random_search,29,20,42000,-3.00600004196167,-3.00600004196167
random_search,29,21,44000,-3.00600004196167,-3.00600004196167
random_search,29,22,46000,-3.00600004196167,-3.00600004196167
random_search,29,23,48000,-3.00600004196167,-3.00600004196167
random_search,29,24,50000,-3.00600004196167,-3.00600004196167
random_search,29,25,52000,-3.00600004196167,-3.00600004196167
random_search,29,26,54000,-3.00600004196167,-3.00600004196167
random_search,29,27,56000,-3.00600004196167,-3.00600004196167
random_search,29,28,58000,-3.00600004196167,-3.00600004196167
random_search,29,29,60000,-3.00600004196167,-3.00600004196167
random_search,29,30,62000,-3.00600004196167,-3.00600004196167
random_search,29,31,64000,-3.00600004196167,-3.00600004196167
random_search,29,32,66000,-3.00600004196167,-3.00600004196167
random_search,29,33,68000,-3.00600004196167,-3.00600004196167
random_search,29,34,70000,-3.00600004196167,-3.00600004196167
random_search,29,35,72000,-3.00600004196167,-3.00600004196167
random_search,29,36,74000,-3.00600004196167,-3.00600004196167
random_search,29,37,76000,-3.00600004196167,-3.00600004196167
random_search,29,38,78000,-3.00600004196167,-3.00600004196167
random_search,29,39,80000,-3.00600004196167,-3.00600004196167
random_search,29,40,82000,-3.00600004196167,-3.00600004196167
random_search,29,41,84000,-3.00600004196167,-3.00600004196167
random_search,29,42,86000,-3.00600004196167,-3.00600004196167
random_search,29,43,88000,-2.9019999504089355,-2.9019999504089355
random_search,29,44,90000,-2.9019999504089355,-2.9019999504089355
random_search,29,45,92000,-2.9019999504089355,-2.9019999504089355
random_search,29,46,94000,-2.9019999504089355,-2.9019999504089355
random_search,29,47,96000,-2.9019999504089355,-2.9019999504089355
random_search,29,48,98000,-2.9019999504089355,-2.9019999504089355
random_search,29,49,100000,-2.9019999504089355,-2.9019999504089355
random_search,29,50,102000,-2.9019999504089355,-2.9019999504089355
random_search,29,51,104000,-2.9019999504089355,-2.9019999504089355
random_search,29,52,106000,-2.9019999504089355,-2.9019999504089355
random_search,29,53,108000,-2.9019999504089355,-2.9019999504089355
random_search,29,54,110000,-2.9019999504089355,-2.9019999504089355
random_search,29,55,112000,-2.9019999504089355,-2.9019999504089355
random_search,29,56,114000,-2.9019999504089355,-2.9019999504089355
random_search,29,57,116000,-2.9019999504089355,-2.9019999504089355
random_search,29,58,118000,-2.9019999504089355,-2.9019999504089355
random_search,29,59,120000,-2.9019999504089355,-2.9019999504089355
random_search,29,60,122000,-2.9019999504089355,-2.9019999504089355
random_search,29,61,124000,-2.9019999504089355,-2.9019999504089355
random_search,29,62,126000,-2.9019999504089355,-2.9019999504089355
random_search,29,63,128000,-2.9019999504089355,-2.9019999504089355
random_search,29,64,130000,-2.9019999504089355,-2.9019999504089355
random_search,29,65,132000,-2.9019999504089355,-2.9019999504089355
random_search,29,66,134000,-2.9019999504089355,-2.9019999504089355
random_search,29,67,136000,-2.9019999504089355,-2.9019999504089355
random_search,29,68,138000,-2.9019999504089355,-2.9019999504089355
random_search,29,69,140000,-2.9019999504089355,-2.9019999504089355
random_search,29,70,142000,-2.9019999504089355,-2.9019999504089355
random_search,29,71,144000,-2.9019999504089355,-2.9019999504089355
random_search,29,72,146000,-2.9019999504089355,-2.9019999504089355
random_search,29,73,148000,-2.9019999504089355,-2.9019999504089355
random_search,29,74,150000,-2.9019999504089355,-2.9019999504089355
random_search,29,75,152000,-2.9019999504089355,-2.9019999504089355
random_search,29,76,154000,-2.9019999504089355,-2.9019999504089355
random_search,29,77,156000,-2.9019999504089355,-2.9019999504089355
random_search,29,78,158000,-2.9019999504089355,-2.9019999504089355
random_search,29,79,160000,-2.9019999504089355,-2.9019999504089355
random_search,29,80,162000,-2.9019999504089355,-2.9019999504089355
random_search,29,81,164000,-2.9019999504089355,-2.9019999504089355
random_search,29,82,166000,-2.9019999504089355,-2.9019999504089355
random_search,29,83,168000,-2.9019999504089355,-2.9019999504089355
random_search,29,84,170000,-2.9019999504089355,-2.9019999504089355
random_search,29,85,172000,-2.9019999504089355,-2.9019999504089355
random_search,29,86,174000,-2.9019999504089355,-2.9019999504089355
random_search,29,87,176000,-2.9019999504089355,-2.9019999504089355
random_search,29,88,178000,-2.9019999504089355,-2.9019999504089355
random_search,29,89,180000,-2.9019999504089355,-2.9019999504089355
random_search,29,90,182000,-2.9019999504089355,-2.9019999504089355
random_search,29,91,184000,-2.9019999504089355,-2.9019999504089355
random_search,29,92,186000,-2.9019999504089355,-2.9019999504089355
random_search,29,93,188000,-2.9019999504089355,-2.9019999504089355
random_search,29,94,190000,-2.9019999504089355,-2.9019999504089355
random_search,29,95,192000,-2.9019999504089355,-2.9019999504089355
random_search,29,96,194000,-2.9019999504089355,-2.9019999504089355
random_search,29,97,196000,-2.9019999504089355,-2.9019999504089355
random_search,29,98,198000,-2.9019999504089355,-2.9019999504089355
random_search,29,99,200000,-2.9019999504089355,-2.9019999504089355
random_search,30,0,2000,-6.002999782562256,-6.002999782562256
random_search,30,1,4000,-6.002999782562256,-6.002999782562256
random_search,30,2,6000,-6.001999855041504,-6.001999855041504
random_search,30,3,8000,-6.001999855041504,-6.001999855041504
random_search,30,4,10000,-4.504000186920166,-4.504000186920166
random_search,30,5,12000,-4.504000186920166,-4.504000186920166
random_search,30,6,14000,-4.504000186920166,-4.504000186920166
random_search,30,7,16000,-3.803999900817871,-3.803999900817871
random_search,30,8,18000,-3.803999900817871,-3.803999900817871
random_search,30,9,20000,-3.803999900817871,-3.803999900817871
random_search,30,10,22000,-3.803999900817871,-3.803999900817871
random_search,30,11,24000,-3.803999900817871,-3.803999900817871
random_search,30,12,26000,-3.803999900817871,-3.803999900817871
random_search,30,13,28000,-3.803999900817871,-3.803999900817871
random_search,30,14,30000,-3.803999900817871,-3.803999900817871
random_search,30,15,32000,-3.803999900817871,-3.803999900817871
random_search,30,16,34000,-3.803999900817871,-3.803999900817871
random_search,30,17,36000,-3.803999900817871,-3.803999900817871
random_search,30,18,38000,-3.803999900817871,-3.803999900817871
random_search,30,19,40000,-3.803999900817871,-3.803999900817871
random_search,30,20,42000,-3.803999900817871,-3.803999900817871
random_search,30,21,44000,-3.803999900817871,-3.803999900817871
random_search,30,22,46000,-3.803999900817871,-3.803999900817871
random_search,30,23,48000,-3.803999900817871,-3.803999900817871
random_search,30,24,50000,-3.803999900817871,-3.803999900817871
random_search,30,25,52000,-3.552000045776367,-3.552000045776367
random_search,30,26,54000,-3.552000045776367,-3.552000045776367
random_search,30,27,56000,-3.552000045776367,-3.552000045776367
random_search,30,28,58000,-3.552000045776367,-3.552000045776367
random_search,30,29,60000,-3.552000045776367,-3.552000045776367
random_search,30,30,62000,-3.552000045776367,-3.552000045776367
random_search,30,31,64000,-3.552000045776367,-3.552000045776367
random_search,30,32,66000,-3.552000045776367,-3.552000045776367
random_search,30,33,68000,-3.552000045776367,-3.552000045776367
random_search,30,34,70000,-3.552000045776367,-3.552000045776367
random_search,30,35,72000,-3.552000045776367,-3.552000045776367
random_search,30,36,74000,-3.552000045776367,-3.552000045776367
random_search,30,37,76000,-3.552000045776367,-3.552000045776367
random_search,30,38,78000,-3.552000045776367,-3.552000045776367
random_search,30,39,80000,-3.552000045776367,-3.552000045776367
random_search,30,40,82000,-3.552000045776367,-3.552000045776367
random_search,30,41,84000,-3.552000045776367,-3.552000045776367
random_search,30,42,86000,-3.552000045776367,-3.552000045776367
random_search,30,43,88000,-3.552000045776367,-3.552000045776367
random_search,30,44,90000,-3.552000045776367,-3.552000045776367
random_search,30,45,92000,-3.552000045776367,-3.552000045776367
random_search,30,46,94000,-3.552000045776367,-3.552000045776367
random_search,30,47,96000,-3.552000045776367,-3.552000045776367
random_search,30,48,98000,-3.552000045776367,-3.552000045776367
random_search,30,49,100000,-3.552000045776367,-3.552000045776367
random_search,30,50,102000,-3.552000045776367,-3.552000045776367
random_search,30,51,104000,-3.552000045776367,-3.552000045776367
random_search,30,52,106000,-3.552000045776367,-3.552000045776367
random_search,30,53,108000,-3.552000045776367,-3.552000045776367
random_search,30,54,110000,-3.552000045776367,-3.552000045776367
random_search,30,55,112000,-3.1019999980926514,-3.1019999980926514
random_search,30,56,114000,-3.1019999980926514,-3.1019999980926514
random_search,30,57,116000,-3.1019999980926514,-3.1019999980926514
random_search,30,58,118000,-3.1019999980926514,-3.1019999980926514
random_search,30,59,120000,-3.1019999980926514,-3.1019999980926514
random_search,30,60,122000,-3.1019999980926514,-3.1019999980926514
random_search,30,61,124000,-3.1019999980926514,-3.1019999980926514
random_search,30,62,126000,-3.1019999980926514,-3.1019999980926514
random_search,30,63,128000,-3.1019999980926514,-3.1019999980926514
random_search,30,64,130000,-3.1019999980926514,-3.1019999980926514
random_search,30,65,132000,-3.1019999980926514,-3.1019999980926514
random_search,30,66,134000,-3.1019999980926514,-3.1019999980926514
random_search,30,67,136000,-3.1019999980926514,-3.1019999980926514
random_search,30,68,138000,-3.1019999980926514,-3.1019999980926514
random_search,30,69,140000,-3.1019999980926514,-3.1019999980926514
random_search,30,70,142000,-3.1019999980926514,-3.1019999980926514
random_search,30,71,144000,-3.1019999980926514,-3.1019999980926514
random_search,30,72,146000,-3.1019999980926514,-3.1019999980926514
random_search,30,73,148000,-3.1019999980926514,-3.1019999980926514
random_search,30,74,150000,-3.1019999980926514,-3.1019999980926514
random_search,30,75,152000,-2.4019999504089355,-2.4019999504089355
random_search,30,76,154000,-2.4019999504089355,-2.4019999504089355
random_search,30,77,156000,-2.4019999504089355,-2.4019999504089355
random_search,30,78,158000,-2.4019999504089355,-2.4019999504089355
random_search,30,79,160000,-2.4019999504089355,-2.4019999504089355
random_search,30,80,162000,-2.4019999504089355,-2.4019999504089355
random_search,30,81,164000,-2.4019999504089355,-2.4019999504089355
random_search,30,82,166000,-2.4019999504089355,-2.4019999504089355
random_search,30,83,168000,-2.4019999504089355,-2.4019999504089355
random_search,30,84,170000,-2.4019999504089355,-2.4019999504089355
random_search,30,85,172000,-2.4019999504089355,-2.4019999504089355
random_search,30,86,174000,-2.4019999504089355,-2.4019999504089355
random_search,30,87,176000,-2.4019999504089355,-2.4019999504089355
random_search,30,88,178000,-2.4019999504089355,-2.4019999504089355
random_search,30,89,180000,-2.4019999504089355,-2.4019999504089355
random_search,30,90,182000,-2.4019999504089355,-2.4019999504089355
random_search,30,91,184000,-2.4019999504089355,-2.4019999504089355
random_search,30,92,186000,-2.4019999504089355,-2.4019999504089355
random_search,30,93,188000,-2.4019999504089355,-2.4019999504089355
random_search,30,94,190000,-2.4019999504089355,-2.4019999504089355
random_search,30,95,192000,-2.4019999504089355,-2.4019999504089355
random_search,30,96,194000,-2.4019999504089355,-2.4019999504089355
random_search,30,97,196000,-2.4019999504089355,-2.4019999504089355
random_search,30,98,198000,-2.4019999504089355,-2.4019999504089355
random_search,30,99,200000,-2.4019999504089355,-2.4019999504089355
random_search,31,0,2000,-6.000999927520752,-6.000999927520752
random_search,31,1,4000,-5.000999927520752,-5.000999927520752
random_search,31,2,6000,-5.000999927520752,-5.000999927520752
random_search,31,3,8000,-5.000999927520752,-5.000999927520752
random_search,31,4,10000,-5.000999927520752,-5.000999927520752
random_search,31,5,12000,-5.000999927520752,-5.000999927520752
random_search,31,6,14000,-5.000999927520752,-5.000999927520752
random_search,31,7,16000,-5.000999927520752,-5.000999927520752
random_search,31,8,18000,-5.000999927520752,-5.000999927520752
random_search,31,9,20000,-5.000999927520752,-5.000999927520752
random_search,31,10,22000,-5.000999927520752,-5.000999927520752
random_search,31,11,24000,-5.000999927520752,-5.000999927520752
random_search,31,12,26000,-5.000999927520752,-5.000999927520752
random_search,31,13,28000,-5.000999927520752,-5.000999927520752
random_search,31,14,30000,-5.000999927520752,-5.000999927520752
random_search,31,15,32000,-5.000999927520752,-5.000999927520752
random_search,31,16,34000,-5.000999927520752,-5.000999927520752
random_search,31,17,36000,-5.000999927520752,-5.000999927520752
random_search,31,18,38000,-5.000999927520752,-5.000999927520752
random_search,31,19,40000,-5.000999927520752,-5.000999927520752
random_search,31,20,42000,-5.000999927520752,-5.000999927520752
random_search,31,21,44000,-5.000999927520752,-5.000999927520752
random_search,31,22,46000,-5.000999927520752,-5.000999927520752
random_search,31,23,48000,-5.000999927520752,-5.000999927520752
random_search,31,24,50000,-5.000999927520752,-5.000999927520752
random_search,31,25,52000,-5.000999927520752,-5.000999927520752
random_search,31,26,54000,-5.000999927520752,-5.000999927520752
random_search,31,27,56000,-5.000999927520752,-5.000999927520752
random_search,31,28,58000,-5.000999927520752,-5.000999927520752
random_search,31,29,60000,-5.000999927520752,-5.000999927520752
random_search,31,30,62000,-4.302999973297119,-4.302999973297119
random_search,31,31,64000,-4.302999973297119,-4.302999973297119
random_search,31,32,66000,-4.302999973297119,-4.302999973297119
random_search,31,33,68000,-4.302999973297119,-4.302999973297119
random_search,31,34,70000,-4.302999973297119,-4.302999973297119
random_search,31,35,72000,-4.302999973297119,-4.302999973297119
random_search,31,36,74000,-4.302999973297119,-4.302999973297119
random_search,31,37,76000,-4.302999973297119,-4.302999973297119
random_search,31,38,78000,-4.302999973297119,-4.302999973297119
random_search,31,39,80000,-4.302999973297119,-4.302999973297119
random_search,31,40,82000,-3.9519999027252197,-3.9519999027252197
random_search,31,41,84000,-3.9519999027252197,-3.9519999027252197
random_search,31,42,86000,-3.9519999027252197,-3.9519999027252197
random_search,31,43,88000,-3.9519999027252197,-3.9519999027252197
random_search,31,44,90000,-3.9519999027252197,-3.9519999027252197
random_search,31,45,92000,-3.9519999027252197,-3.9519999027252197
random_search,31,46,94000,-3.9519999027252197,-3.9519999027252197
random_search,31,47,96000,-3.9519999027252197,-3.9519999027252197
random_search,31,48,98000,-3.253000020980835,-3.253000020980835
random_search,31,49,100000,-3.253000020980835,-3.253000020980835
random_search,31,50,102000,-3.253000020980835,-3.253000020980835
random_search,31,51,104000,-3.253000020980835,-3.253000020980835
random_search,31,52,106000,-3.253000020980835,-3.253000020980835
random_search,31,53,108000,-3.253000020980835,-3.253000020980835
random_search,31,54,110000,-3.253000020980835,-3.253000020980835
random_search,31,55,112000,-3.253000020980835,-3.253000020980835
random_search,31,56,114000,-3.253000020980835,-3.253000020980835
random_search,31,57,116000,-3.253000020980835,-3.253000020980835
random_search,31,58,118000,-3.253000020980835,-3.253000020980835
random_search,31,59,120000,-3.253000020980835,-3.253000020980835
random_search,31,60,122000,-3.253000020980835,-3.253000020980835
random_search,31,61,124000,-3.253000020980835,-3.253000020980835
random_search,31,62,126000,-3.253000020980835,-3.253000020980835
random_search,31,63,128000,-3.253000020980835,-3.253000020980835
random_search,31,64,130000,-3.253000020980835,-3.253000020980835
random_search,31,65,132000,-3.002000093460083,-3.002000093460083
random_search,31,66,134000,-3.002000093460083,-3.002000093460083
random_search,31,67,136000,-3.002000093460083,-3.002000093460083
random_search,31,68,138000,-3.002000093460083,-3.002000093460083
random_search,31,69,140000,-3.002000093460083,-3.002000093460083
random_search,31,70,142000,-3.002000093460083,-3.002000093460083
random_search,31,71,144000,-2.503999948501587,-2.503999948501587
random_search,31,72,146000,-2.503999948501587,-2.503999948501587
random_search,31,73,148000,-2.503999948501587,-2.503999948501587
random_search,31,74,150000,-2.503999948501587,-2.503999948501587
random_search,31,75,152000,-2.503999948501587,-2.503999948501587
random_search,31,76,154000,-2.503999948501587,-2.503999948501587
random_search,31,77,156000,-2.503999948501587,-2.503999948501587
random_search,31,78,158000,-2.503999948501587,-2.503999948501587
random_search,31,79,160000,-2.503999948501587,-2.503999948501587
random_search,31,80,162000,-2.503999948501587,-2.503999948501587
random_search,31,81,164000,-2.503999948501587,-2.503999948501587
random_search,31,82,166000,-2.503999948501587,-2.503999948501587
random_search,31,83,168000,-2.503999948501587,-2.503999948501587
random_search,31,84,170000,-2.503999948501587,-2.503999948501587
random_search,31,85,172000,-2.503999948501587,-2.503999948501587
random_search,31,86,174000,-2.503999948501587,-2.503999948501587
random_search,31,87,176000,-2.503999948501587,-2.503999948501587
random_search,31,88,178000,-2.503999948501587,-2.503999948501587
random_search,31,89,180000,-2.503999948501587,-2.503999948501587
random_search,31,90,182000,-2.503999948501587,-2.503999948501587
random_search,31,91,184000,-2.503999948501587,-2.503999948501587
random_search,31,92,186000,-2.503999948501587,-2.503999948501587
random_search,31,93,188000,-2.503999948501587,-2.503999948501587
random_search,31,94,190000,-2.503999948501587,-2.503999948501587
random_search,31,95,192000,-2.002000093460083,-2.002000093460083
random_search,31,96,194000,-2.002000093460083,-2.002000093460083
random_search,31,97,196000,-2.002000093460083,-2.002000093460083
random_search,31,98,198000,-2.002000093460083,-2.002000093460083
random_search,31,99,200000,-2.002000093460083,-2.002000093460083
random_search,32,0,2000,-5.302999973297119,-5.302999973297119
random_search,32,1,4000,-5.302999973297119,-5.302999973297119
random_search,32,2,6000,-5.302999973297119,-5.302999973297119
random_search,32,3,8000,-5.004000186920166,-5.004000186920166
random_search,32,4,10000,-5.004000186920166,-5.004000186920166
random_search,32,5,12000,-5.004000186920166,-5.004000186920166
random_search,32,6,14000,-5.004000186920166,-5.004000186920166
random_search,32,7,16000,-5.004000186920166,-5.004000186920166
random_search,32,8,18000,-5.004000186920166,-5.004000186920166
random_search,32,9,20000,-4.651000022888184,-4.651000022888184
random_search,32,10,22000,-3.9040000438690186,-3.9040000438690186
random_search,32,11,24000,-3.9040000438690186,-3.9040000438690186
random_search,32,12,26000,-3.500999927520752,-3.500999927520752
random_search,32,13,28000,-3.500999927520752,-3.500999927520752
random_search,32,14,30000,-3.500999927520752,-3.500999927520752
random_search,32,15,32000,-3.500999927520752,-3.500999927520752
random_search,32,16,34000,-3.500999927520752,-3.500999927520752
random_search,32,17,36000,-3.500999927520752,-3.500999927520752
random_search,32,18,38000,-3.500999927520752,-3.500999927520752
random_search,32,19,40000,-3.500999927520752,-3.500999927520752
random_search,32,20,42000,-3.500999927520752,-3.500999927520752
random_search,32,21,44000,-3.500999927520752,-3.500999927520752
random_search,32,22,46000,-3.500999927520752,-3.500999927520752
random_search,32,23,48000,-3.500999927520752,-3.500999927520752
random_search,32,24,50000,-3.500999927520752,-3.500999927520752
random_search,32,25,52000,-3.500999927520752,-3.500999927520752
random_search,32,26,54000,-3.500999927520752,-3.500999927520752
random_search,32,27,56000,-3.500999927520752,-3.500999927520752
random_search,32,28,58000,-3.500999927520752,-3.500999927520752
random_search,32,29,60000,-3.500999927520752,-3.500999927520752
random_search,32,30,62000,-3.500999927520752,-3.500999927520752
random_search,32,31,64000,-3.500999927520752,-3.500999927520752
random_search,32,32,66000,-3.500999927520752,-3.500999927520752
random_search,32,33,68000,-3.500999927520752,-3.500999927520752
random_search,32,34,70000,-2.9040000438690186,-2.9040000438690186
random_search,32,35,72000,-2.9040000438690186,-2.9040000438690186
random_search,32,36,74000,-2.9040000438690186,-2.9040000438690186
random_search,32,37,76000,-2.9040000438690186,-2.9040000438690186
random_search,32,38,78000,-2.9040000438690186,-2.9040000438690186
random_search,32,39,80000,-2.9040000438690186,-2.9040000438690186
random_search,32,40,82000,-2.9040000438690186,-2.9040000438690186
random_search,32,41,84000,-2.9040000438690186,-2.9040000438690186
random_search,32,42,86000,-2.9040000438690186,-2.9040000438690186
random_search,32,43,88000,-2.9040000438690186,-2.9040000438690186
random_search,32,44,90000,-2.9040000438690186,-2.9040000438690186
random_search,32,45,92000,-2.9040000438690186,-2.9040000438690186
random_search,32,46,94000,-2.9040000438690186,-2.9040000438690186
random_search,32,47,96000,-2.9040000438690186,-2.9040000438690186
random_search,32,48,98000,-2.9040000438690186,-2.9040000438690186
random_search,32,49,100000,-2.9040000438690186,-2.9040000438690186
random_search,32,50,102000,-2.9040000438690186,-2.9040000438690186
random_search,32,51,104000,-2.9040000438690186,-2.9040000438690186
random_search,32,52,106000,-2.9040000438690186,-2.9040000438690186
random_search,32,53,108000,-2.9040000438690186,-2.9040000438690186
random_search,32,54,110000,-2.9040000438690186,-2.9040000438690186
random_search,32,55,112000,-2.9040000438690186,-2.9040000438690186
random_search,32,56,114000,-2.9040000438690186,-2.9040000438690186
random_search,32,57,116000,-2.9040000438690186,-2.9040000438690186
random_search,32,58,118000,-2.9040000438690186,-2.9040000438690186
random_search,32,59,120000,-2.9040000438690186,-2.9040000438690186
random_search,32,60,122000,-2.1029999256134033,-2.1029999256134033
random_search,32,61,124000,-2.1029999256134033,-2.1029999256134033
random_search,32,62,126000,-2.1029999256134033,-2.1029999256134033
random_search,32,63,128000,-2.1029999256134033,-2.1029999256134033
random_search,32,64,130000,-2.1029999256134033,-2.1029999256134033
random_search,32,65,132000,-2.1029999256134033,-2.1029999256134033
random_search,32,66,134000,-2.1029999256134033,-2.1029999256134033
random_search,32,67,136000,-2.1029999256134033,-2.1029999256134033
random_search,32,68,138000,-2.1029999256134033,-2.1029999256134033
random_search,32,69,140000,-2.1029999256134033,-2.1029999256134033
random_search,32,70,142000,-2.1029999256134033,-2.1029999256134033
random_search,32,71,144000,-2.1029999256134033,-2.1029999256134033
random_search,32,72,146000,-2.1029999256134033,-2.1029999256134033
random_search,32,73,148000,-2.1029999256134033,-2.1029999256134033
random_search,32,74,150000,-2.1029999256134033,-2.1029999256134033
random_search,32,75,152000,-2.1029999256134033,-2.1029999256134033
random_search,32,76,154000,-2.1029999256134033,-2.1029999256134033
random_search,32,77,156000,-2.1029999256134033,-2.1029999256134033
random_search,32,78,158000,-2.1029999256134033,-2.1029999256134033
random_search,32,79,160000,-2.1029999256134033,-2.1029999256134033
random_search,32,80,162000,-1.9529999494552612,-1.9529999494552612
random_search,32,81,164000,-1.9529999494552612,-1.9529999494552612
random_search,32,82,166000,-1.9529999494552612,-1.9529999494552612
random_search,32,83,168000,-1.9529999494552612,-1.9529999494552612
random_search,32,84,170000,-1.9529999494552612,-1.9529999494552612
random_search,32,85,172000,-1.9529999494552612,-1.9529999494552612
random_search,32,86,174000,-1.9529999494552612,-1.9529999494552612
random_search,32,87,176000,-1.9529999494552612,-1.9529999494552612
random_search,32,88,178000,-1.9529999494552612,-1.9529999494552612
random_search,32,89,180000,-1.9529999494552612,-1.9529999494552612
random_search,32,90,182000,-1.9529999494552612,-1.9529999494552612
random_search,32,91,184000,-1.9529999494552612,-1.9529999494552612
random_search,32,92,186000,-1.9529999494552612,-1.9529999494552612
random_search,32,93,188000,-1.9529999494552612,-1.9529999494552612
random_search,32,94,190000,-1.9529999494552612,-1.9529999494552612
random_search,32,95,192000,-1.9529999494552612,-1.9529999494552612
random_search,32,96,194000,-1.9529999494552612,-1.9529999494552612
random_search,32,97,196000,-1.9529999494552612,-1.9529999494552612
random_search,32,98,198000,-1.9529999494552612,-1.9529999494552612
random_search,32,99,200000,-1.9529999494552612,-1.9529999494552612
random_search,33,0,2000,-5.1020002365112305,-5.1020002365112305
random_search,33,1,4000,-3.002000093460083,-3.002000093460083
random_search,33,2,6000,-3.002000093460083,-3.002000093460083
random_search,33,3,8000,-3.002000093460083,-3.002000093460083
random_search,33,4,10000,-3.002000093460083,-3.002000093460083
random_search,33,5,12000,-3.002000093460083,-3.002000093460083
random_search,33,6,14000,-3.002000093460083,-3.002000093460083
random_search,33,7,16000,-3.002000093460083,-3.002000093460083
random_search,33,8,18000,-3.002000093460083,-3.002000093460083
random_search,33,9,20000,-3.002000093460083,-3.002000093460083
random_search,33,10,22000,-3.002000093460083,-3.002000093460083
random_search,33,11,24000,-3.002000093460083,-3.002000093460083
random_search,33,12,26000,-3.002000093460083,-3.002000093460083
random_search,33,13,28000,-3.002000093460083,-3.002000093460083
random_search,33,14,30000,-3.002000093460083,-3.002000093460083
random_search,33,15,32000,-3.002000093460083,-3.002000093460083
random_search,33,16,34000,-3.002000093460083,-3.002000093460083
random_search,33,17,36000,-3.002000093460083,-3.002000093460083
random_search,33,18,38000,-3.002000093460083,-3.002000093460083
random_search,33,19,40000,-3.002000093460083,-3.002000093460083
random_search,33,20,42000,-3.002000093460083,-3.002000093460083
random_search,33,21,44000,-3.002000093460083,-3.002000093460083
random_search,33,22,46000,-3.002000093460083,-3.002000093460083
random_search,33,23,48000,-3.002000093460083,-3.002000093460083
random_search,33,24,50000,-3.002000093460083,-3.002000093460083
random_search,33,25,52000,-3.002000093460083,-3.002000093460083
random_search,33,26,54000,-3.002000093460083,-3.002000093460083
random_search,33,27,56000,-3.002000093460083,-3.002000093460083
random_search,33,28,58000,-3.002000093460083,-3.002000093460083
random_search,33,29,60000,-3.002000093460083,-3.002000093460083
random_search,33,30,62000,-3.002000093460083,-3.002000093460083
random_search,33,31,64000,-3.002000093460083,-3.002000093460083
random_search,33,32,66000,-3.002000093460083,-3.002000093460083
random_search,33,33,68000,-3.002000093460083,-3.002000093460083
random_search,33,34,70000,-3.002000093460083,-3.002000093460083
random_search,33,35,72000,-3.002000093460083,-3.002000093460083
random_search,33,36,74000,-3.002000093460083,-3.002000093460083
random_search,33,37,76000,-3.002000093460083,-3.002000093460083
random_search,33,38,78000,-3.002000093460083,-3.002000093460083
random_search,33,39,80000,-3.002000093460083,-3.002000093460083
random_search,33,40,82000,-3.002000093460083,-3.002000093460083
random_search,33,41,84000,-3.002000093460083,-3.002000093460083
random_search,33,42,86000,-3.002000093460083,-3.002000093460083
random_search,33,43,88000,-3.002000093460083,-3.002000093460083
random_search,33,44,90000,-3.002000093460083,-3.002000093460083
random_search,33,45,92000,-3.002000093460083,-3.002000093460083
random_search,33,46,94000,-3.002000093460083,-3.002000093460083
random_search,33,47,96000,-3.002000093460083,-3.002000093460083
random_search,33,48,98000,-3.002000093460083,-3.002000093460083
random_search,33,49,100000,-3.002000093460083,-3.002000093460083
random_search,33,50,102000,-3.002000093460083,-3.002000093460083
random_search,33,51,104000,-1.7519999742507935,-1.7519999742507935
random_search,33,52,106000,-1.7519999742507935,-1.7519999742507935
random_search,33,53,108000,-1.7519999742507935,-1.7519999742507935
random_search,33,54,110000,-1.7519999742507935,-1.7519999742507935
random_search,33,55,112000,-1.7519999742507935,-1.7519999742507935
random_search,33,56,114000,-1.7519999742507935,-1.7519999742507935
random_search,33,57,116000,-1.7519999742507935,-1.7519999742507935
random_search,33,58,118000,-1.7519999742507935,-1.7519999742507935
random_search,33,59,120000,-1.7519999742507935,-1.7519999742507935
random_search,33,60,122000,-1.7519999742507935,-1.7519999742507935
random_search,33,61,124000,-1.7519999742507935,-1.7519999742507935
random_search,33,62,126000,-1.7519999742507935,-1.7519999742507935
random_search,33,63,128000,-1.7519999742507935,-1.7519999742507935
random_search,33,64,130000,-1.7519999742507935,-1.7519999742507935
random_search,33,65,132000,-1.7519999742507935,-1.7519999742507935
random_search,33,66,134000,-1.7519999742507935,-1.7519999742507935
random_search,33,67,136000,-1.7519999742507935,-1.7519999742507935
random_search,33,68,138000,-1.7519999742507935,-1.7519999742507935
random_search,33,69,140000,-1.7519999742507935,-1.7519999742507935
random_search,33,70,142000,-1.7519999742507935,-1.7519999742507935
random_search,33,71,144000,-1.7519999742507935,-1.7519999742507935
random_search,33,72,146000,-1.7519999742507935,-1.7519999742507935
random_search,33,73,148000,-1.7519999742507935,-1.7519999742507935
random_search,33,74,150000,-1.7519999742507935,-1.7519999742507935
random_search,33,75,152000,-1.7519999742507935,-1.7519999742507935
random_search,33,76,154000,-1.7519999742507935,-1.7519999742507935
random_search,33,77,156000,-1.7519999742507935,-1.7519999742507935
random_search,33,78,158000,-1.7519999742507935,-1.7519999742507935
random_search,33,79,160000,-1.7519999742507935,-1.7519999742507935
random_search,33,80,162000,-1.7519999742507935,-1.7519999742507935
random_search,33,81,164000,-1.7519999742507935,-1.7519999742507935
random_search,33,82,166000,-1.7519999742507935,-1.7519999742507935
random_search,33,83,168000,-1.7519999742507935,-1.7519999742507935
random_search,33,84,170000,-1.7519999742507935,-1.7519999742507935
random_search,33,85,172000,-1.7519999742507935,-1.7519999742507935
random_search,33,86,174000,-1.7519999742507935,-1.7519999742507935
random_search,33,87,176000,-1.7519999742507935,-1.7519999742507935
random_search,33,88,178000,-1.7519999742507935,-1.7519999742507935
random_search,33,89,180000,-1.7519999742507935,-1.7519999742507935
random_search,33,90,182000,-1.7519999742507935,-1.7519999742507935
random_search,33,91,184000,-1.7519999742507935,-1.7519999742507935
random_search,33,92,186000,-1.7519999742507935,-1.7519999742507935
random_search,33,93,188000,-1.7519999742507935,-1.7519999742507935
random_search,33,94,190000,-1.7519999742507935,-1.7519999742507935
random_search,33,95,192000,-1.7519999742507935,-1.7519999742507935
random_search,33,96,194000,-1.7519999742507935,-1.7519999742507935
random_search,33,97,196000,-1.7519999742507935,-1.7519999742507935
random_search,33,98,198000,-1.7519999742507935,-1.7519999742507935
random_search,33,99,200000,-1.7519999742507935,-1.7519999742507935
random_search,34,0,2000,-4.1529998779296875,-4.1529998779296875
random_search,34,1,4000,-4.1529998779296875,-4.1529998779296875
random_search,34,2,6000,-4.1529998779296875,-4.1529998779296875
random_search,34,3,8000,-4.1529998779296875,-4.1529998779296875
random_search,34,4,10000,-4.1529998779296875,-4.1529998779296875
random_search,34,5,12000,-4.1529998779296875,-4.1529998779296875
random_search,34,6,14000,-4.1529998779296875,-4.1529998779296875
random_search,34,7,16000,-4.1529998779296875,-4.1529998779296875
random_search,34,8,18000,-4.1529998779296875,-4.1529998779296875
random_search,34,9,20000,-4.1529998779296875,-4.1529998779296875
random_search,34,10,22000,-4.1529998779296875,-4.1529998779296875
random_search,34,11,24000,-4.1529998779296875,-4.1529998779296875
random_search,34,12,26000,-3.6029999256134033,-3.6029999256134033
random_search,34,13,28000,-3.6029999256134033,-3.6029999256134033
random_search,34,14,30000,-3.6029999256134033,-3.6029999256134033
random_search,34,15,32000,-3.6029999256134033,-3.6029999256134033
random_search,34,16,34000,-3.6029999256134033,-3.6029999256134033
random_search,34,17,36000,-3.6029999256134033,-3.6029999256134033
random_search,34,18,38000,-3.6029999256134033,-3.6029999256134033
random_search,34,19,40000,-3.6029999256134033,-3.6029999256134033
random_search,34,20,42000,-3.6029999256134033,-3.6029999256134033
random_search,34,21,44000,-3.6029999256134033,-3.6029999256134033
random_search,34,22,46000,-3.6029999256134033,-3.6029999256134033
random_search,34,23,48000,-3.6029999256134033,-3.6029999256134033
random_search,34,24,50000,-3.6029999256134033,-3.6029999256134033
random_search,34,25,52000,-3.6029999256134033,-3.6029999256134033
random_search,34,26,54000,-3.6029999256134033,-3.6029999256134033
random_search,34,27,56000,-3.6029999256134033,-3.6029999256134033
random_search,34,28,58000,-3.6029999256134033,-3.6029999256134033
random_search,34,29,60000,-3.6029999256134033,-3.6029999256134033
random_search,34,30,62000,-3.6029999256134033,-3.6029999256134033
random_search,34,31,64000,-2.500999927520752,-2.500999927520752
random_search,34,32,66000,-2.500999927520752,-2.500999927520752
random_search,34,33,68000,-2.500999927520752,-2.500999927520752
random_search,34,34,70000,-2.500999927520752,-2.500999927520752
random_search,34,35,72000,-2.500999927520752,-2.500999927520752
random_search,34,36,74000,-2.500999927520752,-2.500999927520752
random_search,34,37,76000,-2.500999927520752,-2.500999927520752
random_search,34,38,78000,-2.500999927520752,-2.500999927520752
random_search,34,39,80000,-2.500999927520752,-2.500999927520752
random_search,34,40,82000,-2.500999927520752,-2.500999927520752
random_search,34,41,84000,-2.500999927520752,-2.500999927520752
random_search,34,42,86000,-2.500999927520752,-2.500999927520752
random_search,34,43,88000,-2.500999927520752,-2.500999927520752
random_search,34,44,90000,-2.500999927520752,-2.500999927520752
random_search,34,45,92000,-2.500999927520752,-2.500999927520752
random_search,34,46,94000,-2.500999927520752,-2.500999927520752
random_search,34,47,96000,-2.500999927520752,-2.500999927520752
random_search,34,48,98000,-2.500999927520752,-2.500999927520752
random_search,34,49,100000,-2.500999927520752,-2.500999927520752
random_search,34,50,102000,-2.500999927520752,-2.500999927520752
random_search,34,51,104000,-2.500999927520752,-2.500999927520752
random_search,34,52,106000,-2.500999927520752,-2.500999927520752
random_search,34,53,108000,-1.6510000228881836,-1.6510000228881836
random_search,34,54,110000,-1.6510000228881836,-1.6510000228881836
random_search,34,55,112000,-1.6510000228881836,-1.6510000228881836
random_search,34,56,114000,-1.6510000228881836,-1.6510000228881836
random_search,34,57,116000,-1.6510000228881836,-1.6510000228881836
random_search,34,58,118000,-1.6510000228881836,-1.6510000228881836
random_search,34,59,120000,-1.6510000228881836,-1.6510000228881836
random_search,34,60,122000,-1.6510000228881836,-1.6510000228881836
random_search,34,61,124000,-1.6510000228881836,-1.6510000228881836
random_search,34,62,126000,-1.6510000228881836,-1.6510000228881836
random_search,34,63,128000,-1.6510000228881836,-1.6510000228881836
random_search,34,64,130000,-1.6510000228881836,-1.6510000228881836
random_search,34,65,132000,-1.6510000228881836,-1.6510000228881836
random_search,34,66,134000,-1.6510000228881836,-1.6510000228881836
random_search,34,67,136000,-1.6510000228881836,-1.6510000228881836
random_search,34,68,138000,-1.6510000228881836,-1.6510000228881836
random_search,34,69,140000,-1.6510000228881836,-1.6510000228881836
random_search,34,70,142000,-1.6510000228881836,-1.6510000228881836
random_search,34,71,144000,-1.6510000228881836,-1.6510000228881836
random_search,34,72,146000,-1.6510000228881836,-1.6510000228881836
random_search,34,73,148000,-1.6510000228881836,-1.6510000228881836
random_search,34,74,150000,-1.6510000228881836,-1.6510000228881836
random_search,34,75,152000,-1.6510000228881836,-1.6510000228881836
random_search,34,76,154000,-1.6510000228881836,-1.6510000228881836
random_search,34,77,156000,-1.6510000228881836,-1.6510000228881836
random_search,34,78,158000,-1.6510000228881836,-1.6510000228881836
random_search,34,79,160000,-1.6510000228881836,-1.6510000228881836
random_search,34,80,162000,-1.6510000228881836,-1.6510000228881836
random_search,34,81,164000,-1.6510000228881836,-1.6510000228881836
random_search,34,82,166000,-1.6510000228881836,-1.6510000228881836
random_search,34,83,168000,-1.6510000228881836,-1.6510000228881836
random_search,34,84,170000,-1.6510000228881836,-1.6510000228881836
random_search,34,85,172000,-1.6510000228881836,-1.6510000228881836
random_search,34,86,174000,-1.6510000228881836,-1.6510000228881836
random_search,34,87,176000,-1.6510000228881836,-1.6510000228881836
random_search,34,88,178000,-1.6510000228881836,-1.6510000228881836
random_search,34,89,180000,-1.6510000228881836,-1.6510000228881836
random_search,34,90,182000,-1.6510000228881836,-1.6510000228881836
random_search,34,91,184000,-1.6510000228881836,-1.6510000228881836
random_search,34,92,186000,-1.6510000228881836,-1.6510000228881836
random_search,34,93,188000,-1.6510000228881836,-1.6510000228881836
random_search,34,94,190000,-1.6510000228881836,-1.6510000228881836
random_search,34,95,192000,-1.6510000228881836,-1.6510000228881836
random_search,34,96,194000,-1.6510000228881836,-1.6510000228881836
random_search,34,97,196000,-1.6510000228881836,-1.6510000228881836
random_search,34,98,198000,-1.6510000228881836,-1.6510000228881836
random_search,34,99,200000,-1.6510000228881836,-1.6510000228881836
random_search,35,0,2000,-9.505000114440918,-9.505000114440918
random_search,35,1,4000,-9.505000114440918,-9.505000114440918
random_search,35,2,6000,-5.105000019073486,-5.105000019073486
random_search,35,3,8000,-5.105000019073486,-5.105000019073486
random_search,35,4,10000,-5.105000019073486,-5.105000019073486
random_search,35,5,12000,-5.002999782562256,-5.002999782562256
random_search,35,6,14000,-3.1530001163482666,-3.1530001163482666
random_search,35,7,16000,-3.1530001163482666,-3.1530001163482666
random_search,35,8,18000,-3.1530001163482666,-3.1530001163482666
random_search,35,9,20000,-3.1530001163482666,-3.1530001163482666
random_search,35,10,22000,-3.1530001163482666,-3.1530001163482666
random_search,35,11,24000,-3.1530001163482666,-3.1530001163482666
random_search,35,12,26000,-3.1530001163482666,-3.1530001163482666
random_search,35,13,28000,-3.1530001163482666,-3.1530001163482666
random_search,35,14,30000,-3.1530001163482666,-3.1530001163482666
random_search,35,15,32000,-3.1530001163482666,-3.1530001163482666
random_search,35,16,34000,-3.1530001163482666,-3.1530001163482666
random_search,35,17,36000,-3.1530001163482666,-3.1530001163482666
random_search,35,18,38000,-3.1530001163482666,-3.1530001163482666
random_search,35,19,40000,-3.1530001163482666,-3.1530001163482666
random_search,35,20,42000,-3.1530001163482666,-3.1530001163482666
random_search,35,21,44000,-3.1530001163482666,-3.1530001163482666
random_search,35,22,46000,-3.1530001163482666,-3.1530001163482666
random_search,35,23,48000,-3.1530001163482666,-3.1530001163482666
random_search,35,24,50000,-3.1530001163482666,-3.1530001163482666
random_search,35,25,52000,-3.1530001163482666,-3.1530001163482666
random_search,35,26,54000,-3.1530001163482666,-3.1530001163482666
random_search,35,27,56000,-3.1530001163482666,-3.1530001163482666
random_search,35,28,58000,-3.1530001163482666,-3.1530001163482666
random_search,35,29,60000,-3.1530001163482666,-3.1530001163482666
random_search,35,30,62000,-3.1530001163482666,-3.1530001163482666
random_search,35,31,64000,-3.1530001163482666,-3.1530001163482666
random_search,35,32,66000,-3.1530001163482666,-3.1530001163482666
random_search,35,33,68000,-3.1530001163482666,-3.1530001163482666
random_search,35,34,70000,-3.1530001163482666,-3.1530001163482666
random_search,35,35,72000,-2.9030001163482666,-2.9030001163482666
random_search,35,36,74000,-2.9030001163482666,-2.9030001163482666
random_search,35,37,76000,-2.9030001163482666,-2.9030001163482666
random_search,35,38,78000,-1.6030000448226929,-1.6030000448226929
random_search,35,39,80000,-1.6030000448226929,-1.6030000448226929
random_search,35,40,82000,-1.6030000448226929,-1.6030000448226929
random_search,35,41,84000,-1.6030000448226929,-1.6030000448226929
random_search,35,42,86000,-1.6030000448226929,-1.6030000448226929
random_search,35,43,88000,-1.6030000448226929,-1.6030000448226929
random_search,35,44,90000,-1.6030000448226929,-1.6030000448226929
random_search,35,45,92000,-1.6030000448226929,-1.6030000448226929
random_search,35,46,94000,-1.6030000448226929,-1.6030000448226929
random_search,35,47,96000,-1.6030000448226929,-1.6030000448226929
random_search,35,48,98000,-1.6030000448226929,-1.6030000448226929
random_search,35,49,100000,-1.6030000448226929,-1.6030000448226929
random_search,35,50,102000,-1.6030000448226929,-1.6030000448226929
random_search,35,51,104000,-1.6030000448226929,-1.6030000448226929
random_search,35,52,106000,-1.6030000448226929,-1.6030000448226929
random_search,35,53,108000,-1.6030000448226929,-1.6030000448226929
random_search,35,54,110000,-1.6030000448226929,-1.6030000448226929
random_search,35,55,112000,-1.6030000448226929,-1.6030000448226929
random_search,35,56,114000,-1.6030000448226929,-1.6030000448226929
random_search,35,57,116000,-1.6030000448226929,-1.6030000448226929
random_search,35,58,118000,-1.6030000448226929,-1.6030000448226929
random_search,35,59,120000,-1.6030000448226929,-1.6030000448226929
random_search,35,60,122000,-1.6030000448226929,-1.6030000448226929
random_search,35,61,124000,-1.6030000448226929,-1.6030000448226929
random_search,35,62,126000,-1.6030000448226929,-1.6030000448226929
random_search,35,63,128000,-1.6030000448226929,-1.6030000448226929
random_search,35,64,130000,-1.6030000448226929,-1.6030000448226929
random_search,35,65,132000,-1.6030000448226929,-1.6030000448226929
random_search,35,66,134000,-1.6030000448226929,-1.6030000448226929
random_search,35,67,136000,-1.6030000448226929,-1.6030000448226929
random_search,35,68,138000,-1.6030000448226929,-1.6030000448226929
random_search,35,69,140000,-1.6030000448226929,-1.6030000448226929
random_search,35,70,142000,-1.6030000448226929,-1.6030000448226929
random_search,35,71,144000,-1.6030000448226929,-1.6030000448226929
random_search,35,72,146000,-1.6030000448226929,-1.6030000448226929
random_search,35,73,148000,-1.6030000448226929,-1.6030000448226929
random_search,35,74,150000,-1.6030000448226929,-1.6030000448226929
random_search,35,75,152000,-1.6030000448226929,-1.6030000448226929
random_search,35,76,154000,-1.6030000448226929,-1.6030000448226929
random_search,35,77,156000,-1.6030000448226929,-1.6030000448226929
random_search,35,78,158000,-1.6030000448226929,-1.6030000448226929
random_search,35,79,160000,-1.6030000448226929,-1.6030000448226929
random_search,35,80,162000,-1.6030000448226929,-1.6030000448226929
random_search,35,81,164000,-1.6030000448226929,-1.6030000448226929
random_search,35,82,166000,-1.6030000448226929,-1.6030000448226929
random_search,35,83,168000,-1.6030000448226929,-1.6030000448226929
random_search,35,84,170000,-1.6030000448226929,-1.6030000448226929
random_search,35,85,172000,-1.6030000448226929,-1.6030000448226929
random_search,35,86,174000,-1.6030000448226929,-1.6030000448226929
random_search,35,87,176000,-1.6030000448226929,-1.6030000448226929
random_search,35,88,178000,-1.6030000448226929,-1.6030000448226929
random_search,35,89,180000,-1.6030000448226929,-1.6030000448226929
random_search,35,90,182000,-1.6030000448226929,-1.6030000448226929
random_search,35,91,184000,-1.6030000448226929,-1.6030000448226929
random_search,35,92,186000,-1.6030000448226929,-1.6030000448226929
random_search,35,93,188000,-1.6030000448226929,-1.6030000448226929
random_search,35,94,190000,-1.6030000448226929,-1.6030000448226929
random_search,35,95,192000,-1.6030000448226929,-1.6030000448226929
random_search,35,96,194000,-1.6030000448226929,-1.6030000448226929
random_search,35,97,196000,-1.6030000448226929,-1.6030000448226929
random_search,35,98,198000,-1.6030000448226929,-1.6030000448226929
random_search,35,99,200000,-1.6030000448226929,-1.6030000448226929
random_search,36,0,2000,-8.60200023651123,-8.60200023651123
random_search,36,1,4000,-7.802000045776367,-7.802000045776367
random_search,36,2,6000,-7.002999782562256,-7.002999782562256
random_search,36,3,8000,-7.002999782562256,-7.002999782562256
random_search,36,4,10000,-5.6020002365112305,-5.6020002365112305
random_search,36,5,12000,-2.2019999027252197,-2.2019999027252197
random_search,36,6,14000,-2.2019999027252197,-2.2019999027252197
random_search,36,7,16000,-2.2019999027252197,-2.2019999027252197
random_search,36,8,18000,-2.2019999027252197,-2.2019999027252197
random_search,36,9,20000,-2.2019999027252197,-2.2019999027252197
random_search,36,10,22000,-2.2019999027252197,-2.2019999027252197
random_search,36,11,24000,-2.2019999027252197,-2.2019999027252197
random_search,36,12,26000,-2.2019999027252197,-2.2019999027252197
random_search,36,13,28000,-2.2019999027252197,-2.2019999027252197
random_search,36,14,30000,-2.2019999027252197,-2.2019999027252197
random_search,36,15,32000,-2.2019999027252197,-2.2019999027252197
random_search,36,16,34000,-2.2019999027252197,-2.2019999027252197
random_search,36,17,36000,-2.2019999027252197,-2.2019999027252197
random_search,36,18,38000,-2.2019999027252197,-2.2019999027252197
random_search,36,19,40000,-2.2019999027252197,-2.2019999027252197
random_search,36,20,42000,-2.2019999027252197,-2.2019999027252197
random_search,36,21,44000,-2.2019999027252197,-2.2019999027252197
random_search,36,22,46000,-2.2019999027252197,-2.2019999027252197
random_search,36,23,48000,-2.2019999027252197,-2.2019999027252197
random_search,36,24,50000,-2.2019999027252197,-2.2019999027252197
random_search,36,25,52000,-2.2019999027252197,-2.2019999027252197
random_search,36,26,54000,-2.2019999027252197,-2.2019999027252197
random_search,36,27,56000,-2.2019999027252197,-2.2019999027252197
random_search,36,28,58000,-2.2019999027252197,-2.2019999027252197
random_search,36,29,60000,-2.2019999027252197,-2.2019999027252197
random_search,36,30,62000,-2.2019999027252197,-2.2019999027252197
random_search,36,31,64000,-2.2019999027252197,-2.2019999027252197
random_search,36,32,66000,-2.2019999027252197,-2.2019999027252197
random_search,36,33,68000,-2.2019999027252197,-2.2019999027252197
random_search,36,34,70000,-2.2019999027252197,-2.2019999027252197
random_search,36,35,72000,-2.2019999027252197,-2.2019999027252197
random_search,36,36,74000,-2.2019999027252197,-2.2019999027252197
random_search,36,37,76000,-2.2019999027252197,-2.2019999027252197
random_search,36,38,78000,-2.2019999027252197,-2.2019999027252197
random_search,36,39,80000,-2.2019999027252197,-2.2019999027252197
random_search,36,40,82000,-2.2019999027252197,-2.2019999027252197
random_search,36,41,84000,-2.2019999027252197,-2.2019999027252197
random_search,36,42,86000,-2.2019999027252197,-2.2019999027252197
random_search,36,43,88000,-2.2019999027252197,-2.2019999027252197
random_search,36,44,90000,-2.2019999027252197,-2.2019999027252197
random_search,36,45,92000,-2.2019999027252197,-2.2019999027252197
random_search,36,46,94000,-2.2019999027252197,-2.2019999027252197
random_search,36,47,96000,-2.2019999027252197,-2.2019999027252197
random_search,36,48,98000,-2.2019999027252197,-2.2019999027252197
random_search,36,49,100000,-2.2019999027252197,-2.2019999027252197
random_search,36,50,102000,-2.2019999027252197,-2.2019999027252197
random_search,36,51,104000,-2.2019999027252197,-2.2019999027252197
random_search,36,52,106000,-2.2019999027252197,-2.2019999027252197
random_search,36,53,108000,-2.2019999027252197,-2.2019999027252197
random_search,36,54,110000,-2.2019999027252197,-2.2019999027252197
random_search,36,55,112000,-2.2019999027252197,-2.2019999027252197
random_search,36,56,114000,-2.2019999027252197,-2.2019999027252197
random_search,36,57,116000,-2.2019999027252197,-2.2019999027252197
random_search,36,58,118000,-2.2019999027252197,-2.2019999027252197
random_search,36,59,120000,-2.2019999027252197,-2.2019999027252197
random_search,36,60,122000,-2.2019999027252197,-2.2019999027252197
random_search,36,61,124000,-2.2019999027252197,-2.2019999027252197
random_search,36,62,126000,-2.2019999027252197,-2.2019999027252197
random_search,36,63,128000,-2.2019999027252197,-2.2019999027252197
random_search,36,64,130000,-2.2019999027252197,-2.2019999027252197
random_search,36,65,132000,-2.2019999027252197,-2.2019999027252197
random_search,36,66,134000,-2.2019999027252197,-2.2019999027252197
random_search,36,67,136000,-2.2019999027252197,-2.2019999027252197
random_search,36,68,138000,-2.2019999027252197,-2.2019999027252197
random_search,36,69,140000,-2.2019999027252197,-2.2019999027252197
random_search,36,70,142000,-2.2019999027252197,-2.2019999027252197
random_search,36,71,144000,-2.2019999027252197,-2.2019999027252197
random_search,36,72,146000,-2.2019999027252197,-2.2019999027252197
random_search,36,73,148000,-2.2019999027252197,-2.2019999027252197
random_search,36,74,150000,-2.2019999027252197,-2.2019999027252197
random_search,36,75,152000,-2.2019999027252197,-2.2019999027252197
random_search,36,76,154000,-2.2019999027252197,-2.2019999027252197
random_search,36,77,156000,-2.2019999027252197,-2.2019999027252197
random_search,36,78,158000,-2.2019999027252197,-2.2019999027252197
random_search,36,79,160000,-2.2019999027252197,-2.2019999027252197
random_search,36,80,162000,-2.2019999027252197,-2.2019999027252197
random_search,36,81,164000,-2.2019999027252197,-2.2019999027252197
random_search,36,82,166000,-2.2019999027252197,-2.2019999027252197
random_search,36,83,168000,-2.2019999027252197,-2.2019999027252197
random_search,36,84,170000,-2.2019999027252197,-2.2019999027252197
random_search,36,85,172000,-2.2019999027252197,-2.2019999027252197
random_search,36,86,174000,-2.2019999027252197,-2.2019999027252197
random_search,36,87,176000,-2.2019999027252197,-2.2019999027252197
random_search,36,88,178000,-2.2019999027252197,-2.2019999027252197
random_search,36,89,180000,-2.2019999027252197,-2.2019999027252197
random_search,36,90,182000,-2.2019999027252197,-2.2019999027252197
random_search,36,91,184000,-2.2019999027252197,-2.2019999027252197
random_search,36,92,186000,-2.2019999027252197,-2.2019999027252197
random_search,36,93,188000,-2.2019999027252197,-2.2019999027252197
random_search,36,94,190000,-2.2019999027252197,-2.2019999027252197
random_search,36,95,192000,-2.2019999027252197,-2.2019999027252197
random_search,36,96,194000,-2.2019999027252197,-2.2019999027252197
random_search,36,97,196000,-2.2019999027252197,-2.2019999027252197
random_search,36,98,198000,-2.2019999027252197,-2.2019999027252197
random_search,36,99,200000,-2.2019999027252197,-2.2019999027252197
random_search,37,0,2000,-5.1020002365112305,-5.1020002365112305
random_search,37,1,4000,-5.1020002365112305,-5.1020002365112305
random_search,37,2,6000,-5.1020002365112305,-5.1020002365112305
random_search,37,3,8000,-3.302000045776367,-3.302000045776367
random_search,37,4,10000,-3.302000045776367,-3.302000045776367
random_search,37,5,12000,-3.302000045776367,-3.302000045776367
random_search,37,6,14000,-3.302000045776367,-3.302000045776367
random_search,37,7,16000,-3.302000045776367,-3.302000045776367
random_search,37,8,18000,-3.302000045776367,-3.302000045776367
random_search,37,9,20000,-3.302000045776367,-3.302000045776367
random_search,37,10,22000,-3.302000045776367,-3.302000045776367
random_search,37,11,24000,-3.302000045776367,-3.302000045776367
random_search,37,12,26000,-3.302000045776367,-3.302000045776367
random_search,37,13,28000,-3.302000045776367,-3.302000045776367
random_search,37,14,30000,-3.302000045776367,-3.302000045776367
random_search,37,15,32000,-3.302000045776367,-3.302000045776367
random_search,37,16,34000,-3.302000045776367,-3.302000045776367
random_search,37,17,36000,-3.302000045776367,-3.302000045776367
random_search,37,18,38000,-3.302000045776367,-3.302000045776367
random_search,37,19,40000,-3.302000045776367,-3.302000045776367
random_search,37,20,42000,-3.302000045776367,-3.302000045776367
random_search,37,21,44000,-3.302000045776367,-3.302000045776367
random_search,37,22,46000,-3.302000045776367,-3.302000045776367
random_search,37,23,48000,-3.302000045776367,-3.302000045776367
random_search,37,24,50000,-3.302000045776367,-3.302000045776367
random_search,37,25,52000,-3.302000045776367,-3.302000045776367
random_search,37,26,54000,-3.302000045776367,-3.302000045776367
random_search,37,27,56000,-2.6510000228881836,-2.6510000228881836
random_search,37,28,58000,-2.6510000228881836,-2.6510000228881836
random_search,37,29,60000,-2.6510000228881836,-2.6510000228881836
random_search,37,30,62000,-2.6510000228881836,-2.6510000228881836
random_search,37,31,64000,-2.6510000228881836,-2.6510000228881836
random_search,37,32,66000,-2.6510000228881836,-2.6510000228881836
random_search,37,33,68000,-2.6510000228881836,-2.6510000228881836
random_search,37,34,70000,-2.6510000228881836,-2.6510000228881836
random_search,37,35,72000,-2.6510000228881836,-2.6510000228881836
random_search,37,36,74000,-2.6510000228881836,-2.6510000228881836
random_search,37,37,76000,-2.6510000228881836,-2.6510000228881836
random_search,37,38,78000,-2.6510000228881836,-2.6510000228881836
random_search,37,39,80000,-2.6510000228881836,-2.6510000228881836
random_search,37,40,82000,-2.6510000228881836,-2.6510000228881836
random_search,37,41,84000,-2.6510000228881836,-2.6510000228881836
random_search,37,42,86000,-2.6510000228881836,-2.6510000228881836
random_search,37,43,88000,-2.6510000228881836,-2.6510000228881836
random_search,37,44,90000,-2.6510000228881836,-2.6510000228881836
random_search,37,45,92000,-2.6510000228881836,-2.6510000228881836
random_search,37,46,94000,-2.6510000228881836,-2.6510000228881836
random_search,37,47,96000,-2.6510000228881836,-2.6510000228881836
random_search,37,48,98000,-2.6510000228881836,-2.6510000228881836
random_search,37,49,100000,-2.6510000228881836,-2.6510000228881836
random_search,37,50,102000,-2.6510000228881836,-2.6510000228881836
random_search,37,51,104000,-2.6510000228881836,-2.6510000228881836
random_search,37,52,106000,-2.6510000228881836,-2.6510000228881836
random_search,37,53,108000,-2.6510000228881836,-2.6510000228881836
random_search,37,54,110000,-2.6510000228881836,-2.6510000228881836
random_search,37,55,112000,-2.6510000228881836,-2.6510000228881836
random_search,37,56,114000,-2.6510000228881836,-2.6510000228881836
random_search,37,57,116000,-2.6510000228881836,-2.6510000228881836
random_search,37,58,118000,-2.6510000228881836,-2.6510000228881836
random_search,37,59,120000,-2.6510000228881836,-2.6510000228881836
random_search,37,60,122000,-2.6510000228881836,-2.6510000228881836
random_search,37,61,124000,-2.6510000228881836,-2.6510000228881836
random_search,37,62,126000,-2.6510000228881836,-2.6510000228881836
random_search,37,63,128000,-2.6510000228881836,-2.6510000228881836
random_search,37,64,130000,-2.6510000228881836,-2.6510000228881836
random_search,37,65,132000,-2.6510000228881836,-2.6510000228881836
random_search,37,66,134000,-2.6510000228881836,-2.6510000228881836
random_search,37,67,136000,-2.6510000228881836,-2.6510000228881836
random_search,37,68,138000,-2.6510000228881836,-2.6510000228881836
random_search,37,69,140000,-2.6510000228881836,-2.6510000228881836
random_search,37,70,142000,-2.6510000228881836,-2.6510000228881836
random_search,37,71,144000,-2.6510000228881836,-2.6510000228881836
random_search,37,72,146000,-2.6510000228881836,-2.6510000228881836
random_search,37,73,148000,-2.6510000228881836,-2.6510000228881836
random_search,37,74,150000,-2.6510000228881836,-2.6510000228881836
random_search,37,75,152000,-2.6510000228881836,-2.6510000228881836
random_search,37,76,154000,-2.6510000228881836,-2.6510000228881836
random_search,37,77,156000,-2.6510000228881836,-2.6510000228881836
random_search,37,78,158000,-2.6510000228881836,-2.6510000228881836
random_search,37,79,160000,-2.6510000228881836,-2.6510000228881836
random_search,37,80,162000,-2.6510000228881836,-2.6510000228881836
random_search,37,81,164000,-2.6510000228881836,-2.6510000228881836
random_search,37,82,166000,-2.6510000228881836,-2.6510000228881836
random_search,37,83,168000,-2.6510000228881836,-2.6510000228881836
random_search,37,84,170000,-2.6510000228881836,-2.6510000228881836
random_search,37,85,172000,-2.6510000228881836,-2.6510000228881836
random_search,37,86,174000,-2.6510000228881836,-2.6510000228881836
random_search,37,87,176000,-2.6510000228881836,-2.6510000228881836
random_search,37,88,178000,-2.6510000228881836,-2.6510000228881836
random_search,37,89,180000,-2.6510000228881836,-2.6510000228881836
random_search,37,90,182000,-2.6510000228881836,-2.6510000228881836
random_search,37,91,184000,-2.6510000228881836,-2.6510000228881836
random_search,37,92,186000,-2.6510000228881836,-2.6510000228881836
random_search,37,93,188000,-2.6510000228881836,-2.6510000228881836
random_search,37,94,190000,-2.6510000228881836,-2.6510000228881836
random_search,37,95,192000,-2.6510000228881836,-2.6510000228881836
random_search,37,96,194000,-2.6510000228881836,-2.6510000228881836
random_search,37,97,196000,-2.6510000228881836,-2.6510000228881836
random_search,37,98,198000,-2.6510000228881836,-2.6510000228881836
random_search,37,99,200000,-2.6510000228881836,-2.6510000228881836
random_search,38,0,2000,-6.603000164031982,-6.603000164031982
random_search,38,1,4000,-5.303999900817871,-5.303999900817871
random_search,38,2,6000,-5.303999900817871,-5.303999900817871
random_search,38,3,8000,-5.303999900817871,-5.303999900817871
random_search,38,4,10000,-5.303999900817871,-5.303999900817871
random_search,38,5,12000,-5.303999900817871,-5.303999900817871
random_search,38,6,14000,-5.303999900817871,-5.303999900817871
random_search,38,7,16000,-2.7009999752044678,-2.7009999752044678
random_search,38,8,18000,-2.7009999752044678,-2.7009999752044678
random_search,38,9,20000,-2.7009999752044678,-2.7009999752044678
random_search,38,10,22000,-2.7009999752044678,-2.7009999752044678
random_search,38,11,24000,-2.7009999752044678,-2.7009999752044678
random_search,38,12,26000,-2.7009999752044678,-2.7009999752044678
random_search,38,13,28000,-2.7009999752044678,-2.7009999752044678
random_search,38,14,30000,-2.7009999752044678,-2.7009999752044678
random_search,38,15,32000,-2.7009999752044678,-2.7009999752044678
random_search,38,16,34000,-2.7009999752044678,-2.7009999752044678
random_search,38,17,36000,-2.7009999752044678,-2.7009999752044678
random_search,38,18,38000,-2.7009999752044678,-2.7009999752044678
random_search,38,19,40000,-2.7009999752044678,-2.7009999752044678
random_search,38,20,42000,-2.7009999752044678,-2.7009999752044678
random_search,38,21,44000,-2.7009999752044678,-2.7009999752044678
random_search,38,22,46000,-2.7009999752044678,-2.7009999752044678
random_search,38,23,48000,-2.7009999752044678,-2.7009999752044678
random_search,38,24,50000,-2.7009999752044678,-2.7009999752044678
random_search,38,25,52000,-2.7009999752044678,-2.7009999752044678
random_search,38,26,54000,-2.7009999752044678,-2.7009999752044678
random_search,38,27,56000,-2.7009999752044678,-2.7009999752044678
random_search,38,28,58000,-2.7009999752044678,-2.7009999752044678
random_search,38,29,60000,-2.7009999752044678,-2.7009999752044678
random_search,38,30,62000,-2.7009999752044678,-2.7009999752044678
random_search,38,31,64000,-2.7009999752044678,-2.7009999752044678
random_search,38,32,66000,-2.7009999752044678,-2.7009999752044678
random_search,38,33,68000,-2.1019999980926514,-2.1019999980926514
random_search,38,34,70000,-2.1019999980926514,-2.1019999980926514
random_search,38,35,72000,-2.1019999980926514,-2.1019999980926514
random_search,38,36,74000,-2.1019999980926514,-2.1019999980926514
random_search,38,37,76000,-2.1019999980926514,-2.1019999980926514
random_search,38,38,78000,-1.9509999752044678,-1.9509999752044678
random_search,38,39,80000,-1.9509999752044678,-1.9509999752044678
random_search,38,40,82000,-1.9509999752044678,-1.9509999752044678
random_search,38,41,84000,-1.9509999752044678,-1.9509999752044678
random_search,38,42,86000,-1.9509999752044678,-1.9509999752044678
random_search,38,43,88000,-1.9509999752044678,-1.9509999752044678
random_search,38,44,90000,-1.9509999752044678,-1.9509999752044678
random_search,38,45,92000,-1.9509999752044678,-1.9509999752044678
random_search,38,46,94000,-1.9509999752044678,-1.9509999752044678
random_search,38,47,96000,-1.9509999752044678,-1.9509999752044678
random_search,38,48,98000,-1.9509999752044678,-1.9509999752044678
random_search,38,49,100000,-1.9509999752044678,-1.9509999752044678
random_search,38,50,102000,-1.9509999752044678,-1.9509999752044678
random_search,38,51,104000,-1.9509999752044678,-1.9509999752044678
random_search,38,52,106000,-1.9509999752044678,-1.9509999752044678
random_search,38,53,108000,-1.9509999752044678,-1.9509999752044678
random_search,38,54,110000,-1.9509999752044678,-1.9509999752044678
random_search,38,55,112000,-1.9509999752044678,-1.9509999752044678
random_search,38,56,114000,-1.9509999752044678,-1.9509999752044678
random_search,38,57,116000,-1.9509999752044678,-1.9509999752044678
random_search,38,58,118000,-1.9509999752044678,-1.9509999752044678
random_search,38,59,120000,-1.9509999752044678,-1.9509999752044678
random_search,38,60,122000,-1.9509999752044678,-1.9509999752044678
random_search,38,61,124000,-1.9509999752044678,-1.9509999752044678
random_search,38,62,126000,-1.9509999752044678,-1.9509999752044678
random_search,38,63,128000,-1.9509999752044678,-1.9509999752044678
random_search,38,64,130000,-1.9509999752044678,-1.9509999752044678
random_search,38,65,132000,-1.9509999752044678,-1.9509999752044678
random_search,38,66,134000,-1.9509999752044678,-1.9509999752044678
random_search,38,67,136000,-1.9509999752044678,-1.9509999752044678
random_search,38,68,138000,-1.9509999752044678,-1.9509999752044678
random_search,38,69,140000,-1.9509999752044678,-1.9509999752044678
random_search,38,70,142000,-1.9509999752044678,-1.9509999752044678
random_search,38,71,144000,-1.9509999752044678,-1.9509999752044678
random_search,38,72,146000,-1.9509999752044678,-1.9509999752044678
random_search,38,73,148000,-1.9509999752044678,-1.9509999752044678
random_search,38,74,150000,-1.9509999752044678,-1.9509999752044678
random_search,38,75,152000,-1.9509999752044678,-1.9509999752044678
random_search,38,76,154000,-1.9509999752044678,-1.9509999752044678
random_search,38,77,156000,-1.9509999752044678,-1.9509999752044678
random_search,38,78,158000,-1.9509999752044678,-1.9509999752044678
random_search,38,79,160000,-1.9509999752044678,-1.9509999752044678
random_search,38,80,162000,-1.9509999752044678,-1.9509999752044678
random_search,38,81,164000,-1.9509999752044678,-1.9509999752044678
random_search,38,82,166000,-1.9509999752044678,-1.9509999752044678
random_search,38,83,168000,-1.9509999752044678,-1.9509999752044678
random_search,38,84,170000,-1.9509999752044678,-1.9509999752044678
random_search,38,85,172000,-1.9509999752044678,-1.9509999752044678
random_search,38,86,174000,-1.9509999752044678,-1.9509999752044678
random_search,38,87,176000,-1.9509999752044678,-1.9509999752044678
random_search,38,88,178000,-1.9509999752044678,-1.9509999752044678
random_search,38,89,180000,-1.9509999752044678,-1.9509999752044678
random_search,38,90,182000,-1.9509999752044678,-1.9509999752044678
random_search,38,91,184000,-1.9509999752044678,-1.9509999752044678
random_search,38,92,186000,-1.9509999752044678,-1.9509999752044678
random_search,38,93,188000,-1.9509999752044678,-1.9509999752044678
random_search,38,94,190000,-1.9509999752044678,-1.9509999752044678
random_search,38,95,192000,-1.9509999752044678,-1.9509999752044678
random_search,38,96,194000,-1.9509999752044678,-1.9509999752044678
random_search,38,97,196000,-1.9509999752044678,-1.9509999752044678
random_search,38,98,198000,-1.9509999752044678,-1.9509999752044678
random_search,38,99,200000,-1.9509999752044678,-1.9509999752044678
random_search,39,0,2000,-1.7039999961853027,-1.7039999961853027
random_search,39,1,4000,-1.7039999961853027,-1.7039999961853027
random_search,39,2,6000,-1.7039999961853027,-1.7039999961853027
random_search,39,3,8000,-1.7039999961853027,-1.7039999961853027
random_search,39,4,10000,-1.7039999961853027,-1.7039999961853027
random_search,39,5,12000,-1.7039999961853027,-1.7039999961853027
random_search,39,6,14000,-1.7039999961853027,-1.7039999961853027
random_search,39,7,16000,-1.7039999961853027,-1.7039999961853027
random_search,39,8,18000,-1.7039999961853027,-1.7039999961853027
random_search,39,9,20000,-1.7039999961853027,-1.7039999961853027
random_search,39,10,22000,-1.7039999961853027,-1.7039999961853027
random_search,39,11,24000,-1.7039999961853027,-1.7039999961853027
random_search,39,12,26000,-1.7039999961853027,-1.7039999961853027
random_search,39,13,28000,-1.7039999961853027,-1.7039999961853027
random_search,39,14,30000,-1.7039999961853027,-1.7039999961853027
random_search,39,15,32000,-1.7039999961853027,-1.7039999961853027
random_search,39,16,34000,-1.7039999961853027,-1.7039999961853027
random_search,39,17,36000,-1.7039999961853027,-1.7039999961853027
random_search,39,18,38000,-1.7039999961853027,-1.7039999961853027
random_search,39,19,40000,-1.7039999961853027,-1.7039999961853027
random_search,39,20,42000,-1.7039999961853027,-1.7039999961853027
random_search,39,21,44000,-1.7039999961853027,-1.7039999961853027
random_search,39,22,46000,-1.7039999961853027,-1.7039999961853027
random_search,39,23,48000,-1.7039999961853027,-1.7039999961853027
random_search,39,24,50000,-1.7039999961853027,-1.7039999961853027
random_search,39,25,52000,-1.7039999961853027,-1.7039999961853027
random_search,39,26,54000,-1.7039999961853027,-1.7039999961853027
random_search,39,27,56000,-1.7039999961853027,-1.7039999961853027
random_search,39,28,58000,-1.7039999961853027,-1.7039999961853027
random_search,39,29,60000,-1.7039999961853027,-1.7039999961853027
random_search,39,30,62000,-1.7039999961853027,-1.7039999961853027
random_search,39,31,64000,-1.7039999961853027,-1.7039999961853027
random_search,39,32,66000,-1.7039999961853027,-1.7039999961853027
random_search,39,33,68000,-1.7039999961853027,-1.7039999961853027
random_search,39,34,70000,-1.7039999961853027,-1.7039999961853027
random_search,39,35,72000,-1.7039999961853027,-1.7039999961853027
random_search,39,36,74000,-1.7039999961853027,-1.7039999961853027
random_search,39,37,76000,-1.7039999961853027,-1.7039999961853027
random_search,39,38,78000,-1.7039999961853027,-1.7039999961853027
random_search,39,39,80000,-1.7039999961853027,-1.7039999961853027
random_search,39,40,82000,-1.7039999961853027,-1.7039999961853027
random_search,39,41,84000,-1.7039999961853027,-1.7039999961853027
random_search,39,42,86000,-1.7039999961853027,-1.7039999961853027
random_search,39,43,88000,-1.7039999961853027,-1.7039999961853027
random_search,39,44,90000,-1.7039999961853027,-1.7039999961853027
random_search,39,45,92000,-1.7039999961853027,-1.7039999961853027
random_search,39,46,94000,-1.7039999961853027,-1.7039999961853027
random_search,39,47,96000,-1.7039999961853027,-1.7039999961853027
random_search,39,48,98000,-1.7039999961853027,-1.7039999961853027
random_search,39,49,100000,-1.7039999961853027,-1.7039999961853027
random_search,39,50,102000,-1.7039999961853027,-1.7039999961853027
random_search,39,51,104000,-1.7039999961853027,-1.7039999961853027
random_search,39,52,106000,-1.7039999961853027,-1.7039999961853027
random_search,39,53,108000,-1.7039999961853027,-1.7039999961853027
random_search,39,54,110000,-1.7039999961853027,-1.7039999961853027
random_search,39,55,112000,-1.7039999961853027,-1.7039999961853027
random_search,39,56,114000,-1.7039999961853027,-1.7039999961853027
random_search,39,57,116000,-1.7039999961853027,-1.7039999961853027
random_search,39,58,118000,-1.7039999961853027,-1.7039999961853027
random_search,39,59,120000,-1.7039999961853027,-1.7039999961853027
random_search,39,60,122000,-1.7039999961853027,-1.7039999961853027
random_search,39,61,124000,-1.7039999961853027,-1.7039999961853027
random_search,39,62,126000,-1.7039999961853027,-1.7039999961853027
random_search,39,63,128000,-1.7039999961853027,-1.7039999961853027
random_search,39,64,130000,-1.7039999961853027,-1.7039999961853027
random_search,39,65,132000,-1.7039999961853027,-1.7039999961853027
random_search,39,66,134000,-1.7039999961853027,-1.7039999961853027
random_search,39,67,136000,-1.7039999961853027,-1.7039999961853027
random_search,39,68,138000,-1.7039999961853027,-1.7039999961853027
random_search,39,69,140000,-1.7039999961853027,-1.7039999961853027
random_search,39,70,142000,-1.7039999961853027,-1.7039999961853027
random_search,39,71,144000,-1.7039999961853027,-1.7039999961853027
random_search,39,72,146000,-1.7039999961853027,-1.7039999961853027
random_search,39,73,148000,-1.7039999961853027,-1.7039999961853027
random_search,39,74,150000,-1.7039999961853027,-1.7039999961853027
random_search,39,75,152000,-1.7039999961853027,-1.7039999961853027
random_search,39,76,154000,-1.7039999961853027,-1.7039999961853027
random_search,39,77,156000,-1.7039999961853027,-1.7039999961853027
random_search,39,78,158000,-1.7039999961853027,-1.7039999961853027
random_search,39,79,160000,-1.7039999961853027,-1.7039999961853027
random_search,39,80,162000,-1.7039999961853027,-1.7039999961853027
random_search,39,81,164000,-1.7039999961853027,-1.7039999961853027
random_search,39,82,166000,-1.7039999961853027,-1.7039999961853027
random_search,39,83,168000,-1.7039999961853027,-1.7039999961853027
random_search,39,84,170000,-1.7039999961853027,-1.7039999961853027
random_search,39,85,172000,-1.7039999961853027,-1.7039999961853027
random_search,39,86,174000,-1.7039999961853027,-1.7039999961853027
random_search,39,87,176000,-1.7039999961853027,-1.7039999961853027
random_search,39,88,178000,-1.7039999961853027,-1.7039999961853027
random_search,39,89,180000,-1.7039999961853027,-1.7039999961853027
random_search,39,90,182000,-1.7039999961853027,-1.7039999961853027
random_search,39,91,184000,-1.7039999961853027,-1.7039999961853027
random_search,39,92,186000,-1.7039999961853027,-1.7039999961853027
random_search,39,93,188000,-1.7039999961853027,-1.7039999961853027
random_search,39,94,190000,-1.7039999961853027,-1.7039999961853027
random_search,39,95,192000,-1.7039999961853027,-1.7039999961853027
random_search,39,96,194000,-1.7039999961853027,-1.7039999961853027
random_search,39,97,196000,-1.7039999961853027,-1.7039999961853027
random_search,39,98,198000,-1.7039999961853027,-1.7039999961853027
random_search,39,99,200000,-1.7039999961853027,-1.7039999961853027
random_search,40,0,2000,-7.803999900817871,-7.803999900817871
random_search,40,1,4000,-4.750999927520752,-4.750999927520752
random_search,40,2,6000,-2.9030001163482666,-2.9030001163482666
random_search,40,3,8000,-2.9030001163482666,-2.9030001163482666
random_search,40,4,10000,-2.9030001163482666,-2.9030001163482666
random_search,40,5,12000,-2.9030001163482666,-2.9030001163482666
random_search,40,6,14000,-2.9030001163482666,-2.9030001163482666
random_search,40,7,16000,-2.9030001163482666,-2.9030001163482666
random_search,40,8,18000,-2.9030001163482666,-2.9030001163482666
random_search,40,9,20000,-2.9030001163482666,-2.9030001163482666
random_search,40,10,22000,-2.9030001163482666,-2.9030001163482666
random_search,40,11,24000,-2.9030001163482666,-2.9030001163482666
random_search,40,12,26000,-2.9030001163482666,-2.9030001163482666
random_search,40,13,28000,-2.9030001163482666,-2.9030001163482666
random_search,40,14,30000,-2.6029999256134033,-2.6029999256134033
random_search,40,15,32000,-2.6029999256134033,-2.6029999256134033
random_search,40,16,34000,-2.6029999256134033,-2.6029999256134033
random_search,40,17,36000,-2.6029999256134033,-2.6029999256134033
random_search,40,18,38000,-2.6029999256134033,-2.6029999256134033
random_search,40,19,40000,-2.6029999256134033,-2.6029999256134033
random_search,40,20,42000,-2.6029999256134033,-2.6029999256134033
random_search,40,21,44000,-2.6029999256134033,-2.6029999256134033
random_search,40,22,46000,-2.6029999256134033,-2.6029999256134033
random_search,40,23,48000,-2.6029999256134033,-2.6029999256134033
random_search,40,24,50000,-2.6029999256134033,-2.6029999256134033
random_search,40,25,52000,-1.9049999713897705,-1.9049999713897705
random_search,40,26,54000,-1.9049999713897705,-1.9049999713897705
random_search,40,27,56000,-1.9049999713897705,-1.9049999713897705
random_search,40,28,58000,-1.9049999713897705,-1.9049999713897705
random_search,40,29,60000,-1.9049999713897705,-1.9049999713897705
random_search,40,30,62000,-1.9049999713897705,-1.9049999713897705
random_search,40,31,64000,-1.9049999713897705,-1.9049999713897705
random_search,40,32,66000,-1.9049999713897705,-1.9049999713897705
random_search,40,33,68000,-1.9049999713897705,-1.9049999713897705
random_search,40,34,70000,-1.9049999713897705,-1.9049999713897705
random_search,40,35,72000,-1.9049999713897705,-1.9049999713897705
random_search,40,36,74000,-1.9049999713897705,-1.9049999713897705
random_search,40,37,76000,-1.9049999713897705,-1.9049999713897705
random_search,40,38,78000,-1.9049999713897705,-1.9049999713897705
random_search,40,39,80000,-1.9049999713897705,-1.9049999713897705
random_search,40,40,82000,-1.9049999713897705,-1.9049999713897705
random_search,40,41,84000,-1.9049999713897705,-1.9049999713897705
random_search,40,42,86000,-1.9049999713897705,-1.9049999713897705
random_search,40,43,88000,-1.9049999713897705,-1.9049999713897705
random_search,40,44,90000,-1.9049999713897705,-1.9049999713897705
random_search,40,45,92000,-1.9049999713897705,-1.9049999713897705
random_search,40,46,94000,-1.9049999713897705,-1.9049999713897705
random_search,40,47,96000,-1.9049999713897705,-1.9049999713897705
random_search,40,48,98000,-1.9049999713897705,-1.9049999713897705
random_search,40,49,100000,-1.9049999713897705,-1.9049999713897705
random_search,40,50,102000,-1.9049999713897705,-1.9049999713897705
random_search,40,51,104000,-1.9049999713897705,-1.9049999713897705
random_search,40,52,106000,-1.9049999713897705,-1.9049999713897705
random_search,40,53,108000,-1.9049999713897705,-1.9049999713897705
random_search,40,54,110000,-1.9049999713897705,-1.9049999713897705
random_search,40,55,112000,-1.9049999713897705,-1.9049999713897705
random_search,40,56,114000,-1.9049999713897705,-1.9049999713897705
random_search,40,57,116000,-1.9049999713897705,-1.9049999713897705
random_search,40,58,118000,-1.9049999713897705,-1.9049999713897705
random_search,40,59,120000,-1.9049999713897705,-1.9049999713897705
random_search,40,60,122000,-1.9049999713897705,-1.9049999713897705
random_search,40,61,124000,-1.9049999713897705,-1.9049999713897705
random_search,40,62,126000,-1.9049999713897705,-1.9049999713897705
random_search,40,63,128000,-1.9049999713897705,-1.9049999713897705
random_search,40,64,130000,-1.9049999713897705,-1.9049999713897705
random_search,40,65,132000,-1.9049999713897705,-1.9049999713897705
random_search,40,66,134000,-1.9049999713897705,-1.9049999713897705
random_search,40,67,136000,-1.9049999713897705,-1.9049999713897705
random_search,40,68,138000,-1.9049999713897705,-1.9049999713897705
random_search,40,69,140000,-1.9049999713897705,-1.9049999713897705
random_search,40,70,142000,-1.9049999713897705,-1.9049999713897705
random_search,40,71,144000,-1.9049999713897705,-1.9049999713897705
random_search,40,72,146000,-1.9049999713897705,-1.9049999713897705
random_search,40,73,148000,-1.9049999713897705,-1.9049999713897705
random_search,40,74,150000,-1.9049999713897705,-1.9049999713897705
random_search,40,75,152000,-1.9049999713897705,-1.9049999713897705
random_search,40,76,154000,-1.9049999713897705,-1.9049999713897705
random_search,40,77,156000,-1.9049999713897705,-1.9049999713897705
random_search,40,78,158000,-1.9049999713897705,-1.9049999713897705
random_search,40,79,160000,-1.9049999713897705,-1.9049999713897705
random_search,40,80,162000,-1.9049999713897705,-1.9049999713897705
random_search,40,81,164000,-1.9049999713897705,-1.9049999713897705
random_search,40,82,166000,-1.9049999713897705,-1.9049999713897705
random_search,40,83,168000,-1.9049999713897705,-1.9049999713897705
random_search,40,84,170000,-1.9049999713897705,-1.9049999713897705
random_search,40,85,172000,-1.9049999713897705,-1.9049999713897705
random_search,40,86,174000,-1.9049999713897705,-1.9049999713897705
random_search,40,87,176000,-1.9049999713897705,-1.9049999713897705
random_search,40,88,178000,-1.9049999713897705,-1.9049999713897705
random_search,40,89,180000,-1.9049999713897705,-1.9049999713897705
random_search,40,90,182000,-1.9049999713897705,-1.9049999713897705
random_search,40,91,184000,-1.9049999713897705,-1.9049999713897705
random_search,40,92,186000,-1.9049999713897705,-1.9049999713897705
random_search,40,93,188000,-1.9049999713897705,-1.9049999713897705
random_search,40,94,190000,-1.9049999713897705,-1.9049999713897705
random_search,40,95,192000,-1.9049999713897705,-1.9049999713897705
random_search,40,96,194000,-1.9049999713897705,-1.9049999713897705
random_search,40,97,196000,-1.9049999713897705,-1.9049999713897705
random_search,40,98,198000,-1.9049999713897705,-1.9049999713897705
random_search,40,99,200000,-1.9049999713897705,-1.9049999713897705
random_search,41,0,2000,-3.2019999027252197,-3.2019999027252197
random_search,41,1,4000,-3.2019999027252197,-3.2019999027252197
random_search,41,2,6000,-3.2019999027252197,-3.2019999027252197
random_search,41,3,8000,-3.2019999027252197,-3.2019999027252197
random_search,41,4,10000,-3.2019999027252197,-3.2019999027252197
random_search,41,5,12000,-3.2019999027252197,-3.2019999027252197
random_search,41,6,14000,-3.2019999027252197,-3.2019999027252197
random_search,41,7,16000,-3.2019999027252197,-3.2019999027252197
random_search,41,8,18000,-3.2019999027252197,-3.2019999027252197
random_search,41,9,20000,-3.2019999027252197,-3.2019999027252197
random_search,41,10,22000,-3.2019999027252197,-3.2019999027252197
random_search,41,11,24000,-3.2019999027252197,-3.2019999027252197
random_search,41,12,26000,-3.2019999027252197,-3.2019999027252197
random_search,41,13,28000,-3.2019999027252197,-3.2019999027252197
random_search,41,14,30000,-3.2019999027252197,-3.2019999027252197
random_search,41,15,32000,-3.2019999027252197,-3.2019999027252197
random_search,41,16,34000,-3.2019999027252197,-3.2019999027252197
random_search,41,17,36000,-3.2019999027252197,-3.2019999027252197
random_search,41,18,38000,-3.2019999027252197,-3.2019999027252197
random_search,41,19,40000,-3.2019999027252197,-3.2019999027252197
random_search,41,20,42000,-3.2019999027252197,-3.2019999027252197
random_search,41,21,44000,-3.2019999027252197,-3.2019999027252197
random_search,41,22,46000,-3.2019999027252197,-3.2019999027252197
random_search,41,23,48000,-3.2019999027252197,-3.2019999027252197
random_search,41,24,50000,-3.2019999027252197,-3.2019999027252197
random_search,41,25,52000,-3.2019999027252197,-3.2019999027252197
random_search,41,26,54000,-3.2019999027252197,-3.2019999027252197
random_search,41,27,56000,-3.2019999027252197,-3.2019999027252197
random_search,41,28,58000,-3.2019999027252197,-3.2019999027252197
random_search,41,29,60000,-3.2019999027252197,-3.2019999027252197
random_search,41,30,62000,-3.2019999027252197,-3.2019999027252197
random_search,41,31,64000,-3.2019999027252197,-3.2019999027252197
random_search,41,32,66000,-3.2019999027252197,-3.2019999027252197
random_search,41,33,68000,-3.2019999027252197,-3.2019999027252197
random_search,41,34,70000,-3.2019999027252197,-3.2019999027252197
random_search,41,35,72000,-3.2019999027252197,-3.2019999027252197
random_search,41,36,74000,-3.2019999027252197,-3.2019999027252197
random_search,41,37,76000,-3.2019999027252197,-3.2019999027252197
random_search,41,38,78000,-3.2019999027252197,-3.2019999027252197
random_search,41,39,80000,-3.2019999027252197,-3.2019999027252197
random_search,41,40,82000,-3.2019999027252197,-3.2019999027252197
random_search,41,41,84000,-3.2019999027252197,-3.2019999027252197
random_search,41,42,86000,-3.2019999027252197,-3.2019999027252197
random_search,41,43,88000,-3.2019999027252197,-3.2019999027252197
random_search,41,44,90000,-3.2019999027252197,-3.2019999027252197
random_search,41,45,92000,-3.2019999027252197,-3.2019999027252197
random_search,41,46,94000,-3.2019999027252197,-3.2019999027252197
random_search,41,47,96000,-3.2019999027252197,-3.2019999027252197
random_search,41,48,98000,-3.2019999027252197,-3.2019999027252197
random_search,41,49,100000,-3.2019999027252197,-3.2019999027252197
random_search,41,50,102000,-3.2019999027252197,-3.2019999027252197
random_search,41,51,104000,-3.2019999027252197,-3.2019999027252197
random_search,41,52,106000,-3.2019999027252197,-3.2019999027252197
random_search,41,53,108000,-3.2019999027252197,-3.2019999027252197
random_search,41,54,110000,-3.2019999027252197,-3.2019999027252197
random_search,41,55,112000,-3.2019999027252197,-3.2019999027252197
random_search,41,56,114000,-3.2019999027252197,-3.2019999027252197
random_search,41,57,116000,-3.2019999027252197,-3.2019999027252197
random_search,41,58,118000,-3.2019999027252197,-3.2019999027252197
random_search,41,59,120000,-3.2019999027252197,-3.2019999027252197
random_search,41,60,122000,-3.2019999027252197,-3.2019999027252197
random_search,41,61,124000,-3.2019999027252197,-3.2019999027252197
random_search,41,62,126000,-3.2019999027252197,-3.2019999027252197
random_search,41,63,128000,-3.2019999027252197,-3.2019999027252197
random_search,41,64,130000,-3.2019999027252197,-3.2019999027252197
random_search,41,65,132000,-3.2019999027252197,-3.2019999027252197
random_search,41,66,134000,-3.2019999027252197,-3.2019999027252197
random_search,41,67,136000,-3.2019999027252197,-3.2019999027252197
random_search,41,68,138000,-3.2019999027252197,-3.2019999027252197
random_search,41,69,140000,-3.2019999027252197,-3.2019999027252197
random_search,41,70,142000,-3.2019999027252197,-3.2019999027252197
random_search,41,71,144000,-3.2019999027252197,-3.2019999027252197
random_search,41,72,146000,-3.2019999027252197,-3.2019999027252197
random_search,41,73,148000,-3.2019999027252197,-3.2019999027252197
random_search,41,74,150000,-3.2019999027252197,-3.2019999027252197
random_search,41,75,152000,-3.2019999027252197,-3.2019999027252197
random_search,41,76,154000,-3.2019999027252197,-3.2019999027252197
random_search,41,77,156000,-3.2019999027252197,-3.2019999027252197
random_search,41,78,158000,-3.2019999027252197,-3.2019999027252197
random_search,41,79,160000,-3.2019999027252197,-3.2019999027252197
random_search,41,80,162000,-3.2019999027252197,-3.2019999027252197
random_search,41,81,164000,-3.2019999027252197,-3.2019999027252197
random_search,41,82,166000,-3.2019999027252197,-3.2019999027252197
random_search,41,83,168000,-3.2019999027252197,-3.2019999027252197
random_search,41,84,170000,-3.2019999027252197,-3.2019999027252197
random_search,41,85,172000,-3.2019999027252197,-3.2019999027252197
random_search,41,86,174000,-3.2019999027252197,-3.2019999027252197
random_search,41,87,176000,-3.2019999027252197,-3.2019999027252197
random_search,41,88,178000,-3.2019999027252197,-3.2019999027252197
random_search,41,89,180000,-3.2019999027252197,-3.2019999027252197
random_search,41,90,182000,-3.2019999027252197,-3.2019999027252197
random_search,41,91,184000,-3.2019999027252197,-3.2019999027252197
random_search,41,92,186000,-3.2019999027252197,-3.2019999027252197
random_search,41,93,188000,-3.2019999027252197,-3.2019999027252197
random_search,41,94,190000,-3.2019999027252197,-3.2019999027252197
random_search,41,95,192000,-3.2019999027252197,-3.2019999027252197
random_search,41,96,194000,-3.2019999027252197,-3.2019999027252197
random_search,41,97,196000,-3.2019999027252197,-3.2019999027252197
random_search,41,98,198000,-3.2019999027252197,-3.2019999027252197
random_search,41,99,200000,-3.2019999027252197,-3.2019999027252197
random_search,42,0,2000,-7.254000186920166,-7.254000186920166
random_search,42,1,4000,-5.6020002365112305,-5.6020002365112305
random_search,42,2,6000,-4.4039998054504395,-4.4039998054504395
random_search,42,3,8000,-4.4039998054504395,-4.4039998054504395
random_search,42,4,10000,-3.9030001163482666,-3.9030001163482666
random_search,42,5,12000,-3.9030001163482666,-3.9030001163482666
random_search,42,6,14000,-1.8519999980926514,-1.8519999980926514
random_search,42,7,16000,-1.8519999980926514,-1.8519999980926514
random_search,42,8,18000,-1.8519999980926514,-1.8519999980926514
random_search,42,9,20000,-1.8519999980926514,-1.8519999980926514
random_search,42,10,22000,-1.8519999980926514,-1.8519999980926514
random_search,42,11,24000,-1.8519999980926514,-1.8519999980926514
random_search,42,12,26000,-1.8519999980926514,-1.8519999980926514
random_search,42,13,28000,-1.8519999980926514,-1.8519999980926514
random_search,42,14,30000,-1.8519999980926514,-1.8519999980926514
random_search,42,15,32000,-1.8519999980926514,-1.8519999980926514
random_search,42,16,34000,-1.8519999980926514,-1.8519999980926514
random_search,42,17,36000,-1.8519999980926514,-1.8519999980926514
random_search,42,18,38000,-1.8519999980926514,-1.8519999980926514
random_search,42,19,40000,-1.8519999980926514,-1.8519999980926514
random_search,42,20,42000,-1.8519999980926514,-1.8519999980926514
random_search,42,21,44000,-1.8519999980926514,-1.8519999980926514
random_search,42,22,46000,-1.8519999980926514,-1.8519999980926514
random_search,42,23,48000,-1.8519999980926514,-1.8519999980926514
random_search,42,24,50000,-1.8519999980926514,-1.8519999980926514
random_search,42,25,52000,-1.8519999980926514,-1.8519999980926514
random_search,42,26,54000,-1.8519999980926514,-1.8519999980926514
random_search,42,27,56000,-1.8519999980926514,-1.8519999980926514
random_search,42,28,58000,-1.8519999980926514,-1.8519999980926514
random_search,42,29,60000,-1.8519999980926514,-1.8519999980926514
random_search,42,30,62000,-1.8519999980926514,-1.8519999980926514
random_search,42,31,64000,-1.8519999980926514,-1.8519999980926514
random_search,42,32,66000,-1.8519999980926514,-1.8519999980926514
random_search,42,33,68000,-1.8519999980926514,-1.8519999980926514
random_search,42,34,70000,-1.8519999980926514,-1.8519999980926514
random_search,42,35,72000,-1.8519999980926514,-1.8519999980926514
random_search,42,36,74000,-1.8519999980926514,-1.8519999980926514
random_search,42,37,76000,-1.8519999980926514,-1.8519999980926514
random_search,42,38,78000,-1.8519999980926514,-1.8519999980926514
random_search,42,39,80000,-1.8519999980926514,-1.8519999980926514
random_search,42,40,82000,-1.8519999980926514,-1.8519999980926514
random_search,42,41,84000,-1.8519999980926514,-1.8519999980926514
random_search,42,42,86000,-1.8519999980926514,-1.8519999980926514
random_search,42,43,88000,-1.8519999980926514,-1.8519999980926514
random_search,42,44,90000,-1.8519999980926514,-1.8519999980926514
random_search,42,45,92000,-1.8519999980926514,-1.8519999980926514
random_search,42,46,94000,-1.8519999980926514,-1.8519999980926514
random_search,42,47,96000,-1.8519999980926514,-1.8519999980926514
random_search,42,48,98000,-1.8519999980926514,-1.8519999980926514
random_search,42,49,100000,-1.8519999980926514,-1.8519999980926514
random_search,42,50,102000,-1.8519999980926514,-1.8519999980926514
random_search,42,51,104000,-1.8519999980926514,-1.8519999980926514
random_search,42,52,106000,-1.8519999980926514,-1.8519999980926514
random_search,42,53,108000,-1.8519999980926514,-1.8519999980926514
random_search,42,54,110000,-1.8519999980926514,-1.8519999980926514
random_search,42,55,112000,-1.8519999980926514,-1.8519999980926514
random_search,42,56,114000,-1.8519999980926514,-1.8519999980926514
random_search,42,57,116000,-1.8519999980926514,-1.8519999980926514
random_search,42,58,118000,-1.8519999980926514,-1.8519999980926514
random_search,42,59,120000,-1.8519999980926514,-1.8519999980926514
random_search,42,60,122000,-1.8519999980926514,-1.8519999980926514
random_search,42,61,124000,-1.8519999980926514,-1.8519999980926514
random_search,42,62,126000,-1.8519999980926514,-1.8519999980926514
random_search,42,63,128000,-1.8519999980926514,-1.8519999980926514
random_search,42,64,130000,-1.8519999980926514,-1.8519999980926514
random_search,42,65,132000,-1.8519999980926514,-1.8519999980926514
random_search,42,66,134000,-1.8519999980926514,-1.8519999980926514
random_search,42,67,136000,-1.8519999980926514,-1.8519999980926514
random_search,42,68,138000,-1.8519999980926514,-1.8519999980926514
random_search,42,69,140000,-1.8519999980926514,-1.8519999980926514
random_search,42,70,142000,-1.8519999980926514,-1.8519999980926514
random_search,42,71,144000,-1.8519999980926514,-1.8519999980926514
random_search,42,72,146000,-1.8519999980926514,-1.8519999980926514
random_search,42,73,148000,-1.8519999980926514,-1.8519999980926514
random_search,42,74,150000,-1.8519999980926514,-1.8519999980926514
random_search,42,75,152000,-1.8519999980926514,-1.8519999980926514
random_search,42,76,154000,-1.8519999980926514,-1.8519999980926514
random_search,42,77,156000,-1.8519999980926514,-1.8519999980926514
random_search,42,78,158000,-1.8519999980926514,-1.8519999980926514
random_search,42,79,160000,-1.8519999980926514,-1.8519999980926514
random_search,42,80,162000,-1.8519999980926514,-1.8519999980926514
random_search,42,81,164000,-1.8519999980926514,-1.8519999980926514
random_search,42,82,166000,-1.8519999980926514,-1.8519999980926514
random_search,42,83,168000,-1.8519999980926514,-1.8519999980926514
random_search,42,84,170000,-1.8519999980926514,-1.8519999980926514
random_search,42,85,172000,-1.8519999980926514,-1.8519999980926514
random_search,42,86,174000,-1.8519999980926514,-1.8519999980926514
random_search,42,87,176000,-1.8519999980926514,-1.8519999980926514
random_search,42,88,178000,-1.8519999980926514,-1.8519999980926514
random_search,42,89,180000,-1.8519999980926514,-1.8519999980926514
random_search,42,90,182000,-1.8519999980926514,-1.8519999980926514
random_search,42,91,184000,-1.8519999980926514,-1.8519999980926514
random_search,42,92,186000,-1.8519999980926514,-1.8519999980926514
random_search,42,93,188000,-1.8519999980926514,-1.8519999980926514
random_search,42,94,190000,-1.8519999980926514,-1.8519999980926514
random_search,42,95,192000,-1.8519999980926514,-1.8519999980926514
random_search,42,96,194000,-1.8519999980926514,-1.8519999980926514
random_search,42,97,196000,-1.8519999980926514,-1.8519999980926514
random_search,42,98,198000,-1.8519999980926514,-1.8519999980926514
random_search,42,99,200000,-1.8519999980926514,-1.8519999980926514
random_search,43,0,2000,-7.801000118255615,-7.801000118255615
random_search,43,1,4000,-4.901000022888184,-4.901000022888184
random_search,43,2,6000,-4.901000022888184,-4.901000022888184
random_search,43,3,8000,-4.901000022888184,-4.901000022888184
random_search,43,4,10000,-4.901000022888184,-4.901000022888184
random_search,43,5,12000,-4.901000022888184,-4.901000022888184
random_search,43,6,14000,-4.901000022888184,-4.901000022888184
random_search,43,7,16000,-4.901000022888184,-4.901000022888184
random_search,43,8,18000,-4.901000022888184,-4.901000022888184
random_search,43,9,20000,-4.901000022888184,-4.901000022888184
random_search,43,10,22000,-4.901000022888184,-4.901000022888184
random_search,43,11,24000,-4.901000022888184,-4.901000022888184
random_search,43,12,26000,-4.901000022888184,-4.901000022888184
random_search,43,13,28000,-4.1519999504089355,-4.1519999504089355
random_search,43,14,30000,-4.1519999504089355,-4.1519999504089355
random_search,43,15,32000,-4.1519999504089355,-4.1519999504089355
random_search,43,16,34000,-4.1519999504089355,-4.1519999504089355
random_search,43,17,36000,-4.1519999504089355,-4.1519999504089355
random_search,43,18,38000,-4.1519999504089355,-4.1519999504089355
random_search,43,19,40000,-4.1519999504089355,-4.1519999504089355
random_search,43,20,42000,-3.9040000438690186,-3.9040000438690186
random_search,43,21,44000,-3.9040000438690186,-3.9040000438690186
random_search,43,22,46000,-3.9040000438690186,-3.9040000438690186
random_search,43,23,48000,-3.9040000438690186,-3.9040000438690186
random_search,43,24,50000,-3.9040000438690186,-3.9040000438690186
random_search,43,25,52000,-3.9040000438690186,-3.9040000438690186
random_search,43,26,54000,-3.9040000438690186,-3.9040000438690186
random_search,43,27,56000,-3.9040000438690186,-3.9040000438690186
random_search,43,28,58000,-3.9040000438690186,-3.9040000438690186
random_search,43,29,60000,-3.9040000438690186,-3.9040000438690186
random_search,43,30,62000,-3.9040000438690186,-3.9040000438690186
random_search,43,31,64000,-3.9040000438690186,-3.9040000438690186
random_search,43,32,66000,-3.9040000438690186,-3.9040000438690186
random_search,43,33,68000,-3.9040000438690186,-3.9040000438690186
random_search,43,34,70000,-3.9040000438690186,-3.9040000438690186
random_search,43,35,72000,-3.9040000438690186,-3.9040000438690186
random_search,43,36,74000,-3.9040000438690186,-3.9040000438690186
random_search,43,37,76000,-3.052000045776367,-3.052000045776367
random_search,43,38,78000,-3.052000045776367,-3.052000045776367
random_search,43,39,80000,-3.052000045776367,-3.052000045776367
random_search,43,40,82000,-3.052000045776367,-3.052000045776367
random_search,43,41,84000,-3.052000045776367,-3.052000045776367
random_search,43,42,86000,-3.052000045776367,-3.052000045776367
random_search,43,43,88000,-3.052000045776367,-3.052000045776367
random_search,43,44,90000,-3.052000045776367,-3.052000045776367
random_search,43,45,92000,-3.052000045776367,-3.052000045776367
random_search,43,46,94000,-3.052000045776367,-3.052000045776367
random_search,43,47,96000,-3.052000045776367,-3.052000045776367
random_search,43,48,98000,-3.052000045776367,-3.052000045776367
random_search,43,49,100000,-3.052000045776367,-3.052000045776367
random_search,43,50,102000,-3.052000045776367,-3.052000045776367
random_search,43,51,104000,-3.052000045776367,-3.052000045776367
random_search,43,52,106000,-3.052000045776367,-3.052000045776367
random_search,43,53,108000,-3.052000045776367,-3.052000045776367
random_search,43,54,110000,-3.052000045776367,-3.052000045776367
random_search,43,55,112000,-3.052000045776367,-3.052000045776367
random_search,43,56,114000,-3.052000045776367,-3.052000045776367
random_search,43,57,116000,-3.052000045776367,-3.052000045776367
random_search,43,58,118000,-3.052000045776367,-3.052000045776367
random_search,43,59,120000,-3.052000045776367,-3.052000045776367
random_search,43,60,122000,-3.052000045776367,-3.052000045776367
random_search,43,61,124000,-3.052000045776367,-3.052000045776367
random_search,43,62,126000,-3.052000045776367,-3.052000045776367
random_search,43,63,128000,-2.2049999237060547,-2.2049999237060547
random_search,43,64,130000,-2.2049999237060547,-2.2049999237060547
random_search,43,65,132000,-2.2049999237060547,-2.2049999237060547
random_search,43,66,134000,-2.2049999237060547,-2.2049999237060547
random_search,43,67,136000,-2.2049999237060547,-2.2049999237060547
random_search,43,68,138000,-2.2049999237060547,-2.2049999237060547
random_search,43,69,140000,-2.2049999237060547,-2.2049999237060547
random_search,43,70,142000,-2.2049999237060547,-2.2049999237060547
random_search,43,71,144000,-2.2049999237060547,-2.2049999237060547
random_search,43,72,146000,-2.2049999237060547,-2.2049999237060547
random_search,43,73,148000,-2.2049999237060547,-2.2049999237060547
random_search,43,74,150000,-2.2049999237060547,-2.2049999237060547
random_search,43,75,152000,-2.2049999237060547,-2.2049999237060547
random_search,43,76,154000,-2.2049999237060547,-2.2049999237060547
random_search,43,77,156000,-2.2049999237060547,-2.2049999237060547
random_search,43,78,158000,-2.2049999237060547,-2.2049999237060547
random_search,43,79,160000,-2.2049999237060547,-2.2049999237060547
random_search,43,80,162000,-2.2049999237060547,-2.2049999237060547
random_search,43,81,164000,-2.2049999237060547,-2.2049999237060547
random_search,43,82,166000,-2.2049999237060547,-2.2049999237060547
random_search,43,83,168000,-2.2049999237060547,-2.2049999237060547
random_search,43,84,170000,-2.2049999237060547,-2.2049999237060547
random_search,43,85,172000,-2.2049999237060547,-2.2049999237060547
random_search,43,86,174000,-2.2049999237060547,-2.2049999237060547
random_search,43,87,176000,-2.2049999237060547,-2.2049999237060547
random_search,43,88,178000,-2.2049999237060547,-2.2049999237060547
random_search,43,89,180000,-2.2049999237060547,-2.2049999237060547
random_search,43,90,182000,-2.2049999237060547,-2.2049999237060547
random_search,43,91,184000,-2.2049999237060547,-2.2049999237060547
random_search,43,92,186000,-2.2049999237060547,-2.2049999237060547
random_search,43,93,188000,-2.2049999237060547,-2.2049999237060547
random_search,43,94,190000,-2.2049999237060547,-2.2049999237060547
random_search,43,95,192000,-2.2049999237060547,-2.2049999237060547
random_search,43,96,194000,-2.2049999237060547,-2.2049999237060547
random_search,43,97,196000,-2.2049999237060547,-2.2049999237060547
random_search,43,98,198000,-2.2019999027252197,-2.2019999027252197
random_search,43,99,200000,-2.2019999027252197,-2.2019999027252197
random_search,44,0,2000,-10.00100040435791,-10.00100040435791
random_search,44,1,4000,-5.6020002365112305,-5.6020002365112305
random_search,44,2,6000,-5.6020002365112305,-5.6020002365112305
random_search,44,3,8000,-5.355000019073486,-5.355000019073486
random_search,44,4,10000,-5.355000019073486,-5.355000019073486
random_search,44,5,12000,-5.355000019073486,-5.355000019073486
random_search,44,6,14000,-5.355000019073486,-5.355000019073486
random_search,44,7,16000,-5.355000019073486,-5.355000019073486
random_search,44,8,18000,-5.103000164031982,-5.103000164031982
random_search,44,9,20000,-5.103000164031982,-5.103000164031982
random_search,44,10,22000,-4.802000045776367,-4.802000045776367
random_search,44,11,24000,-4.802000045776367,-4.802000045776367
random_search,44,12,26000,-4.802000045776367,-4.802000045776367
random_search,44,13,28000,-2.7019999027252197,-2.7019999027252197
random_search,44,14,30000,-2.7019999027252197,-2.7019999027252197
random_search,44,15,32000,-2.7019999027252197,-2.7019999027252197
random_search,44,16,34000,-2.7019999027252197,-2.7019999027252197
random_search,44,17,36000,-2.7019999027252197,-2.7019999027252197
random_search,44,18,38000,-2.7019999027252197,-2.7019999027252197
random_search,44,19,40000,-2.7019999027252197,-2.7019999027252197
random_search,44,20,42000,-2.7019999027252197,-2.7019999027252197
random_search,44,21,44000,-2.7019999027252197,-2.7019999027252197
random_search,44,22,46000,-2.7019999027252197,-2.7019999027252197
random_search,44,23,48000,-2.7019999027252197,-2.7019999027252197
random_search,44,24,50000,-2.7019999027252197,-2.7019999027252197
random_search,44,25,52000,-2.7019999027252197,-2.7019999027252197
random_search,44,26,54000,-2.7019999027252197,-2.7019999027252197
random_search,44,27,56000,-2.7019999027252197,-2.7019999027252197
random_search,44,28,58000,-2.7019999027252197,-2.7019999027252197
random_search,44,29,60000,-2.7019999027252197,-2.7019999027252197
random_search,44,30,62000,-2.7019999027252197,-2.7019999027252197
random_search,44,31,64000,-2.7019999027252197,-2.7019999027252197
random_search,44,32,66000,-2.7019999027252197,-2.7019999027252197
random_search,44,33,68000,-2.7019999027252197,-2.7019999027252197
random_search,44,34,70000,-2.7019999027252197,-2.7019999027252197
random_search,44,35,72000,-2.7019999027252197,-2.7019999027252197
random_search,44,36,74000,-2.7019999027252197,-2.7019999027252197
random_search,44,37,76000,-2.7019999027252197,-2.7019999027252197
random_search,44,38,78000,-2.7019999027252197,-2.7019999027252197
random_search,44,39,80000,-2.7019999027252197,-2.7019999027252197
random_search,44,40,82000,-2.7019999027252197,-2.7019999027252197
random_search,44,41,84000,-2.7019999027252197,-2.7019999027252197
random_search,44,42,86000,-2.7019999027252197,-2.7019999027252197
random_search,44,43,88000,-2.7019999027252197,-2.7019999027252197
random_search,44,44,90000,-2.7019999027252197,-2.7019999027252197
random_search,44,45,92000,-2.7019999027252197,-2.7019999027252197
random_search,44,46,94000,-2.7019999027252197,-2.7019999027252197
random_search,44,47,96000,-2.7019999027252197,-2.7019999027252197
random_search,44,48,98000,-2.7019999027252197,-2.7019999027252197
random_search,44,49,100000,-2.7019999027252197,-2.7019999027252197
random_search,44,50,102000,-2.7019999027252197,-2.7019999027252197
random_search,44,51,104000,-2.7019999027252197,-2.7019999027252197
random_search,44,52,106000,-2.7019999027252197,-2.7019999027252197
random_search,44,53,108000,-2.7019999027252197,-2.7019999027252197
random_search,44,54,110000,-2.7019999027252197,-2.7019999027252197
random_search,44,55,112000,-2.7019999027252197,-2.7019999027252197
random_search,44,56,114000,-2.7019999027252197,-2.7019999027252197
random_search,44,57,116000,-2.7019999027252197,-2.7019999027252197
random_search,44,58,118000,-2.7019999027252197,-2.7019999027252197
random_search,44,59,120000,-2.7019999027252197,-2.7019999027252197
random_search,44,60,122000,-2.7019999027252197,-2.7019999027252197
random_search,44,61,124000,-2.7019999027252197,-2.7019999027252197
random_search,44,62,126000,-2.7019999027252197,-2.7019999027252197
random_search,44,63,128000,-2.7019999027252197,-2.7019999027252197
random_search,44,64,130000,-2.7019999027252197,-2.7019999027252197
random_search,44,65,132000,-2.7019999027252197,-2.7019999027252197
random_search,44,66,134000,-2.7019999027252197,-2.7019999027252197
random_search,44,67,136000,-2.7019999027252197,-2.7019999027252197
random_search,44,68,138000,-2.7019999027252197,-2.7019999027252197
random_search,44,69,140000,-2.7019999027252197,-2.7019999027252197
random_search,44,70,142000,-2.7019999027252197,-2.7019999027252197
random_search,44,71,144000,-2.7019999027252197,-2.7019999027252197
random_search,44,72,146000,-2.7019999027252197,-2.7019999027252197
random_search,44,73,148000,-2.7019999027252197,-2.7019999027252197
random_search,44,74,150000,-2.7019999027252197,-2.7019999027252197
random_search,44,75,152000,-2.7019999027252197,-2.7019999027252197
random_search,44,76,154000,-2.7019999027252197,-2.7019999027252197
random_search,44,77,156000,-2.7019999027252197,-2.7019999027252197
random_search,44,78,158000,-2.7019999027252197,-2.7019999027252197
random_search,44,79,160000,-2.7019999027252197,-2.7019999027252197
random_search,44,80,162000,-2.7019999027252197,-2.7019999027252197
random_search,44,81,164000,-2.7019999027252197,-2.7019999027252197
random_search,44,82,166000,-2.7019999027252197,-2.7019999027252197
random_search,44,83,168000,-2.7019999027252197,-2.7019999027252197
random_search,44,84,170000,-2.7019999027252197,-2.7019999027252197
random_search,44,85,172000,-2.7019999027252197,-2.7019999027252197
random_search,44,86,174000,-2.7019999027252197,-2.7019999027252197
random_search,44,87,176000,-2.7019999027252197,-2.7019999027252197
random_search,44,88,178000,-2.7019999027252197,-2.7019999027252197
random_search,44,89,180000,-2.7019999027252197,-2.7019999027252197
random_search,44,90,182000,-2.7019999027252197,-2.7019999027252197
random_search,44,91,184000,-2.7019999027252197,-2.7019999027252197
random_search,44,92,186000,-2.6010000705718994,-2.6010000705718994
random_search,44,93,188000,-2.6010000705718994,-2.6010000705718994
random_search,44,94,190000,-2.6010000705718994,-2.6010000705718994
random_search,44,95,192000,-2.6010000705718994,-2.6010000705718994
random_search,44,96,194000,-2.6010000705718994,-2.6010000705718994
random_search,44,97,196000,-2.6010000705718994,-2.6010000705718994
random_search,44,98,198000,-2.6010000705718994,-2.6010000705718994
random_search,44,99,200000,-2.6010000705718994,-2.6010000705718994
random_search,45,0,2000,-5.603000164031982,-5.603000164031982
random_search,45,1,4000,-5.603000164031982,-5.603000164031982
random_search,45,2,6000,-5.002999782562256,-5.002999782562256
random_search,45,3,8000,-5.002999782562256,-5.002999782562256
random_search,45,4,10000,-5.002999782562256,-5.002999782562256
random_search,45,5,12000,-5.002999782562256,-5.002999782562256
random_search,45,6,14000,-5.002999782562256,-5.002999782562256
random_search,45,7,16000,-5.002999782562256,-5.002999782562256
random_search,45,8,18000,-5.002999782562256,-5.002999782562256
random_search,45,9,20000,-3.2039999961853027,-3.2039999961853027
random_search,45,10,22000,-3.2039999961853027,-3.2039999961853027
random_search,45,11,24000,-3.2039999961853027,-3.2039999961853027
random_search,45,12,26000,-3.2039999961853027,-3.2039999961853027
random_search,45,13,28000,-3.2039999961853027,-3.2039999961853027
random_search,45,14,30000,-3.2039999961853027,-3.2039999961853027
random_search,45,15,32000,-3.2039999961853027,-3.2039999961853027
random_search,45,16,34000,-3.2039999961853027,-3.2039999961853027
random_search,45,17,36000,-3.2039999961853027,-3.2039999961853027
random_search,45,18,38000,-3.2039999961853027,-3.2039999961853027
random_search,45,19,40000,-3.2039999961853027,-3.2039999961853027
random_search,45,20,42000,-3.2039999961853027,-3.2039999961853027
random_search,45,21,44000,-3.2039999961853027,-3.2039999961853027
random_search,45,22,46000,-3.2039999961853027,-3.2039999961853027
random_search,45,23,48000,-3.2039999961853027,-3.2039999961853027
random_search,45,24,50000,-3.2039999961853027,-3.2039999961853027
random_search,45,25,52000,-3.2039999961853027,-3.2039999961853027
random_search,45,26,54000,-2.8540000915527344,-2.8540000915527344
random_search,45,27,56000,-2.8540000915527344,-2.8540000915527344
random_search,45,28,58000,-2.8540000915527344,-2.8540000915527344
random_search,45,29,60000,-2.8540000915527344,-2.8540000915527344
random_search,45,30,62000,-2.8540000915527344,-2.8540000915527344
random_search,45,31,64000,-2.8540000915527344,-2.8540000915527344
random_search,45,32,66000,-2.8540000915527344,-2.8540000915527344
random_search,45,33,68000,-2.8540000915527344,-2.8540000915527344
random_search,45,34,70000,-2.8540000915527344,-2.8540000915527344
random_search,45,35,72000,-2.8540000915527344,-2.8540000915527344
random_search,45,36,74000,-2.8540000915527344,-2.8540000915527344
random_search,45,37,76000,-2.8540000915527344,-2.8540000915527344
random_search,45,38,78000,-2.8540000915527344,-2.8540000915527344
random_search,45,39,80000,-2.8540000915527344,-2.8540000915527344
random_search,45,40,82000,-2.8540000915527344,-2.8540000915527344
random_search,45,41,84000,-2.8540000915527344,-2.8540000915527344
random_search,45,42,86000,-2.8540000915527344,-2.8540000915527344
random_search,45,43,88000,-2.8540000915527344,-2.8540000915527344
random_search,45,44,90000,-2.8540000915527344,-2.8540000915527344
random_search,45,45,92000,-2.8540000915527344,-2.8540000915527344
random_search,45,46,94000,-2.8540000915527344,-2.8540000915527344
random_search,45,47,96000,-2.8540000915527344,-2.8540000915527344
random_search,45,48,98000,-2.8540000915527344,-2.8540000915527344
random_search,45,49,100000,-2.8540000915527344,-2.8540000915527344
random_search,45,50,102000,-2.8540000915527344,-2.8540000915527344
random_search,45,51,104000,-2.8540000915527344,-2.8540000915527344
random_search,45,52,106000,-2.8540000915527344,-2.8540000915527344
random_search,45,53,108000,-2.8540000915527344,-2.8540000915527344
random_search,45,54,110000,-2.8540000915527344,-2.8540000915527344
random_search,45,55,112000,-2.8540000915527344,-2.8540000915527344
random_search,45,56,114000,-2.8540000915527344,-2.8540000915527344
random_search,45,57,116000,-2.8540000915527344,-2.8540000915527344
random_search,45,58,118000,-2.8540000915527344,-2.8540000915527344
random_search,45,59,120000,-2.8540000915527344,-2.8540000915527344
random_search,45,60,122000,-2.8540000915527344,-2.8540000915527344
random_search,45,61,124000,-2.8540000915527344,-2.8540000915527344
random_search,45,62,126000,-2.8540000915527344,-2.8540000915527344
random_search,45,63,128000,-2.8540000915527344,-2.8540000915527344
random_search,45,64,130000,-2.8540000915527344,-2.8540000915527344
random_search,45,65,132000,-2.8540000915527344,-2.8540000915527344
random_search,45,66,134000,-2.8540000915527344,-2.8540000915527344
random_search,45,67,136000,-2.8540000915527344,-2.8540000915527344
random_search,45,68,138000,-2.8540000915527344,-2.8540000915527344
random_search,45,69,140000,-2.8540000915527344,-2.8540000915527344
random_search,45,70,142000,-2.8540000915527344,-2.8540000915527344
random_search,45,71,144000,-2.8540000915527344,-2.8540000915527344
random_search,45,72,146000,-2.8540000915527344,-2.8540000915527344
random_search,45,73,148000,-2.8540000915527344,-2.8540000915527344
random_search,45,74,150000,-2.8540000915527344,-2.8540000915527344
random_search,45,75,152000,-2.8540000915527344,-2.8540000915527344
random_search,45,76,154000,-2.8540000915527344,-2.8540000915527344
random_search,45,77,156000,-2.8540000915527344,-2.8540000915527344
random_search,45,78,158000,-2.8540000915527344,-2.8540000915527344
random_search,45,79,160000,-2.8540000915527344,-2.8540000915527344
random_search,45,80,162000,-2.8540000915527344,-2.8540000915527344
random_search,45,81,164000,-2.8540000915527344,-2.8540000915527344
random_search,45,82,166000,-2.8540000915527344,-2.8540000915527344
random_search,45,83,168000,-2.8540000915527344,-2.8540000915527344
random_search,45,84,170000,-2.8540000915527344,-2.8540000915527344
random_search,45,85,172000,-2.8540000915527344,-2.8540000915527344
random_search,45,86,174000,-2.8540000915527344,-2.8540000915527344
random_search,45,87,176000,-2.8540000915527344,-2.8540000915527344
random_search,45,88,178000,-2.8540000915527344,-2.8540000915527344
random_search,45,89,180000,-2.8540000915527344,-2.8540000915527344
random_search,45,90,182000,-2.8540000915527344,-2.8540000915527344
random_search,45,91,184000,-2.8540000915527344,-2.8540000915527344
random_search,45,92,186000,-2.8540000915527344,-2.8540000915527344
random_search,45,93,188000,-2.8540000915527344,-2.8540000915527344
random_search,45,94,190000,-2.8540000915527344,-2.8540000915527344
random_search,45,95,192000,-2.8540000915527344,-2.8540000915527344
random_search,45,96,194000,-2.8540000915527344,-2.8540000915527344
random_search,45,97,196000,-2.8540000915527344,-2.8540000915527344
random_search,45,98,198000,-2.8540000915527344,-2.8540000915527344
random_search,45,99,200000,-2.8540000915527344,-2.8540000915527344
random_search,46,0,2000,-5.002999782562256,-5.002999782562256
random_search,46,1,4000,-5.002999782562256,-5.002999782562256
random_search,46,2,6000,-5.002999782562256,-5.002999782562256
random_search,46,3,8000,-3.000999927520752,-3.000999927520752
random_search,46,4,10000,-3.000999927520752,-3.000999927520752
random_search,46,5,12000,-3.000999927520752,-3.000999927520752
random_search,46,6,14000,-3.000999927520752,-3.000999927520752
random_search,46,7,16000,-3.000999927520752,-3.000999927520752
random_search,46,8,18000,-3.000999927520752,-3.000999927520752
random_search,46,9,20000,-3.000999927520752,-3.000999927520752
random_search,46,10,22000,-3.000999927520752,-3.000999927520752
random_search,46,11,24000,-3.000999927520752,-3.000999927520752
random_search,46,12,26000,-3.000999927520752,-3.000999927520752
random_search,46,13,28000,-3.000999927520752,-3.000999927520752
random_search,46,14,30000,-3.000999927520752,-3.000999927520752
random_search,46,15,32000,-3.000999927520752,-3.000999927520752
random_search,46,16,34000,-3.000999927520752,-3.000999927520752
random_search,46,17,36000,-3.000999927520752,-3.000999927520752
random_search,46,18,38000,-3.000999927520752,-3.000999927520752
random_search,46,19,40000,-3.000999927520752,-3.000999927520752
random_search,46,20,42000,-3.000999927520752,-3.000999927520752
random_search,46,21,44000,-3.000999927520752,-3.000999927520752
random_search,46,22,46000,-3.000999927520752,-3.000999927520752
random_search,46,23,48000,-3.000999927520752,-3.000999927520752
random_search,46,24,50000,-3.000999927520752,-3.000999927520752
random_search,46,25,52000,-3.000999927520752,-3.000999927520752
random_search,46,26,54000,-3.000999927520752,-3.000999927520752
random_search,46,27,56000,-3.000999927520752,-3.000999927520752
random_search,46,28,58000,-3.000999927520752,-3.000999927520752
random_search,46,29,60000,-3.000999927520752,-3.000999927520752
random_search,46,30,62000,-3.000999927520752,-3.000999927520752
random_search,46,31,64000,-3.000999927520752,-3.000999927520752
random_search,46,32,66000,-3.000999927520752,-3.000999927520752
random_search,46,33,68000,-3.000999927520752,-3.000999927520752
random_search,46,34,70000,-3.000999927520752,-3.000999927520752
random_search,46,35,72000,-3.000999927520752,-3.000999927520752
random_search,46,36,74000,-3.000999927520752,-3.000999927520752
random_search,46,37,76000,-3.000999927520752,-3.000999927520752
random_search,46,38,78000,-3.000999927520752,-3.000999927520752
random_search,46,39,80000,-3.000999927520752,-3.000999927520752
random_search,46,40,82000,-3.000999927520752,-3.000999927520752
random_search,46,41,84000,-3.000999927520752,-3.000999927520752
random_search,46,42,86000,-3.000999927520752,-3.000999927520752
random_search,46,43,88000,-3.000999927520752,-3.000999927520752
random_search,46,44,90000,-3.000999927520752,-3.000999927520752
random_search,46,45,92000,-3.000999927520752,-3.000999927520752
random_search,46,46,94000,-3.000999927520752,-3.000999927520752
random_search,46,47,96000,-3.000999927520752,-3.000999927520752
random_search,46,48,98000,-3.000999927520752,-3.000999927520752
random_search,46,49,100000,-3.000999927520752,-3.000999927520752
random_search,46,50,102000,-3.000999927520752,-3.000999927520752
random_search,46,51,104000,-3.000999927520752,-3.000999927520752
random_search,46,52,106000,-3.000999927520752,-3.000999927520752
random_search,46,53,108000,-3.000999927520752,-3.000999927520752
random_search,46,54,110000,-3.000999927520752,-3.000999927520752
random_search,46,55,112000,-3.000999927520752,-3.000999927520752
random_search,46,56,114000,-3.000999927520752,-3.000999927520752
random_search,46,57,116000,-3.000999927520752,-3.000999927520752
random_search,46,58,118000,-3.000999927520752,-3.000999927520752
random_search,46,59,120000,-3.000999927520752,-3.000999927520752
random_search,46,60,122000,-3.000999927520752,-3.000999927520752
random_search,46,61,124000,-3.000999927520752,-3.000999927520752
random_search,46,62,126000,-3.000999927520752,-3.000999927520752
random_search,46,63,128000,-3.000999927520752,-3.000999927520752
random_search,46,64,130000,-3.000999927520752,-3.000999927520752
random_search,46,65,132000,-3.000999927520752,-3.000999927520752
random_search,46,66,134000,-3.000999927520752,-3.000999927520752
random_search,46,67,136000,-3.000999927520752,-3.000999927520752
random_search,46,68,138000,-3.000999927520752,-3.000999927520752
random_search,46,69,140000,-3.000999927520752,-3.000999927520752
random_search,46,70,142000,-3.000999927520752,-3.000999927520752
random_search,46,71,144000,-3.000999927520752,-3.000999927520752
random_search,46,72,146000,-2.3510000705718994,-2.3510000705718994
random_search,46,73,148000,-2.3510000705718994,-2.3510000705718994
random_search,46,74,150000,-2.3510000705718994,-2.3510000705718994
random_search,46,75,152000,-2.3510000705718994,-2.3510000705718994
random_search,46,76,154000,-2.3510000705718994,-2.3510000705718994
random_search,46,77,156000,-2.3510000705718994,-2.3510000705718994
random_search,46,78,158000,-2.3510000705718994,-2.3510000705718994
random_search,46,79,160000,-2.3510000705718994,-2.3510000705718994
random_search,46,80,162000,-2.3510000705718994,-2.3510000705718994
random_search,46,81,164000,-2.3510000705718994,-2.3510000705718994
random_search,46,82,166000,-2.3510000705718994,-2.3510000705718994
random_search,46,83,168000,-2.3510000705718994,-2.3510000705718994
random_search,46,84,170000,-2.3510000705718994,-2.3510000705718994
random_search,46,85,172000,-2.3510000705718994,-2.3510000705718994
random_search,46,86,174000,-2.3510000705718994,-2.3510000705718994
random_search,46,87,176000,-2.3510000705718994,-2.3510000705718994
random_search,46,88,178000,-2.3510000705718994,-2.3510000705718994
random_search,46,89,180000,-2.3510000705718994,-2.3510000705718994
random_search,46,90,182000,-2.3510000705718994,-2.3510000705718994
random_search,46,91,184000,-2.3510000705718994,-2.3510000705718994
random_search,46,92,186000,-2.3510000705718994,-2.3510000705718994
random_search,46,93,188000,-2.3510000705718994,-2.3510000705718994
random_search,46,94,190000,-2.3510000705718994,-2.3510000705718994
random_search,46,95,192000,-2.3510000705718994,-2.3510000705718994
random_search,46,96,194000,-2.3510000705718994,-2.3510000705718994
random_search,46,97,196000,-2.3510000705718994,-2.3510000705718994
random_search,46,98,198000,-2.3510000705718994,-2.3510000705718994
random_search,46,99,200000,-2.3510000705718994,-2.3510000705718994
random_search,47,0,2000,-5.302000045776367,-5.302000045776367
random_search,47,1,4000,-5.302000045776367,-5.302000045776367
random_search,47,2,6000,-5.302000045776367,-5.302000045776367
random_search,47,3,8000,-5.302000045776367,-5.302000045776367
random_search,47,4,10000,-5.302000045776367,-5.302000045776367
random_search,47,5,12000,-5.302000045776367,-5.302000045776367
random_search,47,6,14000,-5.302000045776367,-5.302000045776367
random_search,47,7,16000,-5.302000045776367,-5.302000045776367
random_search,47,8,18000,-5.302000045776367,-5.302000045776367
random_search,47,9,20000,-5.302000045776367,-5.302000045776367
random_search,47,10,22000,-5.302000045776367,-5.302000045776367
random_search,47,11,24000,-5.302000045776367,-5.302000045776367
random_search,47,12,26000,-5.302000045776367,-5.302000045776367
random_search,47,13,28000,-5.302000045776367,-5.302000045776367
random_search,47,14,30000,-5.302000045776367,-5.302000045776367
random_search,47,15,32000,-5.302000045776367,-5.302000045776367
random_search,47,16,34000,-5.302000045776367,-5.302000045776367
random_search,47,17,36000,-5.302000045776367,-5.302000045776367
random_search,47,18,38000,-5.302000045776367,-5.302000045776367
random_search,47,19,40000,-5.302000045776367,-5.302000045776367
random_search,47,20,42000,-5.302000045776367,-5.302000045776367
random_search,47,21,44000,-5.302000045776367,-5.302000045776367
random_search,47,22,46000,-4.802999973297119,-4.802999973297119
random_search,47,23,48000,-4.802999973297119,-4.802999973297119
random_search,47,24,50000,-4.802999973297119,-4.802999973297119
random_search,47,25,52000,-4.802999973297119,-4.802999973297119
random_search,47,26,54000,-4.802999973297119,-4.802999973297119
random_search,47,27,56000,-4.802999973297119,-4.802999973297119
random_search,47,28,58000,-4.802999973297119,-4.802999973297119
random_search,47,29,60000,-4.802999973297119,-4.802999973297119
random_search,47,30,62000,-4.15500020980835,-4.15500020980835
random_search,47,31,64000,-4.15500020980835,-4.15500020980835
random_search,47,32,66000,-4.15500020980835,-4.15500020980835
random_search,47,33,68000,-4.15500020980835,-4.15500020980835
random_search,47,34,70000,-4.15500020980835,-4.15500020980835
random_search,47,35,72000,-4.15500020980835,-4.15500020980835
random_search,47,36,74000,-4.15500020980835,-4.15500020980835
random_search,47,37,76000,-4.15500020980835,-4.15500020980835
random_search,47,38,78000,-4.15500020980835,-4.15500020980835
random_search,47,39,80000,-4.15500020980835,-4.15500020980835
random_search,47,40,82000,-4.104000091552734,-4.104000091552734
random_search,47,41,84000,-4.104000091552734,-4.104000091552734
random_search,47,42,86000,-4.104000091552734,-4.104000091552734
random_search,47,43,88000,-4.104000091552734,-4.104000091552734
random_search,47,44,90000,-4.104000091552734,-4.104000091552734
random_search,47,45,92000,-4.104000091552734,-4.104000091552734
random_search,47,46,94000,-4.104000091552734,-4.104000091552734
random_search,47,47,96000,-4.104000091552734,-4.104000091552734
random_search,47,48,98000,-4.104000091552734,-4.104000091552734
random_search,47,49,100000,-4.104000091552734,-4.104000091552734
random_search,47,50,102000,-4.104000091552734,-4.104000091552734
random_search,47,51,104000,-4.104000091552734,-4.104000091552734
random_search,47,52,106000,-4.104000091552734,-4.104000091552734
random_search,47,53,108000,-4.104000091552734,-4.104000091552734
random_search,47,54,110000,-1.6510000228881836,-1.6510000228881836
random_search,47,55,112000,-1.6510000228881836,-1.6510000228881836
random_search,47,56,114000,-1.6510000228881836,-1.6510000228881836
random_search,47,57,116000,-1.6510000228881836,-1.6510000228881836
random_search,47,58,118000,-1.6510000228881836,-1.6510000228881836
random_search,47,59,120000,-1.6510000228881836,-1.6510000228881836
random_search,47,60,122000,-1.6510000228881836,-1.6510000228881836
random_search,47,61,124000,-1.6510000228881836,-1.6510000228881836
random_search,47,62,126000,-1.6510000228881836,-1.6510000228881836
random_search,47,63,128000,-1.6510000228881836,-1.6510000228881836
random_search,47,64,130000,-1.6510000228881836,-1.6510000228881836
random_search,47,65,132000,-1.6510000228881836,-1.6510000228881836
random_search,47,66,134000,-1.6510000228881836,-1.6510000228881836
random_search,47,67,136000,-1.6510000228881836,-1.6510000228881836
random_search,47,68,138000,-1.6510000228881836,-1.6510000228881836
random_search,47,69,140000,-1.6510000228881836,-1.6510000228881836
random_search,47,70,142000,-1.6510000228881836,-1.6510000228881836
random_search,47,71,144000,-1.6510000228881836,-1.6510000228881836
random_search,47,72,146000,-1.6510000228881836,-1.6510000228881836
random_search,47,73,148000,-1.6510000228881836,-1.6510000228881836
random_search,47,74,150000,-1.6510000228881836,-1.6510000228881836
random_search,47,75,152000,-1.6510000228881836,-1.6510000228881836
random_search,47,76,154000,-1.6510000228881836,-1.6510000228881836
random_search,47,77,156000,-1.6510000228881836,-1.6510000228881836
random_search,47,78,158000,-1.6510000228881836,-1.6510000228881836
random_search,47,79,160000,-1.6510000228881836,-1.6510000228881836
random_search,47,80,162000,-1.6510000228881836,-1.6510000228881836
random_search,47,81,164000,-1.6510000228881836,-1.6510000228881836
random_search,47,82,166000,-1.6510000228881836,-1.6510000228881836
random_search,47,83,168000,-1.6510000228881836,-1.6510000228881836
random_search,47,84,170000,-1.6510000228881836,-1.6510000228881836
random_search,47,85,172000,-1.6510000228881836,-1.6510000228881836
random_search,47,86,174000,-1.6510000228881836,-1.6510000228881836
random_search,47,87,176000,-1.6510000228881836,-1.6510000228881836
random_search,47,88,178000,-1.6510000228881836,-1.6510000228881836
random_search,47,89,180000,-1.6510000228881836,-1.6510000228881836
random_search,47,90,182000,-1.6510000228881836,-1.6510000228881836
random_search,47,91,184000,-1.6510000228881836,-1.6510000228881836
random_search,47,92,186000,-1.6510000228881836,-1.6510000228881836
random_search,47,93,188000,-1.6510000228881836,-1.6510000228881836
random_search,47,94,190000,-1.6510000228881836,-1.6510000228881836
random_search,47,95,192000,-1.6510000228881836,-1.6510000228881836
random_search,47,96,194000,-1.6510000228881836,-1.6510000228881836
random_search,47,97,196000,-1.6510000228881836,-1.6510000228881836
random_search,47,98,198000,-1.6510000228881836,-1.6510000228881836
random_search,47,99,200000,-1.6510000228881836,-1.6510000228881836
random_search,48,0,2000,-7.751999855041504,-7.751999855041504
random_search,48,1,4000,-3.3559999465942383,-3.3559999465942383
random_search,48,2,6000,-3.3559999465942383,-3.3559999465942383
random_search,48,3,8000,-3.3559999465942383,-3.3559999465942383
random_search,48,4,10000,-3.3559999465942383,-3.3559999465942383
random_search,48,5,12000,-3.3559999465942383,-3.3559999465942383
random_search,48,6,14000,-3.3559999465942383,-3.3559999465942383
random_search,48,7,16000,-3.3559999465942383,-3.3559999465942383
random_search,48,8,18000,-3.3559999465942383,-3.3559999465942383
random_search,48,9,20000,-3.3559999465942383,-3.3559999465942383
random_search,48,10,22000,-3.3559999465942383,-3.3559999465942383
random_search,48,11,24000,-3.3559999465942383,-3.3559999465942383
random_search,48,12,26000,-3.3559999465942383,-3.3559999465942383
random_search,48,13,28000,-3.3559999465942383,-3.3559999465942383
random_search,48,14,30000,-3.3559999465942383,-3.3559999465942383
random_search,48,15,32000,-3.3559999465942383,-3.3559999465942383
random_search,48,16,34000,-3.3559999465942383,-3.3559999465942383
random_search,48,17,36000,-3.3559999465942383,-3.3559999465942383
random_search,48,18,38000,-3.3559999465942383,-3.3559999465942383
random_search,48,19,40000,-3.3559999465942383,-3.3559999465942383
random_search,48,20,42000,-3.3559999465942383,-3.3559999465942383
random_search,48,21,44000,-3.3559999465942383,-3.3559999465942383
random_search,48,22,46000,-3.3559999465942383,-3.3559999465942383
random_search,48,23,48000,-3.3559999465942383,-3.3559999465942383
random_search,48,24,50000,-3.3559999465942383,-3.3559999465942383
random_search,48,25,52000,-3.3559999465942383,-3.3559999465942383
random_search,48,26,54000,-3.3559999465942383,-3.3559999465942383
random_search,48,27,56000,-3.3559999465942383,-3.3559999465942383
random_search,48,28,58000,-3.3559999465942383,-3.3559999465942383
random_search,48,29,60000,-3.3559999465942383,-3.3559999465942383
random_search,48,30,62000,-3.3559999465942383,-3.3559999465942383
random_search,48,31,64000,-3.3559999465942383,-3.3559999465942383
random_search,48,32,66000,-3.3559999465942383,-3.3559999465942383
random_search,48,33,68000,-3.3559999465942383,-3.3559999465942383
random_search,48,34,70000,-3.3559999465942383,-3.3559999465942383
random_search,48,35,72000,-3.3559999465942383,-3.3559999465942383
random_search,48,36,74000,-3.3559999465942383,-3.3559999465942383
random_search,48,37,76000,-3.3559999465942383,-3.3559999465942383
random_search,48,38,78000,-3.3559999465942383,-3.3559999465942383
random_search,48,39,80000,-3.3559999465942383,-3.3559999465942383
random_search,48,40,82000,-3.3559999465942383,-3.3559999465942383
random_search,48,41,84000,-3.3559999465942383,-3.3559999465942383
random_search,48,42,86000,-3.3559999465942383,-3.3559999465942383
random_search,48,43,88000,-3.3559999465942383,-3.3559999465942383
random_search,48,44,90000,-3.3559999465942383,-3.3559999465942383
random_search,48,45,92000,-3.3559999465942383,-3.3559999465942383
random_search,48,46,94000,-3.3559999465942383,-3.3559999465942383
random_search,48,47,96000,-3.3559999465942383,-3.3559999465942383
random_search,48,48,98000,-3.3559999465942383,-3.3559999465942383
random_search,48,49,100000,-3.3559999465942383,-3.3559999465942383
random_search,48,50,102000,-3.3559999465942383,-3.3559999465942383
random_search,48,51,104000,-3.3559999465942383,-3.3559999465942383
random_search,48,52,106000,-3.3559999465942383,-3.3559999465942383
random_search,48,53,108000,-3.3559999465942383,-3.3559999465942383
random_search,48,54,110000,-3.3559999465942383,-3.3559999465942383
random_search,48,55,112000,-3.3559999465942383,-3.3559999465942383
random_search,48,56,114000,-3.3559999465942383,-3.3559999465942383
random_search,48,57,116000,-3.3559999465942383,-3.3559999465942383
random_search,48,58,118000,-3.3559999465942383,-3.3559999465942383
random_search,48,59,120000,-3.3559999465942383,-3.3559999465942383
random_search,48,60,122000,-2.4519999027252197,-2.4519999027252197
random_search,48,61,124000,-2.4519999027252197,-2.4519999027252197
random_search,48,62,126000,-2.4519999027252197,-2.4519999027252197
random_search,48,63,128000,-2.4519999027252197,-2.4519999027252197
random_search,48,64,130000,-2.4519999027252197,-2.4519999027252197
random_search,48,65,132000,-2.4519999027252197,-2.4519999027252197
random_search,48,66,134000,-2.4519999027252197,-2.4519999027252197
random_search,48,67,136000,-2.4519999027252197,-2.4519999027252197
random_search,48,68,138000,-2.4519999027252197,-2.4519999027252197
random_search,48,69,140000,-2.4519999027252197,-2.4519999027252197
random_search,48,70,142000,-2.4519999027252197,-2.4519999027252197
random_search,48,71,144000,-2.4519999027252197,-2.4519999027252197
random_search,48,72,146000,-2.4519999027252197,-2.4519999027252197
random_search,48,73,148000,-2.4519999027252197,-2.4519999027252197
random_search,48,74,150000,-2.4519999027252197,-2.4519999027252197
random_search,48,75,152000,-2.4519999027252197,-2.4519999027252197
random_search,48,76,154000,-2.4519999027252197,-2.4519999027252197
random_search,48,77,156000,-2.4519999027252197,-2.4519999027252197
random_search,48,78,158000,-2.4519999027252197,-2.4519999027252197
random_search,48,79,160000,-2.4519999027252197,-2.4519999027252197
random_search,48,80,162000,-2.4519999027252197,-2.4519999027252197
random_search,48,81,164000,-2.4519999027252197,-2.4519999027252197
random_search,48,82,166000,-2.4519999027252197,-2.4519999027252197
random_search,48,83,168000,-2.4519999027252197,-2.4519999027252197
random_search,48,84,170000,-2.4519999027252197,-2.4519999027252197
random_search,48,85,172000,-2.4519999027252197,-2.4519999027252197
random_search,48,86,174000,-2.4519999027252197,-2.4519999027252197
random_search,48,87,176000,-2.4519999027252197,-2.4519999027252197
random_search,48,88,178000,-2.4519999027252197,-2.4519999027252197
random_search,48,89,180000,-2.4519999027252197,-2.4519999027252197
random_search,48,90,182000,-2.4519999027252197,-2.4519999027252197
random_search,48,91,184000,-2.4519999027252197,-2.4519999027252197
random_search,48,92,186000,-2.4519999027252197,-2.4519999027252197
random_search,48,93,188000,-2.4519999027252197,-2.4519999027252197
random_search,48,94,190000,-2.4519999027252197,-2.4519999027252197
random_search,48,95,192000,-2.4519999027252197,-2.4519999027252197
random_search,48,96,194000,-2.4519999027252197,-2.4519999027252197
random_search,48,97,196000,-2.4519999027252197,-2.4519999027252197
random_search,48,98,198000,-2.4519999027252197,-2.4519999027252197
random_search,48,99,200000,-2.4519999027252197,-2.4519999027252197
random_search,49,0,2000,-5.704999923706055,-5.704999923706055
random_search,49,1,4000,-5.704999923706055,-5.704999923706055
random_search,49,2,6000,-5.704999923706055,-5.704999923706055
random_search,49,3,8000,-5.704999923706055,-5.704999923706055
random_search,49,4,10000,-5.552000045776367,-5.552000045776367
random_search,49,5,12000,-4.755000114440918,-4.755000114440918
random_search,49,6,14000,-4.755000114440918,-4.755000114440918
random_search,49,7,16000,-4.755000114440918,-4.755000114440918
random_search,49,8,18000,-3.2019999027252197,-3.2019999027252197
random_search,49,9,20000,-3.2019999027252197,-3.2019999027252197
random_search,49,10,22000,-3.2019999027252197,-3.2019999027252197
random_search,49,11,24000,-3.2019999027252197,-3.2019999027252197
random_search,49,12,26000,-3.2019999027252197,-3.2019999027252197
random_search,49,13,28000,-3.2019999027252197,-3.2019999027252197
random_search,49,14,30000,-3.2019999027252197,-3.2019999027252197
random_search,49,15,32000,-3.2019999027252197,-3.2019999027252197
random_search,49,16,34000,-3.2019999027252197,-3.2019999027252197
random_search,49,17,36000,-3.2019999027252197,-3.2019999027252197
random_search,49,18,38000,-3.2019999027252197,-3.2019999027252197
random_search,49,19,40000,-3.2019999027252197,-3.2019999027252197
random_search,49,20,42000,-3.2019999027252197,-3.2019999027252197
random_search,49,21,44000,-3.2019999027252197,-3.2019999027252197
random_search,49,22,46000,-3.2019999027252197,-3.2019999027252197
random_search,49,23,48000,-3.2019999027252197,-3.2019999027252197
random_search,49,24,50000,-3.2019999027252197,-3.2019999027252197
random_search,49,25,52000,-3.2019999027252197,-3.2019999027252197
random_search,49,26,54000,-3.2019999027252197,-3.2019999027252197
random_search,49,27,56000,-3.2019999027252197,-3.2019999027252197
random_search,49,28,58000,-3.2019999027252197,-3.2019999027252197
random_search,49,29,60000,-3.2019999027252197,-3.2019999027252197
random_search,49,30,62000,-3.2019999027252197,-3.2019999027252197
random_search,49,31,64000,-3.2019999027252197,-3.2019999027252197
random_search,49,32,66000,-3.2019999027252197,-3.2019999027252197
random_search,49,33,68000,-3.2019999027252197,-3.2019999027252197
random_search,49,34,70000,-3.2019999027252197,-3.2019999027252197
random_search,49,35,72000,-3.2019999027252197,-3.2019999027252197
random_search,49,36,74000,-3.2019999027252197,-3.2019999027252197
random_search,49,37,76000,-3.2019999027252197,-3.2019999027252197
random_search,49,38,78000,-3.2019999027252197,-3.2019999027252197
random_search,49,39,80000,-3.2019999027252197,-3.2019999027252197
random_search,49,40,82000,-3.2019999027252197,-3.2019999027252197
random_search,49,41,84000,-3.2019999027252197,-3.2019999027252197
random_search,49,42,86000,-3.2019999027252197,-3.2019999027252197
random_search,49,43,88000,-3.2019999027252197,-3.2019999027252197
random_search,49,44,90000,-3.2019999027252197,-3.2019999027252197
random_search,49,45,92000,-3.2019999027252197,-3.2019999027252197
random_search,49,46,94000,-3.2019999027252197,-3.2019999027252197
random_search,49,47,96000,-3.2019999027252197,-3.2019999027252197
random_search,49,48,98000,-3.2019999027252197,-3.2019999027252197
random_search,49,49,100000,-3.2019999027252197,-3.2019999027252197
random_search,49,50,102000,-3.2019999027252197,-3.2019999027252197
random_search,49,51,104000,-3.2019999027252197,-3.2019999027252197
random_search,49,52,106000,-3.2019999027252197,-3.2019999027252197
random_search,49,53,108000,-3.2019999027252197,-3.2019999027252197
random_search,49,54,110000,-3.2019999027252197,-3.2019999027252197
random_search,49,55,112000,-3.2019999027252197,-3.2019999027252197
random_search,49,56,114000,-3.2019999027252197,-3.2019999027252197
random_search,49,57,116000,-3.2019999027252197,-3.2019999027252197
random_search,49,58,118000,-3.2019999027252197,-3.2019999027252197
random_search,49,59,120000,-3.2019999027252197,-3.2019999027252197
random_search,49,60,122000,-3.2019999027252197,-3.2019999027252197
random_search,49,61,124000,-3.2019999027252197,-3.2019999027252197
random_search,49,62,126000,-3.2019999027252197,-3.2019999027252197
random_search,49,63,128000,-3.2019999027252197,-3.2019999027252197
random_search,49,64,130000,-3.2019999027252197,-3.2019999027252197
random_search,49,65,132000,-3.2019999027252197,-3.2019999027252197
random_search,49,66,134000,-3.2019999027252197,-3.2019999027252197
random_search,49,67,136000,-2.9030001163482666,-2.9030001163482666
random_search,49,68,138000,-2.9030001163482666,-2.9030001163482666
random_search,49,69,140000,-2.9030001163482666,-2.9030001163482666
random_search,49,70,142000,-2.9030001163482666,-2.9030001163482666
random_search,49,71,144000,-2.9030001163482666,-2.9030001163482666
random_search,49,72,146000,-2.9030001163482666,-2.9030001163482666
random_search,49,73,148000,-2.9030001163482666,-2.9030001163482666
random_search,49,74,150000,-2.9030001163482666,-2.9030001163482666
random_search,49,75,152000,-2.9030001163482666,-2.9030001163482666
random_search,49,76,154000,-2.9030001163482666,-2.9030001163482666
random_search,49,77,156000,-2.9030001163482666,-2.9030001163482666
random_search,49,78,158000,-2.9030001163482666,-2.9030001163482666
random_search,49,79,160000,-2.9030001163482666,-2.9030001163482666
random_search,49,80,162000,-2.9030001163482666,-2.9030001163482666
random_search,49,81,164000,-2.9030001163482666,-2.9030001163482666
random_search,49,82,166000,-2.9030001163482666,-2.9030001163482666
random_search,49,83,168000,-2.9030001163482666,-2.9030001163482666
random_search,49,84,170000,-2.9030001163482666,-2.9030001163482666
random_search,49,85,172000,-2.9030001163482666,-2.9030001163482666
random_search,49,86,174000,-2.9030001163482666,-2.9030001163482666
random_search,49,87,176000,-2.9030001163482666,-2.9030001163482666
random_search,49,88,178000,-2.9030001163482666,-2.9030001163482666
random_search,49,89,180000,-2.9030001163482666,-2.9030001163482666
random_search,49,90,182000,-2.9030001163482666,-2.9030001163482666
random_search,49,91,184000,-2.9030001163482666,-2.9030001163482666
random_search,49,92,186000,-2.9030001163482666,-2.9030001163482666
random_search,49,93,188000,-2.9030001163482666,-2.9030001163482666
random_search,49,94,190000,-2.9030001163482666,-2.9030001163482666
random_search,49,95,192000,-2.9030001163482666,-2.9030001163482666
random_search,49,96,194000,-2.9030001163482666,-2.9030001163482666
random_search,49,97,196000,-2.9030001163482666,-2.9030001163482666
random_search,49,98,198000,-2.9030001163482666,-2.9030001163482666
random_search,49,99,200000,-2.9030001163482666,-2.9030001163482666
